method,anchor_class,target_class,sequence_id,time_index,difference_norm
methodB,polite,polite,1,0,0.23428966104984283
methodB,polite,polite,1,1,0.0985349714756012
methodB,polite,polite,1,2,0.1958962082862854
methodB,polite,polite,1,3,0.2644590735435486
methodB,polite,polite,1,4,0.31860795617103577
methodB,polite,polite,1,5,0.3452562093734741
methodB,polite,polite,1,6,0.35810691118240356
methodB,polite,polite,1,7,0.3924507200717926
methodB,polite,polite,1,8,0.401559054851532
methodB,polite,polite,1,9,0.3993847668170929
methodB,polite,polite,1,10,0.4045255780220032
methodB,polite,polite,1,11,0.39318910241127014
methodB,polite,polite,1,12,0.4529680907726288
methodB,polite,polite,1,13,0.46977299451828003
methodB,polite,polite,1,14,0.43033909797668457
methodB,polite,polite,1,15,0.4164440929889679
methodB,polite,polite,1,16,0.4009459614753723
methodB,polite,polite,1,17,0.43073636293411255
methodB,polite,polite,1,18,0.433522492647171
methodB,polite,polite,1,19,0.43547606468200684
methodB,truesmile,polite,1,0,0.21420010924339294
methodB,truesmile,polite,1,1,0.19607795774936676
methodB,truesmile,polite,1,2,0.39824268221855164
methodB,truesmile,polite,1,3,0.39964166283607483
methodB,truesmile,polite,1,4,0.44800013303756714
methodB,truesmile,polite,1,5,0.4690132737159729
methodB,truesmile,polite,1,6,0.4826236069202423
methodB,truesmile,polite,1,7,0.49339184165000916
methodB,truesmile,polite,1,8,0.528913676738739
methodB,truesmile,polite,1,9,0.45860764384269714
methodB,truesmile,polite,1,10,0.46540263295173645
methodB,truesmile,polite,1,11,0.505628228187561
methodB,truesmile,polite,1,12,0.5615321397781372
methodB,truesmile,polite,1,13,0.6018393635749817
methodB,truesmile,polite,1,14,0.6619058847427368
methodB,truesmile,polite,1,15,0.6678727269172668
methodB,truesmile,polite,1,16,0.6533394455909729
methodB,truesmile,polite,1,17,0.6099911332130432
methodB,truesmile,polite,1,18,0.6428297758102417
methodB,truesmile,polite,1,19,0.6363402605056763
methodB,ambiguous,polite,1,0,0.21926645934581757
methodB,ambiguous,polite,1,1,0.1019616350531578
methodB,ambiguous,polite,1,2,0.1873309314250946
methodB,ambiguous,polite,1,3,0.26052743196487427
methodB,ambiguous,polite,1,4,0.2936485707759857
methodB,ambiguous,polite,1,5,0.3021712899208069
methodB,ambiguous,polite,1,6,0.30792444944381714
methodB,ambiguous,polite,1,7,0.4513736665248871
methodB,ambiguous,polite,1,8,0.500305712223053
methodB,ambiguous,polite,1,9,0.43751245737075806
methodB,ambiguous,polite,1,10,0.42544546723365784
methodB,ambiguous,polite,1,11,0.40676459670066833
methodB,ambiguous,polite,1,12,0.3986617624759674
methodB,ambiguous,polite,1,13,0.4289376437664032
methodB,ambiguous,polite,1,14,0.416069358587265
methodB,ambiguous,polite,1,15,0.4144688546657562
methodB,ambiguous,polite,1,16,0.4512169361114502
methodB,ambiguous,polite,1,17,0.4317406713962555
methodB,ambiguous,polite,1,18,0.45445966720581055
methodB,ambiguous,polite,1,19,0.47376319766044617
methodB,polite,polite,10,0,0.116801917552948
methodB,polite,polite,10,1,0.084437794983387
methodB,polite,polite,10,2,0.31365084648132324
methodB,polite,polite,10,3,0.46518388390541077
methodB,polite,polite,10,4,0.5012423992156982
methodB,polite,polite,10,5,0.6368020176887512
methodB,polite,polite,10,6,0.6417307257652283
methodB,polite,polite,10,7,0.6033639311790466
methodB,polite,polite,10,8,0.5877089500427246
methodB,polite,polite,10,9,0.6108866930007935
methodB,polite,polite,10,10,0.5702527761459351
methodB,polite,polite,10,11,0.5870682001113892
methodB,polite,polite,10,12,0.6104142665863037
methodB,polite,polite,10,13,0.6175208687782288
methodB,polite,polite,10,14,0.5940611958503723
methodB,polite,polite,10,15,0.5664294958114624
methodB,polite,polite,10,16,0.5599919557571411
methodB,polite,polite,10,17,0.5460577011108398
methodB,polite,polite,10,18,0.5770247578620911
methodB,polite,polite,10,19,0.5924994945526123
methodB,truesmile,polite,10,0,0.15674908459186554
methodB,truesmile,polite,10,1,0.17442068457603455
methodB,truesmile,polite,10,2,0.4322606325149536
methodB,truesmile,polite,10,3,0.5127562284469604
methodB,truesmile,polite,10,4,0.6173490881919861
methodB,truesmile,polite,10,5,0.6526597142219543
methodB,truesmile,polite,10,6,0.6665219068527222
methodB,truesmile,polite,10,7,0.6470091342926025
methodB,truesmile,polite,10,8,0.6342061758041382
methodB,truesmile,polite,10,9,0.62412428855896
methodB,truesmile,polite,10,10,0.5814875960350037
methodB,truesmile,polite,10,11,0.6134138703346252
methodB,truesmile,polite,10,12,0.6893309354782104
methodB,truesmile,polite,10,13,0.7558827996253967
methodB,truesmile,polite,10,14,0.7997174859046936
methodB,truesmile,polite,10,15,0.7690041065216064
methodB,truesmile,polite,10,16,0.7411367893218994
methodB,truesmile,polite,10,17,0.7306576371192932
methodB,truesmile,polite,10,18,0.7340469360351562
methodB,truesmile,polite,10,19,0.7477874755859375
methodB,ambiguous,polite,10,0,0.10577674210071564
methodB,ambiguous,polite,10,1,0.08224738389253616
methodB,ambiguous,polite,10,2,0.31538644433021545
methodB,ambiguous,polite,10,3,0.4641495943069458
methodB,ambiguous,polite,10,4,0.4936181902885437
methodB,ambiguous,polite,10,5,0.62391597032547
methodB,ambiguous,polite,10,6,0.6056942939758301
methodB,ambiguous,polite,10,7,0.609025239944458
methodB,ambiguous,polite,10,8,0.5772262811660767
methodB,ambiguous,polite,10,9,0.640580415725708
methodB,ambiguous,polite,10,10,0.6315935850143433
methodB,ambiguous,polite,10,11,0.6860588192939758
methodB,ambiguous,polite,10,12,0.6168864965438843
methodB,ambiguous,polite,10,13,0.6282625794410706
methodB,ambiguous,polite,10,14,0.5985892415046692
methodB,ambiguous,polite,10,15,0.5655196309089661
methodB,ambiguous,polite,10,16,0.5732606649398804
methodB,ambiguous,polite,10,17,0.5646209716796875
methodB,ambiguous,polite,10,18,0.6023978590965271
methodB,ambiguous,polite,10,19,0.6193913817405701
methodB,polite,polite,11,0,0.09611904621124268
methodB,polite,polite,11,1,0.059275612235069275
methodB,polite,polite,11,2,0.18152710795402527
methodB,polite,polite,11,3,0.20720292627811432
methodB,polite,polite,11,4,0.3084782660007477
methodB,polite,polite,11,5,0.33815571665763855
methodB,polite,polite,11,6,0.4155065715312958
methodB,polite,polite,11,7,0.5110092759132385
methodB,polite,polite,11,8,0.4836069345474243
methodB,polite,polite,11,9,0.46663522720336914
methodB,polite,polite,11,10,0.4414273798465729
methodB,polite,polite,11,11,0.41501384973526
methodB,polite,polite,11,12,0.49619510769844055
methodB,polite,polite,11,13,0.46805477142333984
methodB,polite,polite,11,14,0.5071399211883545
methodB,polite,polite,11,15,0.5252725481987
methodB,polite,polite,11,16,0.543438732624054
methodB,polite,polite,11,17,0.512172281742096
methodB,polite,polite,11,18,0.4958958923816681
methodB,polite,polite,11,19,0.45473918318748474
methodB,truesmile,polite,11,0,0.1316387951374054
methodB,truesmile,polite,11,1,0.15923091769218445
methodB,truesmile,polite,11,2,0.38295337557792664
methodB,truesmile,polite,11,3,0.3815767467021942
methodB,truesmile,polite,11,4,0.5251425504684448
methodB,truesmile,polite,11,5,0.5195716619491577
methodB,truesmile,polite,11,6,0.56035977602005
methodB,truesmile,polite,11,7,0.6226369738578796
methodB,truesmile,polite,11,8,0.644079327583313
methodB,truesmile,polite,11,9,0.5745561718940735
methodB,truesmile,polite,11,10,0.5651410818099976
methodB,truesmile,polite,11,11,0.5187599658966064
methodB,truesmile,polite,11,12,0.5732417702674866
methodB,truesmile,polite,11,13,0.5805336236953735
methodB,truesmile,polite,11,14,0.6670459508895874
methodB,truesmile,polite,11,15,0.6581066250801086
methodB,truesmile,polite,11,16,0.635082483291626
methodB,truesmile,polite,11,17,0.6460233926773071
methodB,truesmile,polite,11,18,0.7310213446617126
methodB,truesmile,polite,11,19,0.6945739984512329
methodB,ambiguous,polite,11,0,0.08378063887357712
methodB,ambiguous,polite,11,1,0.05905577167868614
methodB,ambiguous,polite,11,2,0.17900770902633667
methodB,ambiguous,polite,11,3,0.19826090335845947
methodB,ambiguous,polite,11,4,0.2591065764427185
methodB,ambiguous,polite,11,5,0.31525442004203796
methodB,ambiguous,polite,11,6,0.3805614113807678
methodB,ambiguous,polite,11,7,0.5895793437957764
methodB,ambiguous,polite,11,8,0.5715267658233643
methodB,ambiguous,polite,11,9,0.525011420249939
methodB,ambiguous,polite,11,10,0.43965432047843933
methodB,ambiguous,polite,11,11,0.4015350937843323
methodB,ambiguous,polite,11,12,0.44359564781188965
methodB,ambiguous,polite,11,13,0.4360118508338928
methodB,ambiguous,polite,11,14,0.46540388464927673
methodB,ambiguous,polite,11,15,0.4589981436729431
methodB,ambiguous,polite,11,16,0.5157055258750916
methodB,ambiguous,polite,11,17,0.46721914410591125
methodB,ambiguous,polite,11,18,0.4236477017402649
methodB,ambiguous,polite,11,19,0.40826448798179626
methodB,polite,polite,13,0,0.0
methodB,polite,polite,13,1,0.0
methodB,polite,polite,13,2,0.0
methodB,polite,polite,13,3,0.0
methodB,polite,polite,13,4,0.0
methodB,polite,polite,13,5,0.0
methodB,polite,polite,13,6,0.0
methodB,polite,polite,13,7,0.0
methodB,polite,polite,13,8,0.0
methodB,polite,polite,13,9,0.0
methodB,polite,polite,13,10,0.0
methodB,polite,polite,13,11,0.0
methodB,polite,polite,13,12,0.0
methodB,polite,polite,13,13,0.0
methodB,polite,polite,13,14,0.0
methodB,polite,polite,13,15,0.0
methodB,polite,polite,13,16,0.0
methodB,polite,polite,13,17,0.0
methodB,polite,polite,13,18,0.0
methodB,polite,polite,13,19,0.0
methodB,truesmile,polite,13,0,0.15273888409137726
methodB,truesmile,polite,13,1,0.17220266163349152
methodB,truesmile,polite,13,2,0.3523041605949402
methodB,truesmile,polite,13,3,0.34108638763427734
methodB,truesmile,polite,13,4,0.43819981813430786
methodB,truesmile,polite,13,5,0.4605501592159271
methodB,truesmile,polite,13,6,0.5069247484207153
methodB,truesmile,polite,13,7,0.4963275194168091
methodB,truesmile,polite,13,8,0.5145216584205627
methodB,truesmile,polite,13,9,0.46175599098205566
methodB,truesmile,polite,13,10,0.45953211188316345
methodB,truesmile,polite,13,11,0.4424515962600708
methodB,truesmile,polite,13,12,0.5237680673599243
methodB,truesmile,polite,13,13,0.5778651833534241
methodB,truesmile,polite,13,14,0.6603063344955444
methodB,truesmile,polite,13,15,0.6321519613265991
methodB,truesmile,polite,13,16,0.6326245665550232
methodB,truesmile,polite,13,17,0.6149573922157288
methodB,truesmile,polite,13,18,0.6398901343345642
methodB,truesmile,polite,13,19,0.6228260397911072
methodB,ambiguous,polite,13,0,0.09615349024534225
methodB,ambiguous,polite,13,1,0.04294390603899956
methodB,ambiguous,polite,13,2,0.08394782245159149
methodB,ambiguous,polite,13,3,0.15417318046092987
methodB,ambiguous,polite,13,4,0.24713507294654846
methodB,ambiguous,polite,13,5,0.2609310746192932
methodB,ambiguous,polite,13,6,0.2878000736236572
methodB,ambiguous,polite,13,7,0.42221641540527344
methodB,ambiguous,polite,13,8,0.45193758606910706
methodB,ambiguous,polite,13,9,0.3519548773765564
methodB,ambiguous,polite,13,10,0.37517067790031433
methodB,ambiguous,polite,13,11,0.399332195520401
methodB,ambiguous,polite,13,12,0.41017115116119385
methodB,ambiguous,polite,13,13,0.422824501991272
methodB,ambiguous,polite,13,14,0.4425993263721466
methodB,ambiguous,polite,13,15,0.46385279297828674
methodB,ambiguous,polite,13,16,0.5099315047264099
methodB,ambiguous,polite,13,17,0.5107167959213257
methodB,ambiguous,polite,13,18,0.49603399634361267
methodB,ambiguous,polite,13,19,0.494920551776886
methodB,polite,polite,15,0,0.10325851291418076
methodB,polite,polite,15,1,0.08404674381017685
methodB,polite,polite,15,2,0.13425342738628387
methodB,polite,polite,15,3,0.1881732940673828
methodB,polite,polite,15,4,0.25302398204803467
methodB,polite,polite,15,5,0.5231451392173767
methodB,polite,polite,15,6,0.39242023229599
methodB,polite,polite,15,7,0.3678865134716034
methodB,polite,polite,15,8,0.3780773878097534
methodB,polite,polite,15,9,0.40281379222869873
methodB,polite,polite,15,10,0.46826744079589844
methodB,polite,polite,15,11,0.49674826860427856
methodB,polite,polite,15,12,0.6049457788467407
methodB,polite,polite,15,13,0.5837923288345337
methodB,polite,polite,15,14,0.6514123678207397
methodB,polite,polite,15,15,0.6573554873466492
methodB,polite,polite,15,16,0.6831988096237183
methodB,polite,polite,15,17,0.6862549185752869
methodB,polite,polite,15,18,0.6297509670257568
methodB,polite,polite,15,19,0.5593258142471313
methodB,truesmile,polite,15,0,0.12771238386631012
methodB,truesmile,polite,15,1,0.18866001069545746
methodB,truesmile,polite,15,2,0.34505021572113037
methodB,truesmile,polite,15,3,0.33545786142349243
methodB,truesmile,polite,15,4,0.47339504957199097
methodB,truesmile,polite,15,5,0.6631340980529785
methodB,truesmile,polite,15,6,0.5927489995956421
methodB,truesmile,polite,15,7,0.5797987580299377
methodB,truesmile,polite,15,8,0.6206605434417725
methodB,truesmile,polite,15,9,0.5262026786804199
methodB,truesmile,polite,15,10,0.5961524248123169
methodB,truesmile,polite,15,11,0.5872780680656433
methodB,truesmile,polite,15,12,0.6835549473762512
methodB,truesmile,polite,15,13,0.6913248300552368
methodB,truesmile,polite,15,14,0.7584176659584045
methodB,truesmile,polite,15,15,0.8279797434806824
methodB,truesmile,polite,15,16,0.796118438243866
methodB,truesmile,polite,15,17,0.835745096206665
methodB,truesmile,polite,15,18,0.7690556049346924
methodB,truesmile,polite,15,19,0.6920517086982727
methodB,ambiguous,polite,15,0,0.08513516187667847
methodB,ambiguous,polite,15,1,0.08392801135778427
methodB,ambiguous,polite,15,2,0.1348629742860794
methodB,ambiguous,polite,15,3,0.21107082068920135
methodB,ambiguous,polite,15,4,0.2731976807117462
methodB,ambiguous,polite,15,5,0.531001627445221
methodB,ambiguous,polite,15,6,0.4137740433216095
methodB,ambiguous,polite,15,7,0.5195465683937073
methodB,ambiguous,polite,15,8,0.5369957685470581
methodB,ambiguous,polite,15,9,0.4737184941768646
methodB,ambiguous,polite,15,10,0.4981977045536041
methodB,ambiguous,polite,15,11,0.512015163898468
methodB,ambiguous,polite,15,12,0.5636876821517944
methodB,ambiguous,polite,15,13,0.5640607476234436
methodB,ambiguous,polite,15,14,0.6274288892745972
methodB,ambiguous,polite,15,15,0.6545109152793884
methodB,ambiguous,polite,15,16,0.7482852935791016
methodB,ambiguous,polite,15,17,0.786762535572052
methodB,ambiguous,polite,15,18,0.7047879695892334
methodB,ambiguous,polite,15,19,0.5436422824859619
methodB,polite,polite,16,0,0.12274079769849777
methodB,polite,polite,16,1,0.15832969546318054
methodB,polite,polite,16,2,0.25580090284347534
methodB,polite,polite,16,3,0.3976457715034485
methodB,polite,polite,16,4,0.38134458661079407
methodB,polite,polite,16,5,0.4213896095752716
methodB,polite,polite,16,6,0.4588615298271179
methodB,polite,polite,16,7,0.45186847448349
methodB,polite,polite,16,8,0.5212795734405518
methodB,polite,polite,16,9,0.4938018321990967
methodB,polite,polite,16,10,0.568237841129303
methodB,polite,polite,16,11,0.5060691237449646
methodB,polite,polite,16,12,0.550320029258728
methodB,polite,polite,16,13,0.5988112092018127
methodB,polite,polite,16,14,0.6131234169006348
methodB,polite,polite,16,15,0.6000747680664062
methodB,polite,polite,16,16,0.6243622899055481
methodB,polite,polite,16,17,0.6304404735565186
methodB,polite,polite,16,18,0.644124448299408
methodB,polite,polite,16,19,0.6027684211730957
methodB,truesmile,polite,16,0,0.16857565939426422
methodB,truesmile,polite,16,1,0.2157520353794098
methodB,truesmile,polite,16,2,0.39437851309776306
methodB,truesmile,polite,16,3,0.47718584537506104
methodB,truesmile,polite,16,4,0.5535628199577332
methodB,truesmile,polite,16,5,0.5644655823707581
methodB,truesmile,polite,16,6,0.5856530666351318
methodB,truesmile,polite,16,7,0.5940995812416077
methodB,truesmile,polite,16,8,0.6112027168273926
methodB,truesmile,polite,16,9,0.6156851649284363
methodB,truesmile,polite,16,10,0.6479578018188477
methodB,truesmile,polite,16,11,0.6203931570053101
methodB,truesmile,polite,16,12,0.6663203835487366
methodB,truesmile,polite,16,13,0.7796208262443542
methodB,truesmile,polite,16,14,0.8729914426803589
methodB,truesmile,polite,16,15,0.8445998430252075
methodB,truesmile,polite,16,16,0.8529937863349915
methodB,truesmile,polite,16,17,0.8799927234649658
methodB,truesmile,polite,16,18,0.884676992893219
methodB,truesmile,polite,16,19,0.831461489200592
methodB,ambiguous,polite,16,0,0.11446326225996017
methodB,ambiguous,polite,16,1,0.16177888214588165
methodB,ambiguous,polite,16,2,0.25011977553367615
methodB,ambiguous,polite,16,3,0.39584535360336304
methodB,ambiguous,polite,16,4,0.384755402803421
methodB,ambiguous,polite,16,5,0.3885415196418762
methodB,ambiguous,polite,16,6,0.4249865710735321
methodB,ambiguous,polite,16,7,0.5023537874221802
methodB,ambiguous,polite,16,8,0.5631203055381775
methodB,ambiguous,polite,16,9,0.501883864402771
methodB,ambiguous,polite,16,10,0.6001538038253784
methodB,ambiguous,polite,16,11,0.5296307802200317
methodB,ambiguous,polite,16,12,0.5588555335998535
methodB,ambiguous,polite,16,13,0.5739012956619263
methodB,ambiguous,polite,16,14,0.6460373997688293
methodB,ambiguous,polite,16,15,0.5700847506523132
methodB,ambiguous,polite,16,16,0.573563814163208
methodB,ambiguous,polite,16,17,0.6728578805923462
methodB,ambiguous,polite,16,18,0.5990874171257019
methodB,ambiguous,polite,16,19,0.6011655926704407
methodB,polite,polite,18,0,0.13806894421577454
methodB,polite,polite,18,1,0.11264005303382874
methodB,polite,polite,18,2,0.16211989521980286
methodB,polite,polite,18,3,0.18229612708091736
methodB,polite,polite,18,4,0.24371345341205597
methodB,polite,polite,18,5,0.4434834420681
methodB,polite,polite,18,6,0.5337361097335815
methodB,polite,polite,18,7,0.5387399792671204
methodB,polite,polite,18,8,0.5414285659790039
methodB,polite,polite,18,9,0.6049892902374268
methodB,polite,polite,18,10,0.49205049872398376
methodB,polite,polite,18,11,0.5440066456794739
methodB,polite,polite,18,12,0.6670759320259094
methodB,polite,polite,18,13,0.6936028003692627
methodB,polite,polite,18,14,0.8186622262001038
methodB,polite,polite,18,15,0.7620917558670044
methodB,polite,polite,18,16,0.6743212938308716
methodB,polite,polite,18,17,0.7152074575424194
methodB,polite,polite,18,18,0.6235184073448181
methodB,polite,polite,18,19,0.6360108256340027
methodB,truesmile,polite,18,0,0.1673983484506607
methodB,truesmile,polite,18,1,0.20315566658973694
methodB,truesmile,polite,18,2,0.3495948016643524
methodB,truesmile,polite,18,3,0.3315635323524475
methodB,truesmile,polite,18,4,0.4234093129634857
methodB,truesmile,polite,18,5,0.5635579824447632
methodB,truesmile,polite,18,6,0.6581974625587463
methodB,truesmile,polite,18,7,0.6708383560180664
methodB,truesmile,polite,18,8,0.6939859390258789
methodB,truesmile,polite,18,9,0.6811243295669556
methodB,truesmile,polite,18,10,0.6180617213249207
methodB,truesmile,polite,18,11,0.6384846568107605
methodB,truesmile,polite,18,12,0.7405456304550171
methodB,truesmile,polite,18,13,0.7702345252037048
methodB,truesmile,polite,18,14,0.8575025200843811
methodB,truesmile,polite,18,15,0.8477531671524048
methodB,truesmile,polite,18,16,0.8236134648323059
methodB,truesmile,polite,18,17,0.824376106262207
methodB,truesmile,polite,18,18,0.7206852436065674
methodB,truesmile,polite,18,19,0.7839696407318115
methodB,ambiguous,polite,18,0,0.13233397901058197
methodB,ambiguous,polite,18,1,0.12214808166027069
methodB,ambiguous,polite,18,2,0.15240603685379028
methodB,ambiguous,polite,18,3,0.1828940063714981
methodB,ambiguous,polite,18,4,0.22438596189022064
methodB,ambiguous,polite,18,5,0.4112744927406311
methodB,ambiguous,polite,18,6,0.5090322494506836
methodB,ambiguous,polite,18,7,0.6220595836639404
methodB,ambiguous,polite,18,8,0.6339913010597229
methodB,ambiguous,polite,18,9,0.6364948153495789
methodB,ambiguous,polite,18,10,0.5666187405586243
methodB,ambiguous,polite,18,11,0.5563742518424988
methodB,ambiguous,polite,18,12,0.6464590430259705
methodB,ambiguous,polite,18,13,0.6748301982879639
methodB,ambiguous,polite,18,14,0.8163634538650513
methodB,ambiguous,polite,18,15,0.7507576942443848
methodB,ambiguous,polite,18,16,0.6613845229148865
methodB,ambiguous,polite,18,17,0.6772204637527466
methodB,ambiguous,polite,18,18,0.6197729110717773
methodB,ambiguous,polite,18,19,0.6533510684967041
methodB,polite,polite,19,0,0.12070657312870026
methodB,polite,polite,19,1,0.10027427971363068
methodB,polite,polite,19,2,0.27019819617271423
methodB,polite,polite,19,3,0.33169010281562805
methodB,polite,polite,19,4,0.31739431619644165
methodB,polite,polite,19,5,0.4035787880420685
methodB,polite,polite,19,6,0.3962419629096985
methodB,polite,polite,19,7,0.48482856154441833
methodB,polite,polite,19,8,0.4393204152584076
methodB,polite,polite,19,9,0.46423807740211487
methodB,polite,polite,19,10,0.5446481704711914
methodB,polite,polite,19,11,0.6311407685279846
methodB,polite,polite,19,12,0.679385244846344
methodB,polite,polite,19,13,0.7191535234451294
methodB,polite,polite,19,14,0.6458864212036133
methodB,polite,polite,19,15,0.5920780897140503
methodB,polite,polite,19,16,0.6436918377876282
methodB,polite,polite,19,17,0.589779794216156
methodB,polite,polite,19,18,0.4953553378582001
methodB,polite,polite,19,19,0.5880789160728455
methodB,truesmile,polite,19,0,0.1684178113937378
methodB,truesmile,polite,19,1,0.18502891063690186
methodB,truesmile,polite,19,2,0.46634429693222046
methodB,truesmile,polite,19,3,0.44878605008125305
methodB,truesmile,polite,19,4,0.5190441608428955
methodB,truesmile,polite,19,5,0.5115227103233337
methodB,truesmile,polite,19,6,0.48251017928123474
methodB,truesmile,polite,19,7,0.5882837176322937
methodB,truesmile,polite,19,8,0.5629568099975586
methodB,truesmile,polite,19,9,0.5315769910812378
methodB,truesmile,polite,19,10,0.5603449940681458
methodB,truesmile,polite,19,11,0.6498097777366638
methodB,truesmile,polite,19,12,0.6877753138542175
methodB,truesmile,polite,19,13,0.747105598449707
methodB,truesmile,polite,19,14,0.7444345355033875
methodB,truesmile,polite,19,15,0.6804367303848267
methodB,truesmile,polite,19,16,0.7788203954696655
methodB,truesmile,polite,19,17,0.7360552549362183
methodB,truesmile,polite,19,18,0.6742328405380249
methodB,truesmile,polite,19,19,0.7308111190795898
methodB,ambiguous,polite,19,0,0.1205620989203453
methodB,ambiguous,polite,19,1,0.10392183810472488
methodB,ambiguous,polite,19,2,0.2818792164325714
methodB,ambiguous,polite,19,3,0.37903308868408203
methodB,ambiguous,polite,19,4,0.3652743697166443
methodB,ambiguous,polite,19,5,0.36190325021743774
methodB,ambiguous,polite,19,6,0.3395044505596161
methodB,ambiguous,polite,19,7,0.5994561910629272
methodB,ambiguous,polite,19,8,0.5296345353126526
methodB,ambiguous,polite,19,9,0.4884297847747803
methodB,ambiguous,polite,19,10,0.49703875184059143
methodB,ambiguous,polite,19,11,0.606986939907074
methodB,ambiguous,polite,19,12,0.6108593344688416
methodB,ambiguous,polite,19,13,0.7087550759315491
methodB,ambiguous,polite,19,14,0.6084316968917847
methodB,ambiguous,polite,19,15,0.5871495008468628
methodB,ambiguous,polite,19,16,0.6576823592185974
methodB,ambiguous,polite,19,17,0.5943750739097595
methodB,ambiguous,polite,19,18,0.5374929308891296
methodB,ambiguous,polite,19,19,0.6068956255912781
methodB,polite,polite,2,0,0.11525042355060577
methodB,polite,polite,2,1,0.13988733291625977
methodB,polite,polite,2,2,0.24142014980316162
methodB,polite,polite,2,3,0.31531473994255066
methodB,polite,polite,2,4,0.3716675043106079
methodB,polite,polite,2,5,0.4377391040325165
methodB,polite,polite,2,6,0.5470592379570007
methodB,polite,polite,2,7,0.5494879484176636
methodB,polite,polite,2,8,0.5630479454994202
methodB,polite,polite,2,9,0.5785999894142151
methodB,polite,polite,2,10,0.6036372780799866
methodB,polite,polite,2,11,0.5534600615501404
methodB,polite,polite,2,12,0.5047503113746643
methodB,polite,polite,2,13,0.44261717796325684
methodB,polite,polite,2,14,0.4899059236049652
methodB,polite,polite,2,15,0.49847179651260376
methodB,polite,polite,2,16,0.5035681128501892
methodB,polite,polite,2,17,0.4728555977344513
methodB,polite,polite,2,18,0.5007850527763367
methodB,polite,polite,2,19,0.47504982352256775
methodB,truesmile,polite,2,0,0.148885577917099
methodB,truesmile,polite,2,1,0.20565670728683472
methodB,truesmile,polite,2,2,0.3781496286392212
methodB,truesmile,polite,2,3,0.41751453280448914
methodB,truesmile,polite,2,4,0.5070897340774536
methodB,truesmile,polite,2,5,0.5607317686080933
methodB,truesmile,polite,2,6,0.6145941019058228
methodB,truesmile,polite,2,7,0.673879861831665
methodB,truesmile,polite,2,8,0.6748400330543518
methodB,truesmile,polite,2,9,0.6496949791908264
methodB,truesmile,polite,2,10,0.6605581641197205
methodB,truesmile,polite,2,11,0.6059247255325317
methodB,truesmile,polite,2,12,0.6280046105384827
methodB,truesmile,polite,2,13,0.6582791209220886
methodB,truesmile,polite,2,14,0.756137490272522
methodB,truesmile,polite,2,15,0.7258309721946716
methodB,truesmile,polite,2,16,0.6980833411216736
methodB,truesmile,polite,2,17,0.7151157259941101
methodB,truesmile,polite,2,18,0.7683652639389038
methodB,truesmile,polite,2,19,0.7207050323486328
methodB,ambiguous,polite,2,0,0.10574396699666977
methodB,ambiguous,polite,2,1,0.13714304566383362
methodB,ambiguous,polite,2,2,0.2323170155286789
methodB,ambiguous,polite,2,3,0.3114422559738159
methodB,ambiguous,polite,2,4,0.39679861068725586
methodB,ambiguous,polite,2,5,0.41023918986320496
methodB,ambiguous,polite,2,6,0.4833541810512543
methodB,ambiguous,polite,2,7,0.5541790127754211
methodB,ambiguous,polite,2,8,0.5662829875946045
methodB,ambiguous,polite,2,9,0.5439285039901733
methodB,ambiguous,polite,2,10,0.5389903783798218
methodB,ambiguous,polite,2,11,0.5273885726928711
methodB,ambiguous,polite,2,12,0.5018609762191772
methodB,ambiguous,polite,2,13,0.42956238985061646
methodB,ambiguous,polite,2,14,0.42520827054977417
methodB,ambiguous,polite,2,15,0.4252971112728119
methodB,ambiguous,polite,2,16,0.43385642766952515
methodB,ambiguous,polite,2,17,0.47481831908226013
methodB,ambiguous,polite,2,18,0.4799594283103943
methodB,ambiguous,polite,2,19,0.474758118391037
methodB,polite,polite,21,0,0.11285486817359924
methodB,polite,polite,21,1,0.051948949694633484
methodB,polite,polite,21,2,0.14937405288219452
methodB,polite,polite,21,3,0.21264196932315826
methodB,polite,polite,21,4,0.29541149735450745
methodB,polite,polite,21,5,0.4769980311393738
methodB,polite,polite,21,6,0.48923686146736145
methodB,polite,polite,21,7,0.5498666763305664
methodB,polite,polite,21,8,0.5289036631584167
methodB,polite,polite,21,9,0.5038365125656128
methodB,polite,polite,21,10,0.5361495614051819
methodB,polite,polite,21,11,0.49027782678604126
methodB,polite,polite,21,12,0.5137399435043335
methodB,polite,polite,21,13,0.4884868860244751
methodB,polite,polite,21,14,0.5370309352874756
methodB,polite,polite,21,15,0.5128960013389587
methodB,polite,polite,21,16,0.49039143323898315
methodB,polite,polite,21,17,0.513685405254364
methodB,polite,polite,21,18,0.459095299243927
methodB,polite,polite,21,19,0.4603526294231415
methodB,truesmile,polite,21,0,0.1448104977607727
methodB,truesmile,polite,21,1,0.16204597055912018
methodB,truesmile,polite,21,2,0.34797027707099915
methodB,truesmile,polite,21,3,0.3547919690608978
methodB,truesmile,polite,21,4,0.5580307841300964
methodB,truesmile,polite,21,5,0.6815539002418518
methodB,truesmile,polite,21,6,0.7216572165489197
methodB,truesmile,polite,21,7,0.747506856918335
methodB,truesmile,polite,21,8,0.717129111289978
methodB,truesmile,polite,21,9,0.6170008182525635
methodB,truesmile,polite,21,10,0.6289128661155701
methodB,truesmile,polite,21,11,0.5612745881080627
methodB,truesmile,polite,21,12,0.5745788812637329
methodB,truesmile,polite,21,13,0.5872063636779785
methodB,truesmile,polite,21,14,0.7272650599479675
methodB,truesmile,polite,21,15,0.7336912751197815
methodB,truesmile,polite,21,16,0.7053340673446655
methodB,truesmile,polite,21,17,0.739109992980957
methodB,truesmile,polite,21,18,0.7576424479484558
methodB,truesmile,polite,21,19,0.7236394882202148
methodB,ambiguous,polite,21,0,0.09779191762208939
methodB,ambiguous,polite,21,1,0.05226580426096916
methodB,ambiguous,polite,21,2,0.13848979771137238
methodB,ambiguous,polite,21,3,0.2404586374759674
methodB,ambiguous,polite,21,4,0.3505539298057556
methodB,ambiguous,polite,21,5,0.4987601339817047
methodB,ambiguous,polite,21,6,0.5236330628395081
methodB,ambiguous,polite,21,7,0.6679501533508301
methodB,ambiguous,polite,21,8,0.6359021663665771
methodB,ambiguous,polite,21,9,0.5398017764091492
methodB,ambiguous,polite,21,10,0.48560473322868347
methodB,ambiguous,polite,21,11,0.45406392216682434
methodB,ambiguous,polite,21,12,0.4654037654399872
methodB,ambiguous,polite,21,13,0.42784082889556885
methodB,ambiguous,polite,21,14,0.448794960975647
methodB,ambiguous,polite,21,15,0.4295175075531006
methodB,ambiguous,polite,21,16,0.46039825677871704
methodB,ambiguous,polite,21,17,0.45953369140625
methodB,ambiguous,polite,21,18,0.4305654466152191
methodB,ambiguous,polite,21,19,0.4226381480693817
methodB,polite,polite,22,0,0.14974959194660187
methodB,polite,polite,22,1,0.08482969552278519
methodB,polite,polite,22,2,0.1626388430595398
methodB,polite,polite,22,3,0.28675585985183716
methodB,polite,polite,22,4,0.2789696156978607
methodB,polite,polite,22,5,0.35992497205734253
methodB,polite,polite,22,6,0.3205075263977051
methodB,polite,polite,22,7,0.33890625834465027
methodB,polite,polite,22,8,0.3455873131752014
methodB,polite,polite,22,9,0.35115519165992737
methodB,polite,polite,22,10,0.34432312846183777
methodB,polite,polite,22,11,0.3660770356655121
methodB,polite,polite,22,12,0.40748131275177
methodB,polite,polite,22,13,0.4204300343990326
methodB,polite,polite,22,14,0.4572713375091553
methodB,polite,polite,22,15,0.46089401841163635
methodB,polite,polite,22,16,0.5022997856140137
methodB,polite,polite,22,17,0.5729671120643616
methodB,polite,polite,22,18,0.5002242922782898
methodB,polite,polite,22,19,0.5472264289855957
methodB,truesmile,polite,22,0,0.17306576669216156
methodB,truesmile,polite,22,1,0.1811787486076355
methodB,truesmile,polite,22,2,0.33765873312950134
methodB,truesmile,polite,22,3,0.38556522130966187
methodB,truesmile,polite,22,4,0.45327290892601013
methodB,truesmile,polite,22,5,0.48862704634666443
methodB,truesmile,polite,22,6,0.49848008155822754
methodB,truesmile,polite,22,7,0.500048041343689
methodB,truesmile,polite,22,8,0.5073214769363403
methodB,truesmile,polite,22,9,0.4714263677597046
methodB,truesmile,polite,22,10,0.4882643520832062
methodB,truesmile,polite,22,11,0.4646240770816803
methodB,truesmile,polite,22,12,0.514521062374115
methodB,truesmile,polite,22,13,0.5821465253829956
methodB,truesmile,polite,22,14,0.6687984466552734
methodB,truesmile,polite,22,15,0.6773719787597656
methodB,truesmile,polite,22,16,0.7168073654174805
methodB,truesmile,polite,22,17,0.7333223223686218
methodB,truesmile,polite,22,18,0.7284948229789734
methodB,truesmile,polite,22,19,0.6998997926712036
methodB,ambiguous,polite,22,0,0.14699290692806244
methodB,ambiguous,polite,22,1,0.08622399717569351
methodB,ambiguous,polite,22,2,0.14763696491718292
methodB,ambiguous,polite,22,3,0.2977794110774994
methodB,ambiguous,polite,22,4,0.2796643376350403
methodB,ambiguous,polite,22,5,0.3368273973464966
methodB,ambiguous,polite,22,6,0.3205415606498718
methodB,ambiguous,polite,22,7,0.49879616498947144
methodB,ambiguous,polite,22,8,0.5165796279907227
methodB,ambiguous,polite,22,9,0.438533753156662
methodB,ambiguous,polite,22,10,0.43119993805885315
methodB,ambiguous,polite,22,11,0.4207291305065155
methodB,ambiguous,polite,22,12,0.4113209843635559
methodB,ambiguous,polite,22,13,0.41091451048851013
methodB,ambiguous,polite,22,14,0.46142664551734924
methodB,ambiguous,polite,22,15,0.4281640648841858
methodB,ambiguous,polite,22,16,0.4244155287742615
methodB,ambiguous,polite,22,17,0.4641783833503723
methodB,ambiguous,polite,22,18,0.45377635955810547
methodB,ambiguous,polite,22,19,0.4983642101287842
methodB,polite,polite,23,0,0.1938607394695282
methodB,polite,polite,23,1,0.07687055319547653
methodB,polite,polite,23,2,0.19890759885311127
methodB,polite,polite,23,3,0.326734721660614
methodB,polite,polite,23,4,0.39205247163772583
methodB,polite,polite,23,5,0.405717670917511
methodB,polite,polite,23,6,0.4017395079135895
methodB,polite,polite,23,7,0.49907413125038147
methodB,polite,polite,23,8,0.511711597442627
methodB,polite,polite,23,9,0.49477604031562805
methodB,polite,polite,23,10,0.4694726765155792
methodB,polite,polite,23,11,0.49335718154907227
methodB,polite,polite,23,12,0.6006275415420532
methodB,polite,polite,23,13,0.6591029763221741
methodB,polite,polite,23,14,0.5934497117996216
methodB,polite,polite,23,15,0.5768305063247681
methodB,polite,polite,23,16,0.6848871111869812
methodB,polite,polite,23,17,0.6785815954208374
methodB,polite,polite,23,18,0.6262602210044861
methodB,polite,polite,23,19,0.6368305683135986
methodB,truesmile,polite,23,0,0.1938668191432953
methodB,truesmile,polite,23,1,0.16903698444366455
methodB,truesmile,polite,23,2,0.34707286953926086
methodB,truesmile,polite,23,3,0.4478893578052521
methodB,truesmile,polite,23,4,0.5655735731124878
methodB,truesmile,polite,23,5,0.5795203447341919
methodB,truesmile,polite,23,6,0.5553106665611267
methodB,truesmile,polite,23,7,0.6495320796966553
methodB,truesmile,polite,23,8,0.6717464327812195
methodB,truesmile,polite,23,9,0.6116830706596375
methodB,truesmile,polite,23,10,0.5783452391624451
methodB,truesmile,polite,23,11,0.5975074768066406
methodB,truesmile,polite,23,12,0.6915176510810852
methodB,truesmile,polite,23,13,0.7696430087089539
methodB,truesmile,polite,23,14,0.7401300072669983
methodB,truesmile,polite,23,15,0.7708768844604492
methodB,truesmile,polite,23,16,0.882244884967804
methodB,truesmile,polite,23,17,0.8408123254776001
methodB,truesmile,polite,23,18,0.8044524192810059
methodB,truesmile,polite,23,19,0.8109004497528076
methodB,ambiguous,polite,23,0,0.1828908920288086
methodB,ambiguous,polite,23,1,0.07319362461566925
methodB,ambiguous,polite,23,2,0.19738708436489105
methodB,ambiguous,polite,23,3,0.3473574221134186
methodB,ambiguous,polite,23,4,0.39810991287231445
methodB,ambiguous,polite,23,5,0.38942617177963257
methodB,ambiguous,polite,23,6,0.3637491464614868
methodB,ambiguous,polite,23,7,0.5205655097961426
methodB,ambiguous,polite,23,8,0.557576060295105
methodB,ambiguous,polite,23,9,0.48510614037513733
methodB,ambiguous,polite,23,10,0.4057677388191223
methodB,ambiguous,polite,23,11,0.43277764320373535
methodB,ambiguous,polite,23,12,0.5374225378036499
methodB,ambiguous,polite,23,13,0.6156582832336426
methodB,ambiguous,polite,23,14,0.521675705909729
methodB,ambiguous,polite,23,15,0.46487709879875183
methodB,ambiguous,polite,23,16,0.583163857460022
methodB,ambiguous,polite,23,17,0.5577870011329651
methodB,ambiguous,polite,23,18,0.5225000977516174
methodB,ambiguous,polite,23,19,0.5532148480415344
methodB,polite,polite,24,0,0.11575251072645187
methodB,polite,polite,24,1,0.05821792408823967
methodB,polite,polite,24,2,0.09399932622909546
methodB,polite,polite,24,3,0.1855378895998001
methodB,polite,polite,24,4,0.26827967166900635
methodB,polite,polite,24,5,0.3453831970691681
methodB,polite,polite,24,6,0.40498173236846924
methodB,polite,polite,24,7,0.38787588477134705
methodB,polite,polite,24,8,0.37050166726112366
methodB,polite,polite,24,9,0.3894506096839905
methodB,polite,polite,24,10,0.3941211700439453
methodB,polite,polite,24,11,0.49085649847984314
methodB,polite,polite,24,12,0.5083767771720886
methodB,polite,polite,24,13,0.5211097598075867
methodB,polite,polite,24,14,0.5453249216079712
methodB,polite,polite,24,15,0.5569101572036743
methodB,polite,polite,24,16,0.5849329829216003
methodB,polite,polite,24,17,0.5967633128166199
methodB,polite,polite,24,18,0.6625545620918274
methodB,polite,polite,24,19,0.6959341168403625
methodB,truesmile,polite,24,0,0.16981345415115356
methodB,truesmile,polite,24,1,0.16870298981666565
methodB,truesmile,polite,24,2,0.34206852316856384
methodB,truesmile,polite,24,3,0.33530184626579285
methodB,truesmile,polite,24,4,0.43588748574256897
methodB,truesmile,polite,24,5,0.4587474763393402
methodB,truesmile,polite,24,6,0.5061357617378235
methodB,truesmile,polite,24,7,0.4984985589981079
methodB,truesmile,polite,24,8,0.5248624682426453
methodB,truesmile,polite,24,9,0.49294230341911316
methodB,truesmile,polite,24,10,0.5263102650642395
methodB,truesmile,polite,24,11,0.5998209118843079
methodB,truesmile,polite,24,12,0.6509209275245667
methodB,truesmile,polite,24,13,0.6379961967468262
methodB,truesmile,polite,24,14,0.6698510646820068
methodB,truesmile,polite,24,15,0.7288157343864441
methodB,truesmile,polite,24,16,0.781372606754303
methodB,truesmile,polite,24,17,0.7510548830032349
methodB,truesmile,polite,24,18,0.7808763980865479
methodB,truesmile,polite,24,19,0.8547213673591614
methodB,ambiguous,polite,24,0,0.10900707542896271
methodB,ambiguous,polite,24,1,0.06391283124685287
methodB,ambiguous,polite,24,2,0.09899307042360306
methodB,ambiguous,polite,24,3,0.20768822729587555
methodB,ambiguous,polite,24,4,0.2787397801876068
methodB,ambiguous,polite,24,5,0.322435587644577
methodB,ambiguous,polite,24,6,0.3467363715171814
methodB,ambiguous,polite,24,7,0.4419795870780945
methodB,ambiguous,polite,24,8,0.4870053827762604
methodB,ambiguous,polite,24,9,0.42526018619537354
methodB,ambiguous,polite,24,10,0.4620637595653534
methodB,ambiguous,polite,24,11,0.5921732187271118
methodB,ambiguous,polite,24,12,0.5591371655464172
methodB,ambiguous,polite,24,13,0.5272894501686096
methodB,ambiguous,polite,24,14,0.5549588203430176
methodB,ambiguous,polite,24,15,0.5802533030509949
methodB,ambiguous,polite,24,16,0.6528006792068481
methodB,ambiguous,polite,24,17,0.6656820774078369
methodB,ambiguous,polite,24,18,0.6278858780860901
methodB,ambiguous,polite,24,19,0.6544737815856934
methodB,polite,polite,25,0,0.18045838177204132
methodB,polite,polite,25,1,0.08750567585229874
methodB,polite,polite,25,2,0.12520244717597961
methodB,polite,polite,25,3,0.16253116726875305
methodB,polite,polite,25,4,0.285584956407547
methodB,polite,polite,25,5,0.3218342661857605
methodB,polite,polite,25,6,0.36409205198287964
methodB,polite,polite,25,7,0.3680548071861267
methodB,polite,polite,25,8,0.37111908197402954
methodB,polite,polite,25,9,0.35632944107055664
methodB,polite,polite,25,10,0.3444957435131073
methodB,polite,polite,25,11,0.36884036660194397
methodB,polite,polite,25,12,0.4097042381763458
methodB,polite,polite,25,13,0.407596617937088
methodB,polite,polite,25,14,0.4296833872795105
methodB,polite,polite,25,15,0.4443872570991516
methodB,polite,polite,25,16,0.45644909143447876
methodB,polite,polite,25,17,0.44038698077201843
methodB,polite,polite,25,18,0.41817083954811096
methodB,polite,polite,25,19,0.4725554585456848
methodB,truesmile,polite,25,0,0.18041536211967468
methodB,truesmile,polite,25,1,0.16523663699626923
methodB,truesmile,polite,25,2,0.3507249653339386
methodB,truesmile,polite,25,3,0.347881019115448
methodB,truesmile,polite,25,4,0.5164440870285034
methodB,truesmile,polite,25,5,0.5291674733161926
methodB,truesmile,polite,25,6,0.5553832054138184
methodB,truesmile,polite,25,7,0.573702335357666
methodB,truesmile,polite,25,8,0.5912789106369019
methodB,truesmile,polite,25,9,0.5036177039146423
methodB,truesmile,polite,25,10,0.513079822063446
methodB,truesmile,polite,25,11,0.49224111437797546
methodB,truesmile,polite,25,12,0.5279948115348816
methodB,truesmile,polite,25,13,0.5445511341094971
methodB,truesmile,polite,25,14,0.6312486529350281
methodB,truesmile,polite,25,15,0.616043210029602
methodB,truesmile,polite,25,16,0.5979640483856201
methodB,truesmile,polite,25,17,0.608169436454773
methodB,truesmile,polite,25,18,0.6643656492233276
methodB,truesmile,polite,25,19,0.7478061318397522
methodB,ambiguous,polite,25,0,0.1774834841489792
methodB,ambiguous,polite,25,1,0.08770748972892761
methodB,ambiguous,polite,25,2,0.1271417886018753
methodB,ambiguous,polite,25,3,0.20292097330093384
methodB,ambiguous,polite,25,4,0.29181236028671265
methodB,ambiguous,polite,25,5,0.29759514331817627
methodB,ambiguous,polite,25,6,0.32033517956733704
methodB,ambiguous,polite,25,7,0.48754793405532837
methodB,ambiguous,polite,25,8,0.5059718489646912
methodB,ambiguous,polite,25,9,0.40759050846099854
methodB,ambiguous,polite,25,10,0.3544672131538391
methodB,ambiguous,polite,25,11,0.3861381709575653
methodB,ambiguous,polite,25,12,0.40576326847076416
methodB,ambiguous,polite,25,13,0.42527028918266296
methodB,ambiguous,polite,25,14,0.41818925738334656
methodB,ambiguous,polite,25,15,0.45495226979255676
methodB,ambiguous,polite,25,16,0.5209477543830872
methodB,ambiguous,polite,25,17,0.5272868275642395
methodB,ambiguous,polite,25,18,0.5388460755348206
methodB,ambiguous,polite,25,19,0.5925523042678833
methodB,polite,polite,26,0,0.20063208043575287
methodB,polite,polite,26,1,0.1739008128643036
methodB,polite,polite,26,2,0.22439587116241455
methodB,polite,polite,26,3,0.2606872320175171
methodB,polite,polite,26,4,0.32052746415138245
methodB,polite,polite,26,5,0.3646915853023529
methodB,polite,polite,26,6,0.42169931530952454
methodB,polite,polite,26,7,0.4602748453617096
methodB,polite,polite,26,8,0.45543280243873596
methodB,polite,polite,26,9,0.45557335019111633
methodB,polite,polite,26,10,0.5297173261642456
methodB,polite,polite,26,11,0.4456230700016022
methodB,polite,polite,26,12,0.4296565055847168
methodB,polite,polite,26,13,0.5363283753395081
methodB,polite,polite,26,14,0.6513590812683105
methodB,polite,polite,26,15,0.7041781544685364
methodB,polite,polite,26,16,0.6889845728874207
methodB,polite,polite,26,17,0.6876800060272217
methodB,polite,polite,26,18,0.7008861899375916
methodB,polite,polite,26,19,0.7148878574371338
methodB,truesmile,polite,26,0,0.18995630741119385
methodB,truesmile,polite,26,1,0.2211550772190094
methodB,truesmile,polite,26,2,0.33742907643318176
methodB,truesmile,polite,26,3,0.3705267310142517
methodB,truesmile,polite,26,4,0.489469975233078
methodB,truesmile,polite,26,5,0.4868736267089844
methodB,truesmile,polite,26,6,0.5016320943832397
methodB,truesmile,polite,26,7,0.508777379989624
methodB,truesmile,polite,26,8,0.5424928069114685
methodB,truesmile,polite,26,9,0.5559463500976562
methodB,truesmile,polite,26,10,0.6435584425926208
methodB,truesmile,polite,26,11,0.5334173440933228
methodB,truesmile,polite,26,12,0.5375446677207947
methodB,truesmile,polite,26,13,0.602057158946991
methodB,truesmile,polite,26,14,0.6893395781517029
methodB,truesmile,polite,26,15,0.7108422517776489
methodB,truesmile,polite,26,16,0.7126293182373047
methodB,truesmile,polite,26,17,0.6730532646179199
methodB,truesmile,polite,26,18,0.7384130954742432
methodB,truesmile,polite,26,19,0.7718355059623718
methodB,ambiguous,polite,26,0,0.1755247712135315
methodB,ambiguous,polite,26,1,0.17362567782402039
methodB,ambiguous,polite,26,2,0.2249228060245514
methodB,ambiguous,polite,26,3,0.2636401951313019
methodB,ambiguous,polite,26,4,0.32436487078666687
methodB,ambiguous,polite,26,5,0.37465032935142517
methodB,ambiguous,polite,26,6,0.40341243147850037
methodB,ambiguous,polite,26,7,0.5551295876502991
methodB,ambiguous,polite,26,8,0.5832177400588989
methodB,ambiguous,polite,26,9,0.5384451746940613
methodB,ambiguous,polite,26,10,0.6197704672813416
methodB,ambiguous,polite,26,11,0.5771392583847046
methodB,ambiguous,polite,26,12,0.5012338757514954
methodB,ambiguous,polite,26,13,0.49584898352622986
methodB,ambiguous,polite,26,14,0.6605174541473389
methodB,ambiguous,polite,26,15,0.7259138822555542
methodB,ambiguous,polite,26,16,0.7274036407470703
methodB,ambiguous,polite,26,17,0.7227694988250732
methodB,ambiguous,polite,26,18,0.745288610458374
methodB,ambiguous,polite,26,19,0.7421999573707581
methodB,polite,polite,27,0,0.11836149543523788
methodB,polite,polite,27,1,0.05107218399643898
methodB,polite,polite,27,2,0.16265986859798431
methodB,polite,polite,27,3,0.38676080107688904
methodB,polite,polite,27,4,0.47629138827323914
methodB,polite,polite,27,5,0.441154420375824
methodB,polite,polite,27,6,0.43274563550949097
methodB,polite,polite,27,7,0.4316619336605072
methodB,polite,polite,27,8,0.4068524241447449
methodB,polite,polite,27,9,0.3595902919769287
methodB,polite,polite,27,10,0.39524874091148376
methodB,polite,polite,27,11,0.5079319477081299
methodB,polite,polite,27,12,0.5410377383232117
methodB,polite,polite,27,13,0.48359978199005127
methodB,polite,polite,27,14,0.511825442314148
methodB,polite,polite,27,15,0.5749722719192505
methodB,polite,polite,27,16,0.5399186611175537
methodB,polite,polite,27,17,0.5252169966697693
methodB,polite,polite,27,18,0.5579813122749329
methodB,polite,polite,27,19,0.5402477383613586
methodB,truesmile,polite,27,0,0.17567989230155945
methodB,truesmile,polite,27,1,0.17393247783184052
methodB,truesmile,polite,27,2,0.33638110756874084
methodB,truesmile,polite,27,3,0.49092692136764526
methodB,truesmile,polite,27,4,0.6060152649879456
methodB,truesmile,polite,27,5,0.542829692363739
methodB,truesmile,polite,27,6,0.5492812395095825
methodB,truesmile,polite,27,7,0.5576847195625305
methodB,truesmile,polite,27,8,0.5174846053123474
methodB,truesmile,polite,27,9,0.476664274930954
methodB,truesmile,polite,27,10,0.5039941072463989
methodB,truesmile,polite,27,11,0.5659042000770569
methodB,truesmile,polite,27,12,0.5891663432121277
methodB,truesmile,polite,27,13,0.5715514421463013
methodB,truesmile,polite,27,14,0.6535505652427673
methodB,truesmile,polite,27,15,0.6393707990646362
methodB,truesmile,polite,27,16,0.6332839131355286
methodB,truesmile,polite,27,17,0.6588453650474548
methodB,truesmile,polite,27,18,0.6898404955863953
methodB,truesmile,polite,27,19,0.7119300365447998
methodB,ambiguous,polite,27,0,0.12478914856910706
methodB,ambiguous,polite,27,1,0.06068035587668419
methodB,ambiguous,polite,27,2,0.15969760715961456
methodB,ambiguous,polite,27,3,0.4288649260997772
methodB,ambiguous,polite,27,4,0.5234267115592957
methodB,ambiguous,polite,27,5,0.4461801052093506
methodB,ambiguous,polite,27,6,0.4142749309539795
methodB,ambiguous,polite,27,7,0.5357851386070251
methodB,ambiguous,polite,27,8,0.5199736952781677
methodB,ambiguous,polite,27,9,0.42979666590690613
methodB,ambiguous,polite,27,10,0.4034977853298187
methodB,ambiguous,polite,27,11,0.48222607374191284
methodB,ambiguous,polite,27,12,0.5060973167419434
methodB,ambiguous,polite,27,13,0.4307902753353119
methodB,ambiguous,polite,27,14,0.4448898136615753
methodB,ambiguous,polite,27,15,0.4931025803089142
methodB,ambiguous,polite,27,16,0.5049636960029602
methodB,ambiguous,polite,27,17,0.5173686146736145
methodB,ambiguous,polite,27,18,0.570347249507904
methodB,ambiguous,polite,27,19,0.5186414122581482
methodB,polite,polite,28,0,0.18972407281398773
methodB,polite,polite,28,1,0.09040225297212601
methodB,polite,polite,28,2,0.1318230926990509
methodB,polite,polite,28,3,0.25187528133392334
methodB,polite,polite,28,4,0.2779146432876587
methodB,polite,polite,28,5,0.3797769844532013
methodB,polite,polite,28,6,0.34886276721954346
methodB,polite,polite,28,7,0.35897842049598694
methodB,polite,polite,28,8,0.4556191563606262
methodB,polite,polite,28,9,0.47730138897895813
methodB,polite,polite,28,10,0.5030114650726318
methodB,polite,polite,28,11,0.5157034993171692
methodB,polite,polite,28,12,0.5094407200813293
methodB,polite,polite,28,13,0.4974212646484375
methodB,polite,polite,28,14,0.5416826605796814
methodB,polite,polite,28,15,0.5575174689292908
methodB,polite,polite,28,16,0.4797622263431549
methodB,polite,polite,28,17,0.5387582182884216
methodB,polite,polite,28,18,0.547956645488739
methodB,polite,polite,28,19,0.5478227138519287
methodB,truesmile,polite,28,0,0.17824655771255493
methodB,truesmile,polite,28,1,0.18526141345500946
methodB,truesmile,polite,28,2,0.34963008761405945
methodB,truesmile,polite,28,3,0.39277583360671997
methodB,truesmile,polite,28,4,0.47208818793296814
methodB,truesmile,polite,28,5,0.5247625112533569
methodB,truesmile,polite,28,6,0.5072667002677917
methodB,truesmile,polite,28,7,0.49827080965042114
methodB,truesmile,polite,28,8,0.5500008463859558
methodB,truesmile,polite,28,9,0.5628110766410828
methodB,truesmile,polite,28,10,0.5953888893127441
methodB,truesmile,polite,28,11,0.6184132099151611
methodB,truesmile,polite,28,12,0.6504080891609192
methodB,truesmile,polite,28,13,0.706043541431427
methodB,truesmile,polite,28,14,0.7914173603057861
methodB,truesmile,polite,28,15,0.8037927150726318
methodB,truesmile,polite,28,16,0.7602580785751343
methodB,truesmile,polite,28,17,0.8238887190818787
methodB,truesmile,polite,28,18,0.8455726504325867
methodB,truesmile,polite,28,19,0.8253853917121887
methodB,ambiguous,polite,28,0,0.17897814512252808
methodB,ambiguous,polite,28,1,0.09187520295381546
methodB,ambiguous,polite,28,2,0.11482813209295273
methodB,ambiguous,polite,28,3,0.24511472880840302
methodB,ambiguous,polite,28,4,0.25765401124954224
methodB,ambiguous,polite,28,5,0.3162091374397278
methodB,ambiguous,polite,28,6,0.29019880294799805
methodB,ambiguous,polite,28,7,0.45563992857933044
methodB,ambiguous,polite,28,8,0.5355587005615234
methodB,ambiguous,polite,28,9,0.5367799401283264
methodB,ambiguous,polite,28,10,0.5158876180648804
methodB,ambiguous,polite,28,11,0.4884832203388214
methodB,ambiguous,polite,28,12,0.4524836540222168
methodB,ambiguous,polite,28,13,0.5008274912834167
methodB,ambiguous,polite,28,14,0.560824453830719
methodB,ambiguous,polite,28,15,0.5735687017440796
methodB,ambiguous,polite,28,16,0.5125887393951416
methodB,ambiguous,polite,28,17,0.5853990316390991
methodB,ambiguous,polite,28,18,0.5900000333786011
methodB,ambiguous,polite,28,19,0.5278999209403992
methodB,polite,polite,29,0,0.13679219782352448
methodB,polite,polite,29,1,0.10871947556734085
methodB,polite,polite,29,2,0.19655708968639374
methodB,polite,polite,29,3,0.3228551745414734
methodB,polite,polite,29,4,0.4425748586654663
methodB,polite,polite,29,5,0.4639206826686859
methodB,polite,polite,29,6,0.5135080814361572
methodB,polite,polite,29,7,0.5793756246566772
methodB,polite,polite,29,8,0.5750039219856262
methodB,polite,polite,29,9,0.6532856225967407
methodB,polite,polite,29,10,0.6699845790863037
methodB,polite,polite,29,11,0.6711504459381104
methodB,polite,polite,29,12,0.6741618514060974
methodB,polite,polite,29,13,0.6988707780838013
methodB,polite,polite,29,14,0.7474789619445801
methodB,polite,polite,29,15,0.7969174981117249
methodB,polite,polite,29,16,0.7651239633560181
methodB,polite,polite,29,17,0.7436234354972839
methodB,polite,polite,29,18,0.751295804977417
methodB,polite,polite,29,19,0.6973404884338379
methodB,truesmile,polite,29,0,0.1459663063287735
methodB,truesmile,polite,29,1,0.16917966306209564
methodB,truesmile,polite,29,2,0.43584108352661133
methodB,truesmile,polite,29,3,0.4524673819541931
methodB,truesmile,polite,29,4,0.5944228768348694
methodB,truesmile,polite,29,5,0.5761623382568359
methodB,truesmile,polite,29,6,0.6097290515899658
methodB,truesmile,polite,29,7,0.6621857285499573
methodB,truesmile,polite,29,8,0.6691237688064575
methodB,truesmile,polite,29,9,0.7030842304229736
methodB,truesmile,polite,29,10,0.760595440864563
methodB,truesmile,polite,29,11,0.7767787575721741
methodB,truesmile,polite,29,12,0.8242730498313904
methodB,truesmile,polite,29,13,0.777147650718689
methodB,truesmile,polite,29,14,0.8177575469017029
methodB,truesmile,polite,29,15,0.83480304479599
methodB,truesmile,polite,29,16,0.7669773101806641
methodB,truesmile,polite,29,17,0.7844824194908142
methodB,truesmile,polite,29,18,0.7594838738441467
methodB,truesmile,polite,29,19,0.7887383103370667
methodB,ambiguous,polite,29,0,0.11715024709701538
methodB,ambiguous,polite,29,1,0.10583765059709549
methodB,ambiguous,polite,29,2,0.20155435800552368
methodB,ambiguous,polite,29,3,0.34386754035949707
methodB,ambiguous,polite,29,4,0.4530540406703949
methodB,ambiguous,polite,29,5,0.46574240922927856
methodB,ambiguous,polite,29,6,0.46222594380378723
methodB,ambiguous,polite,29,7,0.5905399918556213
methodB,ambiguous,polite,29,8,0.621387779712677
methodB,ambiguous,polite,29,9,0.6925529837608337
methodB,ambiguous,polite,29,10,0.7201913595199585
methodB,ambiguous,polite,29,11,0.7491692304611206
methodB,ambiguous,polite,29,12,0.6907205581665039
methodB,ambiguous,polite,29,13,0.680435061454773
methodB,ambiguous,polite,29,14,0.7701796889305115
methodB,ambiguous,polite,29,15,0.817881166934967
methodB,ambiguous,polite,29,16,0.8006793260574341
methodB,ambiguous,polite,29,17,0.7981893420219421
methodB,ambiguous,polite,29,18,0.8121914267539978
methodB,ambiguous,polite,29,19,0.769655168056488
methodB,polite,polite,3,0,0.15979592502117157
methodB,polite,polite,3,1,0.13401702046394348
methodB,polite,polite,3,2,0.2664410173892975
methodB,polite,polite,3,3,0.33403971791267395
methodB,polite,polite,3,4,0.4568541646003723
methodB,polite,polite,3,5,0.45746347308158875
methodB,polite,polite,3,6,0.4480355679988861
methodB,polite,polite,3,7,0.4570058286190033
methodB,polite,polite,3,8,0.4712914526462555
methodB,polite,polite,3,9,0.5045432448387146
methodB,polite,polite,3,10,0.5202104449272156
methodB,polite,polite,3,11,0.5196352005004883
methodB,polite,polite,3,12,0.49660927057266235
methodB,polite,polite,3,13,0.47605106234550476
methodB,polite,polite,3,14,0.554381787776947
methodB,polite,polite,3,15,0.5877676010131836
methodB,polite,polite,3,16,0.5375205874443054
methodB,polite,polite,3,17,0.4942505359649658
methodB,polite,polite,3,18,0.5801247954368591
methodB,polite,polite,3,19,0.5479020476341248
methodB,truesmile,polite,3,0,0.18894724547863007
methodB,truesmile,polite,3,1,0.21187767386436462
methodB,truesmile,polite,3,2,0.4626600444316864
methodB,truesmile,polite,3,3,0.5063217282295227
methodB,truesmile,polite,3,4,0.6303204894065857
methodB,truesmile,polite,3,5,0.629094123840332
methodB,truesmile,polite,3,6,0.6309034824371338
methodB,truesmile,polite,3,7,0.6237555742263794
methodB,truesmile,polite,3,8,0.655856192111969
methodB,truesmile,polite,3,9,0.62330162525177
methodB,truesmile,polite,3,10,0.621665894985199
methodB,truesmile,polite,3,11,0.6105280518531799
methodB,truesmile,polite,3,12,0.6079649925231934
methodB,truesmile,polite,3,13,0.6137414574623108
methodB,truesmile,polite,3,14,0.6988572478294373
methodB,truesmile,polite,3,15,0.6886645555496216
methodB,truesmile,polite,3,16,0.6605694890022278
methodB,truesmile,polite,3,17,0.6739779710769653
methodB,truesmile,polite,3,18,0.7720537781715393
methodB,truesmile,polite,3,19,0.7152388095855713
methodB,ambiguous,polite,3,0,0.15335185825824738
methodB,ambiguous,polite,3,1,0.13199642300605774
methodB,ambiguous,polite,3,2,0.2740349769592285
methodB,ambiguous,polite,3,3,0.36587613821029663
methodB,ambiguous,polite,3,4,0.4348158836364746
methodB,ambiguous,polite,3,5,0.44054195284843445
methodB,ambiguous,polite,3,6,0.44801780581474304
methodB,ambiguous,polite,3,7,0.5512828826904297
methodB,ambiguous,polite,3,8,0.5789308547973633
methodB,ambiguous,polite,3,9,0.5216723084449768
methodB,ambiguous,polite,3,10,0.47936347126960754
methodB,ambiguous,polite,3,11,0.469317227602005
methodB,ambiguous,polite,3,12,0.4212903678417206
methodB,ambiguous,polite,3,13,0.49540576338768005
methodB,ambiguous,polite,3,14,0.5794528722763062
methodB,ambiguous,polite,3,15,0.531103253364563
methodB,ambiguous,polite,3,16,0.5119031667709351
methodB,ambiguous,polite,3,17,0.4824340343475342
methodB,ambiguous,polite,3,18,0.5473031997680664
methodB,ambiguous,polite,3,19,0.5398730635643005
methodB,polite,polite,30,0,0.13301105797290802
methodB,polite,polite,30,1,0.0879003033041954
methodB,polite,polite,30,2,0.23108918964862823
methodB,polite,polite,30,3,0.2882165014743805
methodB,polite,polite,30,4,0.3006913363933563
methodB,polite,polite,30,5,0.3699404001235962
methodB,polite,polite,30,6,0.37019914388656616
methodB,polite,polite,30,7,0.3835487365722656
methodB,polite,polite,30,8,0.4743443727493286
methodB,polite,polite,30,9,0.4325020909309387
methodB,polite,polite,30,10,0.6041876077651978
methodB,polite,polite,30,11,0.6413085460662842
methodB,polite,polite,30,12,0.7300446629524231
methodB,polite,polite,30,13,0.7469855546951294
methodB,polite,polite,30,14,0.7467854022979736
methodB,polite,polite,30,15,0.7292142510414124
methodB,polite,polite,30,16,0.7158447504043579
methodB,polite,polite,30,17,0.6724919676780701
methodB,polite,polite,30,18,0.6622232794761658
methodB,polite,polite,30,19,0.6479053497314453
methodB,truesmile,polite,30,0,0.15326179563999176
methodB,truesmile,polite,30,1,0.1724342554807663
methodB,truesmile,polite,30,2,0.4379834532737732
methodB,truesmile,polite,30,3,0.43874114751815796
methodB,truesmile,polite,30,4,0.5122517943382263
methodB,truesmile,polite,30,5,0.5638756155967712
methodB,truesmile,polite,30,6,0.5799981951713562
methodB,truesmile,polite,30,7,0.5769936442375183
methodB,truesmile,polite,30,8,0.6797774434089661
methodB,truesmile,polite,30,9,0.5380812287330627
methodB,truesmile,polite,30,10,0.6979796290397644
methodB,truesmile,polite,30,11,0.7010771632194519
methodB,truesmile,polite,30,12,0.7721133232116699
methodB,truesmile,polite,30,13,0.823635995388031
methodB,truesmile,polite,30,14,0.8546541929244995
methodB,truesmile,polite,30,15,0.852385401725769
methodB,truesmile,polite,30,16,0.8563932180404663
methodB,truesmile,polite,30,17,0.837127685546875
methodB,truesmile,polite,30,18,0.8022717833518982
methodB,truesmile,polite,30,19,0.8102936744689941
methodB,ambiguous,polite,30,0,0.1244853213429451
methodB,ambiguous,polite,30,1,0.08536984771490097
methodB,ambiguous,polite,30,2,0.22483982145786285
methodB,ambiguous,polite,30,3,0.28461578488349915
methodB,ambiguous,polite,30,4,0.28054744005203247
methodB,ambiguous,polite,30,5,0.33237138390541077
methodB,ambiguous,polite,30,6,0.36946117877960205
methodB,ambiguous,polite,30,7,0.4991617500782013
methodB,ambiguous,polite,30,8,0.553813636302948
methodB,ambiguous,polite,30,9,0.4526596665382385
methodB,ambiguous,polite,30,10,0.6006019115447998
methodB,ambiguous,polite,30,11,0.5841484665870667
methodB,ambiguous,polite,30,12,0.6705043911933899
methodB,ambiguous,polite,30,13,0.7083934545516968
methodB,ambiguous,polite,30,14,0.6378750801086426
methodB,ambiguous,polite,30,15,0.6494091749191284
methodB,ambiguous,polite,30,16,0.6743029356002808
methodB,ambiguous,polite,30,17,0.6525190472602844
methodB,ambiguous,polite,30,18,0.5959574580192566
methodB,ambiguous,polite,30,19,0.5658354163169861
methodB,polite,polite,31,0,0.10454434901475906
methodB,polite,polite,31,1,0.08760616928339005
methodB,polite,polite,31,2,0.2457152158021927
methodB,polite,polite,31,3,0.24145522713661194
methodB,polite,polite,31,4,0.2679445445537567
methodB,polite,polite,31,5,0.3575427532196045
methodB,polite,polite,31,6,0.4024437665939331
methodB,polite,polite,31,7,0.40423959493637085
methodB,polite,polite,31,8,0.4386630356311798
methodB,polite,polite,31,9,0.5443402528762817
methodB,polite,polite,31,10,0.4900890588760376
methodB,polite,polite,31,11,0.44956299662590027
methodB,polite,polite,31,12,0.4800761044025421
methodB,polite,polite,31,13,0.5732175707817078
methodB,polite,polite,31,14,0.592341959476471
methodB,polite,polite,31,15,0.5664271116256714
methodB,polite,polite,31,16,0.5383678078651428
methodB,polite,polite,31,17,0.5731163024902344
methodB,polite,polite,31,18,0.5481705665588379
methodB,polite,polite,31,19,0.5978037118911743
methodB,truesmile,polite,31,0,0.1548696607351303
methodB,truesmile,polite,31,1,0.19706173241138458
methodB,truesmile,polite,31,2,0.41908612847328186
methodB,truesmile,polite,31,3,0.3951677680015564
methodB,truesmile,polite,31,4,0.49256250262260437
methodB,truesmile,polite,31,5,0.5021554231643677
methodB,truesmile,polite,31,6,0.5205090045928955
methodB,truesmile,polite,31,7,0.5366832613945007
methodB,truesmile,polite,31,8,0.5812692642211914
methodB,truesmile,polite,31,9,0.6972076892852783
methodB,truesmile,polite,31,10,0.6724794507026672
methodB,truesmile,polite,31,11,0.6393092274665833
methodB,truesmile,polite,31,12,0.6971868276596069
methodB,truesmile,polite,31,13,0.7110039591789246
methodB,truesmile,polite,31,14,0.7735161185264587
methodB,truesmile,polite,31,15,0.7176893949508667
methodB,truesmile,polite,31,16,0.7112245559692383
methodB,truesmile,polite,31,17,0.7364104986190796
methodB,truesmile,polite,31,18,0.771677553653717
methodB,truesmile,polite,31,19,0.7654044032096863
methodB,ambiguous,polite,31,0,0.1016385480761528
methodB,ambiguous,polite,31,1,0.09431613236665726
methodB,ambiguous,polite,31,2,0.25494152307510376
methodB,ambiguous,polite,31,3,0.28088393807411194
methodB,ambiguous,polite,31,4,0.2599574029445648
methodB,ambiguous,polite,31,5,0.3324626684188843
methodB,ambiguous,polite,31,6,0.330839067697525
methodB,ambiguous,polite,31,7,0.48588141798973083
methodB,ambiguous,polite,31,8,0.5740318894386292
methodB,ambiguous,polite,31,9,0.6489377617835999
methodB,ambiguous,polite,31,10,0.5743115544319153
methodB,ambiguous,polite,31,11,0.5168355703353882
methodB,ambiguous,polite,31,12,0.527597188949585
methodB,ambiguous,polite,31,13,0.5470108389854431
methodB,ambiguous,polite,31,14,0.5680953860282898
methodB,ambiguous,polite,31,15,0.562393069267273
methodB,ambiguous,polite,31,16,0.6476141810417175
methodB,ambiguous,polite,31,17,0.608505129814148
methodB,ambiguous,polite,31,18,0.5905863046646118
methodB,ambiguous,polite,31,19,0.635271430015564
methodB,polite,polite,33,0,0.17926865816116333
methodB,polite,polite,33,1,0.14090345799922943
methodB,polite,polite,33,2,0.17952804267406464
methodB,polite,polite,33,3,0.25450399518013
methodB,polite,polite,33,4,0.3877904415130615
methodB,polite,polite,33,5,0.5148118138313293
methodB,polite,polite,33,6,0.5630618929862976
methodB,polite,polite,33,7,0.4526553750038147
methodB,polite,polite,33,8,0.4590696096420288
methodB,polite,polite,33,9,0.41551193594932556
methodB,polite,polite,33,10,0.42993417382240295
methodB,polite,polite,33,11,0.4852379858493805
methodB,polite,polite,33,12,0.5048579573631287
methodB,polite,polite,33,13,0.5813106298446655
methodB,polite,polite,33,14,0.51950603723526
methodB,polite,polite,33,15,0.5940913558006287
methodB,polite,polite,33,16,0.530860185623169
methodB,polite,polite,33,17,0.564155638217926
methodB,polite,polite,33,18,0.5099689364433289
methodB,polite,polite,33,19,0.534814178943634
methodB,truesmile,polite,33,0,0.21268132328987122
methodB,truesmile,polite,33,1,0.1995037943124771
methodB,truesmile,polite,33,2,0.3653779625892639
methodB,truesmile,polite,33,3,0.4123174846172333
methodB,truesmile,polite,33,4,0.5348842144012451
methodB,truesmile,polite,33,5,0.5904892683029175
methodB,truesmile,polite,33,6,0.6035060286521912
methodB,truesmile,polite,33,7,0.5592969059944153
methodB,truesmile,polite,33,8,0.5904943346977234
methodB,truesmile,polite,33,9,0.5460628271102905
methodB,truesmile,polite,33,10,0.5653958320617676
methodB,truesmile,polite,33,11,0.5992099046707153
methodB,truesmile,polite,33,12,0.5963571071624756
methodB,truesmile,polite,33,13,0.6488134860992432
methodB,truesmile,polite,33,14,0.7196674346923828
methodB,truesmile,polite,33,15,0.7093864679336548
methodB,truesmile,polite,33,16,0.6960247159004211
methodB,truesmile,polite,33,17,0.7026349306106567
methodB,truesmile,polite,33,18,0.7190645337104797
methodB,truesmile,polite,33,19,0.7335801124572754
methodB,ambiguous,polite,33,0,0.16749615967273712
methodB,ambiguous,polite,33,1,0.1407192200422287
methodB,ambiguous,polite,33,2,0.1794317364692688
methodB,ambiguous,polite,33,3,0.27132633328437805
methodB,ambiguous,polite,33,4,0.3534635007381439
methodB,ambiguous,polite,33,5,0.4688798189163208
methodB,ambiguous,polite,33,6,0.5059149861335754
methodB,ambiguous,polite,33,7,0.5204614400863647
methodB,ambiguous,polite,33,8,0.5279543399810791
methodB,ambiguous,polite,33,9,0.4288088381290436
methodB,ambiguous,polite,33,10,0.4057199954986572
methodB,ambiguous,polite,33,11,0.4724650979042053
methodB,ambiguous,polite,33,12,0.4662318527698517
methodB,ambiguous,polite,33,13,0.5374463200569153
methodB,ambiguous,polite,33,14,0.4619274139404297
methodB,ambiguous,polite,33,15,0.5542607307434082
methodB,ambiguous,polite,33,16,0.4960470199584961
methodB,ambiguous,polite,33,17,0.5518633723258972
methodB,ambiguous,polite,33,18,0.5192781686782837
methodB,ambiguous,polite,33,19,0.5233556032180786
methodB,polite,polite,34,0,0.2166924774646759
methodB,polite,polite,34,1,0.14422614872455597
methodB,polite,polite,34,2,0.18870025873184204
methodB,polite,polite,34,3,0.24333320558071136
methodB,polite,polite,34,4,0.3842977285385132
methodB,polite,polite,34,5,0.452603280544281
methodB,polite,polite,34,6,0.4829541742801666
methodB,polite,polite,34,7,0.4855031371116638
methodB,polite,polite,34,8,0.48215606808662415
methodB,polite,polite,34,9,0.5068655610084534
methodB,polite,polite,34,10,0.5340276956558228
methodB,polite,polite,34,11,0.503280520439148
methodB,polite,polite,34,12,0.5523838400840759
methodB,polite,polite,34,13,0.6207395792007446
methodB,polite,polite,34,14,0.6711775064468384
methodB,polite,polite,34,15,0.6667534708976746
methodB,polite,polite,34,16,0.6393737196922302
methodB,polite,polite,34,17,0.6200517416000366
methodB,polite,polite,34,18,0.6087275743484497
methodB,polite,polite,34,19,0.5962597727775574
methodB,truesmile,polite,34,0,0.22882895171642303
methodB,truesmile,polite,34,1,0.2446313053369522
methodB,truesmile,polite,34,2,0.3705931603908539
methodB,truesmile,polite,34,3,0.42197704315185547
methodB,truesmile,polite,34,4,0.5469164252281189
methodB,truesmile,polite,34,5,0.5861958861351013
methodB,truesmile,polite,34,6,0.6362842917442322
methodB,truesmile,polite,34,7,0.6340606212615967
methodB,truesmile,polite,34,8,0.6472373008728027
methodB,truesmile,polite,34,9,0.6255468130111694
methodB,truesmile,polite,34,10,0.6439629197120667
methodB,truesmile,polite,34,11,0.6072351336479187
methodB,truesmile,polite,34,12,0.667849063873291
methodB,truesmile,polite,34,13,0.7497722506523132
methodB,truesmile,polite,34,14,0.8260974884033203
methodB,truesmile,polite,34,15,0.7973945736885071
methodB,truesmile,polite,34,16,0.7861316800117493
methodB,truesmile,polite,34,17,0.8093976974487305
methodB,truesmile,polite,34,18,0.7873430848121643
methodB,truesmile,polite,34,19,0.8316354155540466
methodB,ambiguous,polite,34,0,0.21196074783802032
methodB,ambiguous,polite,34,1,0.15482161939144135
methodB,ambiguous,polite,34,2,0.19788429141044617
methodB,ambiguous,polite,34,3,0.24628975987434387
methodB,ambiguous,polite,34,4,0.39500170946121216
methodB,ambiguous,polite,34,5,0.4531131088733673
methodB,ambiguous,polite,34,6,0.47554007172584534
methodB,ambiguous,polite,34,7,0.5784599184989929
methodB,ambiguous,polite,34,8,0.6032094955444336
methodB,ambiguous,polite,34,9,0.5421618819236755
methodB,ambiguous,polite,34,10,0.5762514472007751
methodB,ambiguous,polite,34,11,0.5885133147239685
methodB,ambiguous,polite,34,12,0.6130286455154419
methodB,ambiguous,polite,34,13,0.6812026500701904
methodB,ambiguous,polite,34,14,0.6888523101806641
methodB,ambiguous,polite,34,15,0.6884015202522278
methodB,ambiguous,polite,34,16,0.6782938838005066
methodB,ambiguous,polite,34,17,0.6928003430366516
methodB,ambiguous,polite,34,18,0.6658951044082642
methodB,ambiguous,polite,34,19,0.6463632583618164
methodB,polite,polite,35,0,0.2810002565383911
methodB,polite,polite,35,1,0.21222864091396332
methodB,polite,polite,35,2,0.36148014664649963
methodB,polite,polite,35,3,0.3629094660282135
methodB,polite,polite,35,4,0.3804091513156891
methodB,polite,polite,35,5,0.4852214455604553
methodB,polite,polite,35,6,0.5438711047172546
methodB,polite,polite,35,7,0.6119524836540222
methodB,polite,polite,35,8,0.5761899948120117
methodB,polite,polite,35,9,0.5272594094276428
methodB,polite,polite,35,10,0.5623356699943542
methodB,polite,polite,35,11,0.547675609588623
methodB,polite,polite,35,12,0.6401601433753967
methodB,polite,polite,35,13,0.6660511493682861
methodB,polite,polite,35,14,0.7078783512115479
methodB,polite,polite,35,15,0.7163515090942383
methodB,polite,polite,35,16,0.7214548587799072
methodB,polite,polite,35,17,0.7472261190414429
methodB,polite,polite,35,18,0.7496700882911682
methodB,polite,polite,35,19,0.7506651282310486
methodB,truesmile,polite,35,0,0.2675771713256836
methodB,truesmile,polite,35,1,0.26514238119125366
methodB,truesmile,polite,35,2,0.508111834526062
methodB,truesmile,polite,35,3,0.5249285697937012
methodB,truesmile,polite,35,4,0.6013725996017456
methodB,truesmile,polite,35,5,0.661677896976471
methodB,truesmile,polite,35,6,0.683953583240509
methodB,truesmile,polite,35,7,0.6956603527069092
methodB,truesmile,polite,35,8,0.730224072933197
methodB,truesmile,polite,35,9,0.6379762887954712
methodB,truesmile,polite,35,10,0.6602464318275452
methodB,truesmile,polite,35,11,0.6282449960708618
methodB,truesmile,polite,35,12,0.6956411600112915
methodB,truesmile,polite,35,13,0.7760330438613892
methodB,truesmile,polite,35,14,0.852041482925415
methodB,truesmile,polite,35,15,0.8043850660324097
methodB,truesmile,polite,35,16,0.830534815788269
methodB,truesmile,polite,35,17,0.863906979560852
methodB,truesmile,polite,35,18,0.901404619216919
methodB,truesmile,polite,35,19,0.917590856552124
methodB,ambiguous,polite,35,0,0.2671312391757965
methodB,ambiguous,polite,35,1,0.20850715041160583
methodB,ambiguous,polite,35,2,0.3445054888725281
methodB,ambiguous,polite,35,3,0.3892066478729248
methodB,ambiguous,polite,35,4,0.4241284728050232
methodB,ambiguous,polite,35,5,0.49862372875213623
methodB,ambiguous,polite,35,6,0.5153366923332214
methodB,ambiguous,polite,35,7,0.6631733775138855
methodB,ambiguous,polite,35,8,0.6490230560302734
methodB,ambiguous,polite,35,9,0.539078950881958
methodB,ambiguous,polite,35,10,0.5397981405258179
methodB,ambiguous,polite,35,11,0.5742497444152832
methodB,ambiguous,polite,35,12,0.5904514193534851
methodB,ambiguous,polite,35,13,0.6283686757087708
methodB,ambiguous,polite,35,14,0.6992686986923218
methodB,ambiguous,polite,35,15,0.6808856129646301
methodB,ambiguous,polite,35,16,0.6455291509628296
methodB,ambiguous,polite,35,17,0.6656914949417114
methodB,ambiguous,polite,35,18,0.6620439887046814
methodB,ambiguous,polite,35,19,0.6861277222633362
methodB,polite,polite,36,0,0.20994830131530762
methodB,polite,polite,36,1,0.09276251494884491
methodB,polite,polite,36,2,0.14600199460983276
methodB,polite,polite,36,3,0.2323320209980011
methodB,polite,polite,36,4,0.27725645899772644
methodB,polite,polite,36,5,0.28781840205192566
methodB,polite,polite,36,6,0.3118304908275604
methodB,polite,polite,36,7,0.3205694556236267
methodB,polite,polite,36,8,0.29922598600387573
methodB,polite,polite,36,9,0.3215256929397583
methodB,polite,polite,36,10,0.3704545199871063
methodB,polite,polite,36,11,0.4182325303554535
methodB,polite,polite,36,12,0.4540136456489563
methodB,polite,polite,36,13,0.4327123463153839
methodB,polite,polite,36,14,0.44067543745040894
methodB,polite,polite,36,15,0.4688403606414795
methodB,polite,polite,36,16,0.4925510287284851
methodB,polite,polite,36,17,0.4845331907272339
methodB,polite,polite,36,18,0.4752311110496521
methodB,polite,polite,36,19,0.4827382266521454
methodB,truesmile,polite,36,0,0.2136802077293396
methodB,truesmile,polite,36,1,0.17514272034168243
methodB,truesmile,polite,36,2,0.3353992998600006
methodB,truesmile,polite,36,3,0.33852073550224304
methodB,truesmile,polite,36,4,0.45555830001831055
methodB,truesmile,polite,36,5,0.4542767405509949
methodB,truesmile,polite,36,6,0.4443574845790863
methodB,truesmile,polite,36,7,0.46694737672805786
methodB,truesmile,polite,36,8,0.48278918862342834
methodB,truesmile,polite,36,9,0.44437023997306824
methodB,truesmile,polite,36,10,0.4432971477508545
methodB,truesmile,polite,36,11,0.4485729932785034
methodB,truesmile,polite,36,12,0.4567137062549591
methodB,truesmile,polite,36,13,0.521331787109375
methodB,truesmile,polite,36,14,0.6201412081718445
methodB,truesmile,polite,36,15,0.6089203953742981
methodB,truesmile,polite,36,16,0.6274365782737732
methodB,truesmile,polite,36,17,0.6236274242401123
methodB,truesmile,polite,36,18,0.6794930696487427
methodB,truesmile,polite,36,19,0.6727778315544128
methodB,ambiguous,polite,36,0,0.17700974643230438
methodB,ambiguous,polite,36,1,0.09378250688314438
methodB,ambiguous,polite,36,2,0.12277092039585114
methodB,ambiguous,polite,36,3,0.2441474050283432
methodB,ambiguous,polite,36,4,0.25850194692611694
methodB,ambiguous,polite,36,5,0.2686544954776764
methodB,ambiguous,polite,36,6,0.2715946137905121
methodB,ambiguous,polite,36,7,0.4206624925136566
methodB,ambiguous,polite,36,8,0.42502862215042114
methodB,ambiguous,polite,36,9,0.33185529708862305
methodB,ambiguous,polite,36,10,0.3135540783405304
methodB,ambiguous,polite,36,11,0.33280718326568604
methodB,ambiguous,polite,36,12,0.3214648962020874
methodB,ambiguous,polite,36,13,0.35599759221076965
methodB,ambiguous,polite,36,14,0.4022522270679474
methodB,ambiguous,polite,36,15,0.4489707350730896
methodB,ambiguous,polite,36,16,0.4607650637626648
methodB,ambiguous,polite,36,17,0.4466021656990051
methodB,ambiguous,polite,36,18,0.45091712474823
methodB,ambiguous,polite,36,19,0.4710823595523834
methodB,polite,polite,37,0,0.14923912286758423
methodB,polite,polite,37,1,0.10613501071929932
methodB,polite,polite,37,2,0.22418074309825897
methodB,polite,polite,37,3,0.3039591610431671
methodB,polite,polite,37,4,0.4099588692188263
methodB,polite,polite,37,5,0.4807325601577759
methodB,polite,polite,37,6,0.49818989634513855
methodB,polite,polite,37,7,0.48956099152565
methodB,polite,polite,37,8,0.5485514998435974
methodB,polite,polite,37,9,0.579845666885376
methodB,polite,polite,37,10,0.47058841586112976
methodB,polite,polite,37,11,0.4904482364654541
methodB,polite,polite,37,12,0.6346572041511536
methodB,polite,polite,37,13,0.6700600385665894
methodB,polite,polite,37,14,0.5578422546386719
methodB,polite,polite,37,15,0.6503894925117493
methodB,polite,polite,37,16,0.6714699864387512
methodB,polite,polite,37,17,0.6382801532745361
methodB,polite,polite,37,18,0.659855306148529
methodB,polite,polite,37,19,0.6900896430015564
methodB,truesmile,polite,37,0,0.16553692519664764
methodB,truesmile,polite,37,1,0.18279999494552612
methodB,truesmile,polite,37,2,0.4258507192134857
methodB,truesmile,polite,37,3,0.42905208468437195
methodB,truesmile,polite,37,4,0.571310818195343
methodB,truesmile,polite,37,5,0.5938875675201416
methodB,truesmile,polite,37,6,0.6175857186317444
methodB,truesmile,polite,37,7,0.6060492992401123
methodB,truesmile,polite,37,8,0.6632043719291687
methodB,truesmile,polite,37,9,0.6785423755645752
methodB,truesmile,polite,37,10,0.5929685235023499
methodB,truesmile,polite,37,11,0.5990141034126282
methodB,truesmile,polite,37,12,0.7587424516677856
methodB,truesmile,polite,37,13,0.8136036992073059
methodB,truesmile,polite,37,14,0.7461342215538025
methodB,truesmile,polite,37,15,0.7881728410720825
methodB,truesmile,polite,37,16,0.7946709394454956
methodB,truesmile,polite,37,17,0.7810813784599304
methodB,truesmile,polite,37,18,0.7721956372261047
methodB,truesmile,polite,37,19,0.7176065444946289
methodB,ambiguous,polite,37,0,0.1396101862192154
methodB,ambiguous,polite,37,1,0.1058589369058609
methodB,ambiguous,polite,37,2,0.2278144806623459
methodB,ambiguous,polite,37,3,0.33706068992614746
methodB,ambiguous,polite,37,4,0.43129631876945496
methodB,ambiguous,polite,37,5,0.4818582534790039
methodB,ambiguous,polite,37,6,0.4961856007575989
methodB,ambiguous,polite,37,7,0.5987036228179932
methodB,ambiguous,polite,37,8,0.6334040760993958
methodB,ambiguous,polite,37,9,0.6452932953834534
methodB,ambiguous,polite,37,10,0.48063936829566956
methodB,ambiguous,polite,37,11,0.45912036299705505
methodB,ambiguous,polite,37,12,0.5793296694755554
methodB,ambiguous,polite,37,13,0.5989095568656921
methodB,ambiguous,polite,37,14,0.5441005825996399
methodB,ambiguous,polite,37,15,0.5679667592048645
methodB,ambiguous,polite,37,16,0.6347221732139587
methodB,ambiguous,polite,37,17,0.6379873156547546
methodB,ambiguous,polite,37,18,0.6795454025268555
methodB,ambiguous,polite,37,19,0.7235317826271057
methodB,polite,polite,38,0,0.11280132830142975
methodB,polite,polite,38,1,0.1856604814529419
methodB,polite,polite,38,2,0.22472938895225525
methodB,polite,polite,38,3,0.23548626899719238
methodB,polite,polite,38,4,0.3459419906139374
methodB,polite,polite,38,5,0.39445728063583374
methodB,polite,polite,38,6,0.4049708843231201
methodB,polite,polite,38,7,0.4197444021701813
methodB,polite,polite,38,8,0.4320259392261505
methodB,polite,polite,38,9,0.4486609399318695
methodB,polite,polite,38,10,0.4628794193267822
methodB,polite,polite,38,11,0.5301066040992737
methodB,polite,polite,38,12,0.5619258284568787
methodB,polite,polite,38,13,0.7301698923110962
methodB,polite,polite,38,14,0.7277289628982544
methodB,polite,polite,38,15,0.6853106021881104
methodB,polite,polite,38,16,0.6863346695899963
methodB,polite,polite,38,17,0.7208088636398315
methodB,polite,polite,38,18,0.7145596146583557
methodB,polite,polite,38,19,0.7108094692230225
methodB,truesmile,polite,38,0,0.1726343184709549
methodB,truesmile,polite,38,1,0.23368805646896362
methodB,truesmile,polite,38,2,0.3935047388076782
methodB,truesmile,polite,38,3,0.4191085994243622
methodB,truesmile,polite,38,4,0.5276705026626587
methodB,truesmile,polite,38,5,0.5505260825157166
methodB,truesmile,polite,38,6,0.5595826506614685
methodB,truesmile,polite,38,7,0.5680846571922302
methodB,truesmile,polite,38,8,0.5908412933349609
methodB,truesmile,polite,38,9,0.5515950322151184
methodB,truesmile,polite,38,10,0.5617595911026001
methodB,truesmile,polite,38,11,0.5842702984809875
methodB,truesmile,polite,38,12,0.6786178350448608
methodB,truesmile,polite,38,13,0.8908771872520447
methodB,truesmile,polite,38,14,0.9253440499305725
methodB,truesmile,polite,38,15,0.8319743871688843
methodB,truesmile,polite,38,16,0.8308342695236206
methodB,truesmile,polite,38,17,0.8074432611465454
methodB,truesmile,polite,38,18,0.8246634006500244
methodB,truesmile,polite,38,19,0.8010638356208801
methodB,ambiguous,polite,38,0,0.1044977456331253
methodB,ambiguous,polite,38,1,0.18897943198680878
methodB,ambiguous,polite,38,2,0.2169508934020996
methodB,ambiguous,polite,38,3,0.2349403351545334
methodB,ambiguous,polite,38,4,0.2809079885482788
methodB,ambiguous,polite,38,5,0.3215041756629944
methodB,ambiguous,polite,38,6,0.35262632369995117
methodB,ambiguous,polite,38,7,0.4795263409614563
methodB,ambiguous,polite,38,8,0.5214148163795471
methodB,ambiguous,polite,38,9,0.45449361205101013
methodB,ambiguous,polite,38,10,0.4684997498989105
methodB,ambiguous,polite,38,11,0.48193836212158203
methodB,ambiguous,polite,38,12,0.504441499710083
methodB,ambiguous,polite,38,13,0.6713234782218933
methodB,ambiguous,polite,38,14,0.6959809064865112
methodB,ambiguous,polite,38,15,0.591063380241394
methodB,ambiguous,polite,38,16,0.6206194162368774
methodB,ambiguous,polite,38,17,0.6563732624053955
methodB,ambiguous,polite,38,18,0.7046446800231934
methodB,ambiguous,polite,38,19,0.6867738962173462
methodB,polite,polite,39,0,0.10849983990192413
methodB,polite,polite,39,1,0.07051850110292435
methodB,polite,polite,39,2,0.09893951565027237
methodB,polite,polite,39,3,0.1562989205121994
methodB,polite,polite,39,4,0.24851953983306885
methodB,polite,polite,39,5,0.3058331608772278
methodB,polite,polite,39,6,0.34004348516464233
methodB,polite,polite,39,7,0.3502715229988098
methodB,polite,polite,39,8,0.4179229736328125
methodB,polite,polite,39,9,0.48753759264945984
methodB,polite,polite,39,10,0.5769488215446472
methodB,polite,polite,39,11,0.6427698731422424
methodB,polite,polite,39,12,0.6598438024520874
methodB,polite,polite,39,13,0.7160990238189697
methodB,polite,polite,39,14,0.7614249587059021
methodB,polite,polite,39,15,0.7696818709373474
methodB,polite,polite,39,16,0.7962188124656677
methodB,polite,polite,39,17,0.8283640146255493
methodB,polite,polite,39,18,0.8067060708999634
methodB,polite,polite,39,19,0.8286561369895935
methodB,truesmile,polite,39,0,0.1431833803653717
methodB,truesmile,polite,39,1,0.1703455150127411
methodB,truesmile,polite,39,2,0.331100732088089
methodB,truesmile,polite,39,3,0.33232370018959045
methodB,truesmile,polite,39,4,0.44705021381378174
methodB,truesmile,polite,39,5,0.4495260715484619
methodB,truesmile,polite,39,6,0.4698553681373596
methodB,truesmile,polite,39,7,0.47668978571891785
methodB,truesmile,polite,39,8,0.5720236897468567
methodB,truesmile,polite,39,9,0.5983014702796936
methodB,truesmile,polite,39,10,0.6912487149238586
methodB,truesmile,polite,39,11,0.7053332924842834
methodB,truesmile,polite,39,12,0.7131014466285706
methodB,truesmile,polite,39,13,0.8457916975021362
methodB,truesmile,polite,39,14,0.9163806438446045
methodB,truesmile,polite,39,15,0.9102230072021484
methodB,truesmile,polite,39,16,0.9561952352523804
methodB,truesmile,polite,39,17,0.9653470516204834
methodB,truesmile,polite,39,18,0.9767377972602844
methodB,truesmile,polite,39,19,0.9500320553779602
methodB,ambiguous,polite,39,0,0.09722048789262772
methodB,ambiguous,polite,39,1,0.07060153037309647
methodB,ambiguous,polite,39,2,0.09379775822162628
methodB,ambiguous,polite,39,3,0.16704177856445312
methodB,ambiguous,polite,39,4,0.22734813392162323
methodB,ambiguous,polite,39,5,0.25067317485809326
methodB,ambiguous,polite,39,6,0.28916898369789124
methodB,ambiguous,polite,39,7,0.4356480836868286
methodB,ambiguous,polite,39,8,0.5423840880393982
methodB,ambiguous,polite,39,9,0.506828248500824
methodB,ambiguous,polite,39,10,0.6231898069381714
methodB,ambiguous,polite,39,11,0.6985253095626831
methodB,ambiguous,polite,39,12,0.652363121509552
methodB,ambiguous,polite,39,13,0.7187215089797974
methodB,ambiguous,polite,39,14,0.8105825185775757
methodB,ambiguous,polite,39,15,0.7795572876930237
methodB,ambiguous,polite,39,16,0.7778530716896057
methodB,ambiguous,polite,39,17,0.7985424399375916
methodB,ambiguous,polite,39,18,0.8043709993362427
methodB,ambiguous,polite,39,19,0.798721194267273
methodB,polite,polite,4,0,0.15979592502117157
methodB,polite,polite,4,1,0.13401702046394348
methodB,polite,polite,4,2,0.2664410173892975
methodB,polite,polite,4,3,0.33403971791267395
methodB,polite,polite,4,4,0.4568541646003723
methodB,polite,polite,4,5,0.45746347308158875
methodB,polite,polite,4,6,0.4480355679988861
methodB,polite,polite,4,7,0.4570058286190033
methodB,polite,polite,4,8,0.4712914526462555
methodB,polite,polite,4,9,0.5045432448387146
methodB,polite,polite,4,10,0.5202104449272156
methodB,polite,polite,4,11,0.5196352005004883
methodB,polite,polite,4,12,0.49660927057266235
methodB,polite,polite,4,13,0.47605106234550476
methodB,polite,polite,4,14,0.554381787776947
methodB,polite,polite,4,15,0.5877676010131836
methodB,polite,polite,4,16,0.5375205874443054
methodB,polite,polite,4,17,0.4942505359649658
methodB,polite,polite,4,18,0.5801247954368591
methodB,polite,polite,4,19,0.5479020476341248
methodB,truesmile,polite,4,0,0.18894724547863007
methodB,truesmile,polite,4,1,0.21187767386436462
methodB,truesmile,polite,4,2,0.4626600444316864
methodB,truesmile,polite,4,3,0.5063217282295227
methodB,truesmile,polite,4,4,0.6303204894065857
methodB,truesmile,polite,4,5,0.629094123840332
methodB,truesmile,polite,4,6,0.6309034824371338
methodB,truesmile,polite,4,7,0.6237555742263794
methodB,truesmile,polite,4,8,0.655856192111969
methodB,truesmile,polite,4,9,0.62330162525177
methodB,truesmile,polite,4,10,0.621665894985199
methodB,truesmile,polite,4,11,0.6105280518531799
methodB,truesmile,polite,4,12,0.6079649925231934
methodB,truesmile,polite,4,13,0.6137414574623108
methodB,truesmile,polite,4,14,0.6988572478294373
methodB,truesmile,polite,4,15,0.6886645555496216
methodB,truesmile,polite,4,16,0.6605694890022278
methodB,truesmile,polite,4,17,0.6739779710769653
methodB,truesmile,polite,4,18,0.7720537781715393
methodB,truesmile,polite,4,19,0.7152388095855713
methodB,ambiguous,polite,4,0,0.15335185825824738
methodB,ambiguous,polite,4,1,0.13199642300605774
methodB,ambiguous,polite,4,2,0.2740349769592285
methodB,ambiguous,polite,4,3,0.36587613821029663
methodB,ambiguous,polite,4,4,0.4348158836364746
methodB,ambiguous,polite,4,5,0.44054195284843445
methodB,ambiguous,polite,4,6,0.44801780581474304
methodB,ambiguous,polite,4,7,0.5512828826904297
methodB,ambiguous,polite,4,8,0.5789308547973633
methodB,ambiguous,polite,4,9,0.5216723084449768
methodB,ambiguous,polite,4,10,0.47936347126960754
methodB,ambiguous,polite,4,11,0.469317227602005
methodB,ambiguous,polite,4,12,0.4212903678417206
methodB,ambiguous,polite,4,13,0.49540576338768005
methodB,ambiguous,polite,4,14,0.5794528722763062
methodB,ambiguous,polite,4,15,0.531103253364563
methodB,ambiguous,polite,4,16,0.5119031667709351
methodB,ambiguous,polite,4,17,0.4824340343475342
methodB,ambiguous,polite,4,18,0.5473031997680664
methodB,ambiguous,polite,4,19,0.5398730635643005
methodB,polite,polite,40,0,0.2538630962371826
methodB,polite,polite,40,1,0.25737959146499634
methodB,polite,polite,40,2,0.36891549825668335
methodB,polite,polite,40,3,0.35375016927719116
methodB,polite,polite,40,4,0.29477566480636597
methodB,polite,polite,40,5,0.46657735109329224
methodB,polite,polite,40,6,0.48168832063674927
methodB,polite,polite,40,7,0.48965585231781006
methodB,polite,polite,40,8,0.47516465187072754
methodB,polite,polite,40,9,0.511954665184021
methodB,polite,polite,40,10,0.5108721852302551
methodB,polite,polite,40,11,0.5668833255767822
methodB,polite,polite,40,12,0.5741972923278809
methodB,polite,polite,40,13,0.5779916048049927
methodB,polite,polite,40,14,0.5973528027534485
methodB,polite,polite,40,15,0.6382036805152893
methodB,polite,polite,40,16,0.6533225178718567
methodB,polite,polite,40,17,0.6552243828773499
methodB,polite,polite,40,18,0.7014514207839966
methodB,polite,polite,40,19,0.6797316670417786
methodB,truesmile,polite,40,0,0.2707882225513458
methodB,truesmile,polite,40,1,0.30161169171333313
methodB,truesmile,polite,40,2,0.4411265254020691
methodB,truesmile,polite,40,3,0.4280931055545807
methodB,truesmile,polite,40,4,0.47640588879585266
methodB,truesmile,polite,40,5,0.5908586978912354
methodB,truesmile,polite,40,6,0.5521485209465027
methodB,truesmile,polite,40,7,0.5756561160087585
methodB,truesmile,polite,40,8,0.5654326677322388
methodB,truesmile,polite,40,9,0.5915360450744629
methodB,truesmile,polite,40,10,0.6362700462341309
methodB,truesmile,polite,40,11,0.6637395620346069
methodB,truesmile,polite,40,12,0.6807649731636047
methodB,truesmile,polite,40,13,0.755310595035553
methodB,truesmile,polite,40,14,0.7878392338752747
methodB,truesmile,polite,40,15,0.7743731737136841
methodB,truesmile,polite,40,16,0.7365538477897644
methodB,truesmile,polite,40,17,0.7198002934455872
methodB,truesmile,polite,40,18,0.8086031675338745
methodB,truesmile,polite,40,19,0.8500773906707764
methodB,ambiguous,polite,40,0,0.24038484692573547
methodB,ambiguous,polite,40,1,0.2489948570728302
methodB,ambiguous,polite,40,2,0.3612655699253082
methodB,ambiguous,polite,40,3,0.36701682209968567
methodB,ambiguous,polite,40,4,0.2992134392261505
methodB,ambiguous,polite,40,5,0.43013474345207214
methodB,ambiguous,polite,40,6,0.4293133318424225
methodB,ambiguous,polite,40,7,0.5610646605491638
methodB,ambiguous,polite,40,8,0.5740726590156555
methodB,ambiguous,polite,40,9,0.5486980676651001
methodB,ambiguous,polite,40,10,0.5717134475708008
methodB,ambiguous,polite,40,11,0.5486615896224976
methodB,ambiguous,polite,40,12,0.5371811985969543
methodB,ambiguous,polite,40,13,0.5106210708618164
methodB,ambiguous,polite,40,14,0.5341135263442993
methodB,ambiguous,polite,40,15,0.5571008920669556
methodB,ambiguous,polite,40,16,0.5838386416435242
methodB,ambiguous,polite,40,17,0.6074952483177185
methodB,ambiguous,polite,40,18,0.6296029686927795
methodB,ambiguous,polite,40,19,0.6329127550125122
methodB,polite,polite,41,0,0.089037224650383
methodB,polite,polite,41,1,0.07738395780324936
methodB,polite,polite,41,2,0.1448841243982315
methodB,polite,polite,41,3,0.2839326560497284
methodB,polite,polite,41,4,0.3755044639110565
methodB,polite,polite,41,5,0.42601969838142395
methodB,polite,polite,41,6,0.46185925602912903
methodB,polite,polite,41,7,0.41799700260162354
methodB,polite,polite,41,8,0.4418948292732239
methodB,polite,polite,41,9,0.5930782556533813
methodB,polite,polite,41,10,0.5871804356575012
methodB,polite,polite,41,11,0.5412713289260864
methodB,polite,polite,41,12,0.5253899693489075
methodB,polite,polite,41,13,0.5292857885360718
methodB,polite,polite,41,14,0.5712026953697205
methodB,polite,polite,41,15,0.5477839112281799
methodB,polite,polite,41,16,0.5338476300239563
methodB,polite,polite,41,17,0.5857955813407898
methodB,polite,polite,41,18,0.5095624923706055
methodB,polite,polite,41,19,0.5453215837478638
methodB,truesmile,polite,41,0,0.13578936457633972
methodB,truesmile,polite,41,1,0.1788199096918106
methodB,truesmile,polite,41,2,0.3529373109340668
methodB,truesmile,polite,41,3,0.41083088517189026
methodB,truesmile,polite,41,4,0.4922764003276825
methodB,truesmile,polite,41,5,0.4951152205467224
methodB,truesmile,polite,41,6,0.5054968595504761
methodB,truesmile,polite,41,7,0.4878036677837372
methodB,truesmile,polite,41,8,0.5414248704910278
methodB,truesmile,polite,41,9,0.6097274422645569
methodB,truesmile,polite,41,10,0.625372588634491
methodB,truesmile,polite,41,11,0.6122470498085022
methodB,truesmile,polite,41,12,0.6013616323471069
methodB,truesmile,polite,41,13,0.6347867250442505
methodB,truesmile,polite,41,14,0.6918550729751587
methodB,truesmile,polite,41,15,0.6631828546524048
methodB,truesmile,polite,41,16,0.6452407240867615
methodB,truesmile,polite,41,17,0.6218546628952026
methodB,truesmile,polite,41,18,0.6181061267852783
methodB,truesmile,polite,41,19,0.636868953704834
methodB,ambiguous,polite,41,0,0.07777349650859833
methodB,ambiguous,polite,41,1,0.07808034867048264
methodB,ambiguous,polite,41,2,0.14732715487480164
methodB,ambiguous,polite,41,3,0.27282339334487915
methodB,ambiguous,polite,41,4,0.31653696298599243
methodB,ambiguous,polite,41,5,0.341930627822876
methodB,ambiguous,polite,41,6,0.3505995273590088
methodB,ambiguous,polite,41,7,0.4029648005962372
methodB,ambiguous,polite,41,8,0.4772971570491791
methodB,ambiguous,polite,41,9,0.5174197554588318
methodB,ambiguous,polite,41,10,0.538146436214447
methodB,ambiguous,polite,41,11,0.5669938325881958
methodB,ambiguous,polite,41,12,0.48297569155693054
methodB,ambiguous,polite,41,13,0.5382089614868164
methodB,ambiguous,polite,41,14,0.5814648866653442
methodB,ambiguous,polite,41,15,0.5719563364982605
methodB,ambiguous,polite,41,16,0.5798510909080505
methodB,ambiguous,polite,41,17,0.6287021636962891
methodB,ambiguous,polite,41,18,0.529284656047821
methodB,ambiguous,polite,41,19,0.5518726706504822
methodB,polite,polite,42,0,0.13067905604839325
methodB,polite,polite,42,1,0.0780600979924202
methodB,polite,polite,42,2,0.10355781018733978
methodB,polite,polite,42,3,0.2253878265619278
methodB,polite,polite,42,4,0.35031116008758545
methodB,polite,polite,42,5,0.39159536361694336
methodB,polite,polite,42,6,0.41414621472358704
methodB,polite,polite,42,7,0.4917678236961365
methodB,polite,polite,42,8,0.5061035752296448
methodB,polite,polite,42,9,0.46966350078582764
methodB,polite,polite,42,10,0.4907432794570923
methodB,polite,polite,42,11,0.5359354615211487
methodB,polite,polite,42,12,0.6023804545402527
methodB,polite,polite,42,13,0.6497141718864441
methodB,polite,polite,42,14,0.5897631645202637
methodB,polite,polite,42,15,0.569165050983429
methodB,polite,polite,42,16,0.5950590968132019
methodB,polite,polite,42,17,0.6167723536491394
methodB,polite,polite,42,18,0.6332078576087952
methodB,polite,polite,42,19,0.6855797171592712
methodB,truesmile,polite,42,0,0.1735374480485916
methodB,truesmile,polite,42,1,0.18289372324943542
methodB,truesmile,polite,42,2,0.33151015639305115
methodB,truesmile,polite,42,3,0.3417399227619171
methodB,truesmile,polite,42,4,0.46261855959892273
methodB,truesmile,polite,42,5,0.4985464811325073
methodB,truesmile,polite,42,6,0.5211027264595032
methodB,truesmile,polite,42,7,0.5679984092712402
methodB,truesmile,polite,42,8,0.5919002294540405
methodB,truesmile,polite,42,9,0.5645996928215027
methodB,truesmile,polite,42,10,0.5681678652763367
methodB,truesmile,polite,42,11,0.6243389844894409
methodB,truesmile,polite,42,12,0.6698740720748901
methodB,truesmile,polite,42,13,0.8078949451446533
methodB,truesmile,polite,42,14,0.828394889831543
methodB,truesmile,polite,42,15,0.795897364616394
methodB,truesmile,polite,42,16,0.8288478255271912
methodB,truesmile,polite,42,17,0.7989417314529419
methodB,truesmile,polite,42,18,0.8106012940406799
methodB,truesmile,polite,42,19,0.8178558349609375
methodB,ambiguous,polite,42,0,0.12716883420944214
methodB,ambiguous,polite,42,1,0.08412336558103561
methodB,ambiguous,polite,42,2,0.10217190533876419
methodB,ambiguous,polite,42,3,0.24163784086704254
methodB,ambiguous,polite,42,4,0.35099557042121887
methodB,ambiguous,polite,42,5,0.3707900643348694
methodB,ambiguous,polite,42,6,0.35698243975639343
methodB,ambiguous,polite,42,7,0.5577560663223267
methodB,ambiguous,polite,42,8,0.5869870781898499
methodB,ambiguous,polite,42,9,0.45657816529273987
methodB,ambiguous,polite,42,10,0.4354422986507416
methodB,ambiguous,polite,42,11,0.4809291958808899
methodB,ambiguous,polite,42,12,0.5249952673912048
methodB,ambiguous,polite,42,13,0.5796505808830261
methodB,ambiguous,polite,42,14,0.582825779914856
methodB,ambiguous,polite,42,15,0.532853901386261
methodB,ambiguous,polite,42,16,0.5553271174430847
methodB,ambiguous,polite,42,17,0.5480501651763916
methodB,ambiguous,polite,42,18,0.5811572670936584
methodB,ambiguous,polite,42,19,0.6257041096687317
methodB,polite,polite,43,0,0.12114719301462173
methodB,polite,polite,43,1,0.18967168033123016
methodB,polite,polite,43,2,0.24079683423042297
methodB,polite,polite,43,3,0.2350873500108719
methodB,polite,polite,43,4,0.31411081552505493
methodB,polite,polite,43,5,0.3586480915546417
methodB,polite,polite,43,6,0.3442644774913788
methodB,polite,polite,43,7,0.42236843705177307
methodB,polite,polite,43,8,0.4351123869419098
methodB,polite,polite,43,9,0.447679728269577
methodB,polite,polite,43,10,0.4154340922832489
methodB,polite,polite,43,11,0.435089111328125
methodB,polite,polite,43,12,0.5047100186347961
methodB,polite,polite,43,13,0.4808519184589386
methodB,polite,polite,43,14,0.478192538022995
methodB,polite,polite,43,15,0.4689689874649048
methodB,polite,polite,43,16,0.46860381960868835
methodB,polite,polite,43,17,0.5019723176956177
methodB,polite,polite,43,18,0.47891315817832947
methodB,polite,polite,43,19,0.48093223571777344
methodB,truesmile,polite,43,0,0.14515341818332672
methodB,truesmile,polite,43,1,0.25109079480171204
methodB,truesmile,polite,43,2,0.40497103333473206
methodB,truesmile,polite,43,3,0.3843882381916046
methodB,truesmile,polite,43,4,0.4857651889324188
methodB,truesmile,polite,43,5,0.5090926885604858
methodB,truesmile,polite,43,6,0.4794459044933319
methodB,truesmile,polite,43,7,0.5327797532081604
methodB,truesmile,polite,43,8,0.5733704566955566
methodB,truesmile,polite,43,9,0.5547577142715454
methodB,truesmile,polite,43,10,0.5704445242881775
methodB,truesmile,polite,43,11,0.5890251398086548
methodB,truesmile,polite,43,12,0.6325976252555847
methodB,truesmile,polite,43,13,0.6715528964996338
methodB,truesmile,polite,43,14,0.7060375213623047
methodB,truesmile,polite,43,15,0.6808677911758423
methodB,truesmile,polite,43,16,0.6777900457382202
methodB,truesmile,polite,43,17,0.6539091467857361
methodB,truesmile,polite,43,18,0.6379687786102295
methodB,truesmile,polite,43,19,0.6539875268936157
methodB,ambiguous,polite,43,0,0.10420826822519302
methodB,ambiguous,polite,43,1,0.18792006373405457
methodB,ambiguous,polite,43,2,0.23530207574367523
methodB,ambiguous,polite,43,3,0.24718058109283447
methodB,ambiguous,polite,43,4,0.27579060196876526
methodB,ambiguous,polite,43,5,0.32807961106300354
methodB,ambiguous,polite,43,6,0.2882113456726074
methodB,ambiguous,polite,43,7,0.48337122797966003
methodB,ambiguous,polite,43,8,0.5440441370010376
methodB,ambiguous,polite,43,9,0.49383270740509033
methodB,ambiguous,polite,43,10,0.48841971158981323
methodB,ambiguous,polite,43,11,0.4889914095401764
methodB,ambiguous,polite,43,12,0.48209601640701294
methodB,ambiguous,polite,43,13,0.4707419276237488
methodB,ambiguous,polite,43,14,0.5060868859291077
methodB,ambiguous,polite,43,15,0.4577668607234955
methodB,ambiguous,polite,43,16,0.46924516558647156
methodB,ambiguous,polite,43,17,0.5180940628051758
methodB,ambiguous,polite,43,18,0.5120300054550171
methodB,ambiguous,polite,43,19,0.5397117137908936
methodB,polite,polite,45,0,0.10540784895420074
methodB,polite,polite,45,1,0.07056142389774323
methodB,polite,polite,45,2,0.4152567982673645
methodB,polite,polite,45,3,0.5554214119911194
methodB,polite,polite,45,4,0.5313817262649536
methodB,polite,polite,45,5,0.6117891669273376
methodB,polite,polite,45,6,0.5136469602584839
methodB,polite,polite,45,7,0.6430810689926147
methodB,polite,polite,45,8,0.7499085068702698
methodB,polite,polite,45,9,0.7435142993927002
methodB,polite,polite,45,10,0.6765378713607788
methodB,polite,polite,45,11,0.6893063187599182
methodB,polite,polite,45,12,0.671832799911499
methodB,polite,polite,45,13,0.6037752628326416
methodB,polite,polite,45,14,0.582703173160553
methodB,polite,polite,45,15,0.6895276308059692
methodB,polite,polite,45,16,0.8190523982048035
methodB,polite,polite,45,17,0.6241275668144226
methodB,polite,polite,45,18,0.49265456199645996
methodB,polite,polite,45,19,0.5127994418144226
methodB,truesmile,polite,45,0,0.1500403732061386
methodB,truesmile,polite,45,1,0.17670133709907532
methodB,truesmile,polite,45,2,0.5367031097412109
methodB,truesmile,polite,45,3,0.5970330238342285
methodB,truesmile,polite,45,4,0.6853442192077637
methodB,truesmile,polite,45,5,0.6836447715759277
methodB,truesmile,polite,45,6,0.6804996728897095
methodB,truesmile,polite,45,7,0.747341513633728
methodB,truesmile,polite,45,8,0.831526517868042
methodB,truesmile,polite,45,9,0.7951601147651672
methodB,truesmile,polite,45,10,0.7638319134712219
methodB,truesmile,polite,45,11,0.8006047606468201
methodB,truesmile,polite,45,12,0.7771155834197998
methodB,truesmile,polite,45,13,0.7544470429420471
methodB,truesmile,polite,45,14,0.8553270697593689
methodB,truesmile,polite,45,15,0.906853199005127
methodB,truesmile,polite,45,16,0.9490300416946411
methodB,truesmile,polite,45,17,0.8185901045799255
methodB,truesmile,polite,45,18,0.7134156227111816
methodB,truesmile,polite,45,19,0.7314413785934448
methodB,ambiguous,polite,45,0,0.10053329914808273
methodB,ambiguous,polite,45,1,0.0712486207485199
methodB,ambiguous,polite,45,2,0.4091154932975769
methodB,ambiguous,polite,45,3,0.5760637521743774
methodB,ambiguous,polite,45,4,0.5594789981842041
methodB,ambiguous,polite,45,5,0.6173608303070068
methodB,ambiguous,polite,45,6,0.523902177810669
methodB,ambiguous,polite,45,7,0.6762309074401855
methodB,ambiguous,polite,45,8,0.7562030553817749
methodB,ambiguous,polite,45,9,0.7207310199737549
methodB,ambiguous,polite,45,10,0.6764233112335205
methodB,ambiguous,polite,45,11,0.6733983159065247
methodB,ambiguous,polite,45,12,0.5974682569503784
methodB,ambiguous,polite,45,13,0.567389965057373
methodB,ambiguous,polite,45,14,0.5550538301467896
methodB,ambiguous,polite,45,15,0.6633399128913879
methodB,ambiguous,polite,45,16,0.7836298942565918
methodB,ambiguous,polite,45,17,0.5225070714950562
methodB,ambiguous,polite,45,18,0.4393753409385681
methodB,ambiguous,polite,45,19,0.4733290374279022
methodB,polite,polite,47,0,0.11680527776479721
methodB,polite,polite,47,1,0.10537116229534149
methodB,polite,polite,47,2,0.3377803862094879
methodB,polite,polite,47,3,0.39857447147369385
methodB,polite,polite,47,4,0.5061497092247009
methodB,polite,polite,47,5,0.5988677740097046
methodB,polite,polite,47,6,0.5287927389144897
methodB,polite,polite,47,7,0.6119326949119568
methodB,polite,polite,47,8,0.7550592422485352
methodB,polite,polite,47,9,0.7927488684654236
methodB,polite,polite,47,10,0.8163759708404541
methodB,polite,polite,47,11,0.8409015536308289
methodB,polite,polite,47,12,0.9130157232284546
methodB,polite,polite,47,13,0.9020553231239319
methodB,polite,polite,47,14,0.8761816620826721
methodB,polite,polite,47,15,0.734948992729187
methodB,polite,polite,47,16,0.7232655882835388
methodB,polite,polite,47,17,0.7249739766120911
methodB,polite,polite,47,18,0.7635006308555603
methodB,polite,polite,47,19,0.7472959160804749
methodB,truesmile,polite,47,0,0.1572088599205017
methodB,truesmile,polite,47,1,0.17477275431156158
methodB,truesmile,polite,47,2,0.44315749406814575
methodB,truesmile,polite,47,3,0.4697503447532654
methodB,truesmile,polite,47,4,0.6249188184738159
methodB,truesmile,polite,47,5,0.7128045558929443
methodB,truesmile,polite,47,6,0.6524426341056824
methodB,truesmile,polite,47,7,0.6500434279441833
methodB,truesmile,polite,47,8,0.785993754863739
methodB,truesmile,polite,47,9,0.8195343613624573
methodB,truesmile,polite,47,10,0.8657258749008179
methodB,truesmile,polite,47,11,0.9151487350463867
methodB,truesmile,polite,47,12,1.013388752937317
methodB,truesmile,polite,47,13,1.0259740352630615
methodB,truesmile,polite,47,14,1.03776216506958
methodB,truesmile,polite,47,15,0.905563235282898
methodB,truesmile,polite,47,16,0.8581534028053284
methodB,truesmile,polite,47,17,0.9008288383483887
methodB,truesmile,polite,47,18,0.9850565791130066
methodB,truesmile,polite,47,19,0.9259020686149597
methodB,ambiguous,polite,47,0,0.10527791827917099
methodB,ambiguous,polite,47,1,0.1023641973733902
methodB,ambiguous,polite,47,2,0.3358481228351593
methodB,ambiguous,polite,47,3,0.4087474048137665
methodB,ambiguous,polite,47,4,0.5093950629234314
methodB,ambiguous,polite,47,5,0.6100233197212219
methodB,ambiguous,polite,47,6,0.5157702565193176
methodB,ambiguous,polite,47,7,0.6496922969818115
methodB,ambiguous,polite,47,8,0.7189717888832092
methodB,ambiguous,polite,47,9,0.7366470098495483
methodB,ambiguous,polite,47,10,0.821027398109436
methodB,ambiguous,polite,47,11,0.8451089859008789
methodB,ambiguous,polite,47,12,0.8858799338340759
methodB,ambiguous,polite,47,13,0.8861942291259766
methodB,ambiguous,polite,47,14,0.8648411631584167
methodB,ambiguous,polite,47,15,0.6926819086074829
methodB,ambiguous,polite,47,16,0.6727547645568848
methodB,ambiguous,polite,47,17,0.6768686175346375
methodB,ambiguous,polite,47,18,0.7091599702835083
methodB,ambiguous,polite,47,19,0.7382375597953796
methodB,polite,polite,49,0,0.14095081388950348
methodB,polite,polite,49,1,0.08879702538251877
methodB,polite,polite,49,2,0.16376376152038574
methodB,polite,polite,49,3,0.32533982396125793
methodB,polite,polite,49,4,0.3729289770126343
methodB,polite,polite,49,5,0.41656234860420227
methodB,polite,polite,49,6,0.4098987281322479
methodB,polite,polite,49,7,0.3802646994590759
methodB,polite,polite,49,8,0.40778639912605286
methodB,polite,polite,49,9,0.4350990653038025
methodB,polite,polite,49,10,0.401753693819046
methodB,polite,polite,49,11,0.4094535708427429
methodB,polite,polite,49,12,0.45380979776382446
methodB,polite,polite,49,13,0.43055880069732666
methodB,polite,polite,49,14,0.46945929527282715
methodB,polite,polite,49,15,0.46272221207618713
methodB,polite,polite,49,16,0.49521809816360474
methodB,polite,polite,49,17,0.5037168264389038
methodB,polite,polite,49,18,0.5109089612960815
methodB,polite,polite,49,19,0.5122541189193726
methodB,truesmile,polite,49,0,0.16723720729351044
methodB,truesmile,polite,49,1,0.17772610485553741
methodB,truesmile,polite,49,2,0.35112783312797546
methodB,truesmile,polite,49,3,0.4517036974430084
methodB,truesmile,polite,49,4,0.5014616250991821
methodB,truesmile,polite,49,5,0.5296685099601746
methodB,truesmile,polite,49,6,0.5662674307823181
methodB,truesmile,polite,49,7,0.5530051589012146
methodB,truesmile,polite,49,8,0.5813601016998291
methodB,truesmile,polite,49,9,0.5672532916069031
methodB,truesmile,polite,49,10,0.5509625673294067
methodB,truesmile,polite,49,11,0.5527213215827942
methodB,truesmile,polite,49,12,0.6128934025764465
methodB,truesmile,polite,49,13,0.6492597460746765
methodB,truesmile,polite,49,14,0.7163671255111694
methodB,truesmile,polite,49,15,0.6871724724769592
methodB,truesmile,polite,49,16,0.682616651058197
methodB,truesmile,polite,49,17,0.6921668648719788
methodB,truesmile,polite,49,18,0.6981025338172913
methodB,truesmile,polite,49,19,0.7511552572250366
methodB,ambiguous,polite,49,0,0.1263061761856079
methodB,ambiguous,polite,49,1,0.08421717584133148
methodB,ambiguous,polite,49,2,0.1707432121038437
methodB,ambiguous,polite,49,3,0.33011505007743835
methodB,ambiguous,polite,49,4,0.3680282533168793
methodB,ambiguous,polite,49,5,0.3925398588180542
methodB,ambiguous,polite,49,6,0.3736911118030548
methodB,ambiguous,polite,49,7,0.4861770570278168
methodB,ambiguous,polite,49,8,0.5395804047584534
methodB,ambiguous,polite,49,9,0.5095257759094238
methodB,ambiguous,polite,49,10,0.43897053599357605
methodB,ambiguous,polite,49,11,0.4412141442298889
methodB,ambiguous,polite,49,12,0.44778305292129517
methodB,ambiguous,polite,49,13,0.44887885451316833
methodB,ambiguous,polite,49,14,0.4653650224208832
methodB,ambiguous,polite,49,15,0.4550879895687103
methodB,ambiguous,polite,49,16,0.5026508569717407
methodB,ambiguous,polite,49,17,0.5057438015937805
methodB,ambiguous,polite,49,18,0.48114532232284546
methodB,ambiguous,polite,49,19,0.4666890799999237
methodB,polite,polite,5,0,0.11366025358438492
methodB,polite,polite,5,1,0.18852736055850983
methodB,polite,polite,5,2,0.29653605818748474
methodB,polite,polite,5,3,0.30824241042137146
methodB,polite,polite,5,4,0.38267913460731506
methodB,polite,polite,5,5,0.43051856756210327
methodB,polite,polite,5,6,0.4447631239891052
methodB,polite,polite,5,7,0.5336732864379883
methodB,polite,polite,5,8,0.494647353887558
methodB,polite,polite,5,9,0.4371229410171509
methodB,polite,polite,5,10,0.47348782420158386
methodB,polite,polite,5,11,0.5222809314727783
methodB,polite,polite,5,12,0.5479541420936584
methodB,polite,polite,5,13,0.5607097148895264
methodB,polite,polite,5,14,0.6255620718002319
methodB,polite,polite,5,15,0.6058651208877563
methodB,polite,polite,5,16,0.6011030077934265
methodB,polite,polite,5,17,0.5736456513404846
methodB,polite,polite,5,18,0.5946762561798096
methodB,polite,polite,5,19,0.6055078506469727
methodB,truesmile,polite,5,0,0.15578468143939972
methodB,truesmile,polite,5,1,0.22078090906143188
methodB,truesmile,polite,5,2,0.384630024433136
methodB,truesmile,polite,5,3,0.3828592598438263
methodB,truesmile,polite,5,4,0.4822641909122467
methodB,truesmile,polite,5,5,0.5233263373374939
methodB,truesmile,polite,5,6,0.5667765140533447
methodB,truesmile,polite,5,7,0.6140419244766235
methodB,truesmile,polite,5,8,0.6018955707550049
methodB,truesmile,polite,5,9,0.5409894585609436
methodB,truesmile,polite,5,10,0.5530537962913513
methodB,truesmile,polite,5,11,0.6404552459716797
methodB,truesmile,polite,5,12,0.666387140750885
methodB,truesmile,polite,5,13,0.681989848613739
methodB,truesmile,polite,5,14,0.7468848824501038
methodB,truesmile,polite,5,15,0.7318008542060852
methodB,truesmile,polite,5,16,0.7397428750991821
methodB,truesmile,polite,5,17,0.7040873169898987
methodB,truesmile,polite,5,18,0.7738481163978577
methodB,truesmile,polite,5,19,0.818993866443634
methodB,ambiguous,polite,5,0,0.10264074802398682
methodB,ambiguous,polite,5,1,0.1884215921163559
methodB,ambiguous,polite,5,2,0.2870961129665375
methodB,ambiguous,polite,5,3,0.31825605034828186
methodB,ambiguous,polite,5,4,0.39126691222190857
methodB,ambiguous,polite,5,5,0.40137460827827454
methodB,ambiguous,polite,5,6,0.3978065848350525
methodB,ambiguous,polite,5,7,0.5979686975479126
methodB,ambiguous,polite,5,8,0.5529001951217651
methodB,ambiguous,polite,5,9,0.4622047245502472
methodB,ambiguous,polite,5,10,0.43146806955337524
methodB,ambiguous,polite,5,11,0.5263516902923584
methodB,ambiguous,polite,5,12,0.4455370008945465
methodB,ambiguous,polite,5,13,0.4601860046386719
methodB,ambiguous,polite,5,14,0.517822802066803
methodB,ambiguous,polite,5,15,0.4604119658470154
methodB,ambiguous,polite,5,16,0.46355903148651123
methodB,ambiguous,polite,5,17,0.45782285928726196
methodB,ambiguous,polite,5,18,0.4652840793132782
methodB,ambiguous,polite,5,19,0.4719148874282837
methodB,polite,polite,6,0,0.1858537197113037
methodB,polite,polite,6,1,0.12897372245788574
methodB,polite,polite,6,2,0.3054630756378174
methodB,polite,polite,6,3,0.36127668619155884
methodB,polite,polite,6,4,0.41882702708244324
methodB,polite,polite,6,5,0.48017680644989014
methodB,polite,polite,6,6,0.48661667108535767
methodB,polite,polite,6,7,0.46139660477638245
methodB,polite,polite,6,8,0.44820910692214966
methodB,polite,polite,6,9,0.46036648750305176
methodB,polite,polite,6,10,0.43007490038871765
methodB,polite,polite,6,11,0.4595130980014801
methodB,polite,polite,6,12,0.4924956262111664
methodB,polite,polite,6,13,0.5053722262382507
methodB,polite,polite,6,14,0.5004774928092957
methodB,polite,polite,6,15,0.5281837582588196
methodB,polite,polite,6,16,0.560035228729248
methodB,polite,polite,6,17,0.5452816486358643
methodB,polite,polite,6,18,0.5227725505828857
methodB,polite,polite,6,19,0.5035791397094727
methodB,truesmile,polite,6,0,0.21620583534240723
methodB,truesmile,polite,6,1,0.23687072098255157
methodB,truesmile,polite,6,2,0.42082956433296204
methodB,truesmile,polite,6,3,0.4611661732196808
methodB,truesmile,polite,6,4,0.5477294921875
methodB,truesmile,polite,6,5,0.5877903699874878
methodB,truesmile,polite,6,6,0.5665790438652039
methodB,truesmile,polite,6,7,0.5365167856216431
methodB,truesmile,polite,6,8,0.5616644024848938
methodB,truesmile,polite,6,9,0.529750645160675
methodB,truesmile,polite,6,10,0.5580805540084839
methodB,truesmile,polite,6,11,0.5625165700912476
methodB,truesmile,polite,6,12,0.6109929084777832
methodB,truesmile,polite,6,13,0.6976724863052368
methodB,truesmile,polite,6,14,0.7439045906066895
methodB,truesmile,polite,6,15,0.7371029853820801
methodB,truesmile,polite,6,16,0.7500894069671631
methodB,truesmile,polite,6,17,0.7111782431602478
methodB,truesmile,polite,6,18,0.7042941451072693
methodB,truesmile,polite,6,19,0.6558800339698792
methodB,ambiguous,polite,6,0,0.17646071314811707
methodB,ambiguous,polite,6,1,0.12975703179836273
methodB,ambiguous,polite,6,2,0.28948789834976196
methodB,ambiguous,polite,6,3,0.37868165969848633
methodB,ambiguous,polite,6,4,0.4482664465904236
methodB,ambiguous,polite,6,5,0.4828089475631714
methodB,ambiguous,polite,6,6,0.4311367869377136
methodB,ambiguous,polite,6,7,0.474232941865921
methodB,ambiguous,polite,6,8,0.5001184940338135
methodB,ambiguous,polite,6,9,0.4405048191547394
methodB,ambiguous,polite,6,10,0.4114004075527191
methodB,ambiguous,polite,6,11,0.44752201437950134
methodB,ambiguous,polite,6,12,0.4385959208011627
methodB,ambiguous,polite,6,13,0.46489453315734863
methodB,ambiguous,polite,6,14,0.4617209732532501
methodB,ambiguous,polite,6,15,0.4373089373111725
methodB,ambiguous,polite,6,16,0.5009983777999878
methodB,ambiguous,polite,6,17,0.4872097671031952
methodB,ambiguous,polite,6,18,0.46499961614608765
methodB,ambiguous,polite,6,19,0.4404621124267578
methodB,polite,polite,7,0,0.13109663128852844
methodB,polite,polite,7,1,0.08350277692079544
methodB,polite,polite,7,2,0.23018617928028107
methodB,polite,polite,7,3,0.6354049444198608
methodB,polite,polite,7,4,0.6939608454704285
methodB,polite,polite,7,5,0.6339519023895264
methodB,polite,polite,7,6,0.7363321185112
methodB,polite,polite,7,7,0.7109086513519287
methodB,polite,polite,7,8,0.6382602453231812
methodB,polite,polite,7,9,0.671416163444519
methodB,polite,polite,7,10,0.5823039412498474
methodB,polite,polite,7,11,0.5509918928146362
methodB,polite,polite,7,12,0.596465528011322
methodB,polite,polite,7,13,0.562110185623169
methodB,polite,polite,7,14,0.5710723996162415
methodB,polite,polite,7,15,0.6048494577407837
methodB,polite,polite,7,16,0.6109189987182617
methodB,polite,polite,7,17,0.6518554091453552
methodB,polite,polite,7,18,0.6736993789672852
methodB,polite,polite,7,19,0.6853801012039185
methodB,truesmile,polite,7,0,0.1591573804616928
methodB,truesmile,polite,7,1,0.19336429238319397
methodB,truesmile,polite,7,2,0.38778066635131836
methodB,truesmile,polite,7,3,0.5983532071113586
methodB,truesmile,polite,7,4,0.6287696957588196
methodB,truesmile,polite,7,5,0.6088777184486389
methodB,truesmile,polite,7,6,0.5853334069252014
methodB,truesmile,polite,7,7,0.62392258644104
methodB,truesmile,polite,7,8,0.6148980259895325
methodB,truesmile,polite,7,9,0.6070919036865234
methodB,truesmile,polite,7,10,0.599006712436676
methodB,truesmile,polite,7,11,0.5823264718055725
methodB,truesmile,polite,7,12,0.6198312044143677
methodB,truesmile,polite,7,13,0.6541303992271423
methodB,truesmile,polite,7,14,0.6912218928337097
methodB,truesmile,polite,7,15,0.62618088722229
methodB,truesmile,polite,7,16,0.6601927876472473
methodB,truesmile,polite,7,17,0.6628629565238953
methodB,truesmile,polite,7,18,0.7795210480690002
methodB,truesmile,polite,7,19,0.8268018960952759
methodB,ambiguous,polite,7,0,0.12776215374469757
methodB,ambiguous,polite,7,1,0.08342020958662033
methodB,ambiguous,polite,7,2,0.23818635940551758
methodB,ambiguous,polite,7,3,0.6323695778846741
methodB,ambiguous,polite,7,4,0.6712526082992554
methodB,ambiguous,polite,7,5,0.5986315608024597
methodB,ambiguous,polite,7,6,0.6548159718513489
methodB,ambiguous,polite,7,7,0.6806451082229614
methodB,ambiguous,polite,7,8,0.6364811658859253
methodB,ambiguous,polite,7,9,0.6412917375564575
methodB,ambiguous,polite,7,10,0.6237088441848755
methodB,ambiguous,polite,7,11,0.6062077283859253
methodB,ambiguous,polite,7,12,0.5365111827850342
methodB,ambiguous,polite,7,13,0.4974803328514099
methodB,ambiguous,polite,7,14,0.535683810710907
methodB,ambiguous,polite,7,15,0.5779328942298889
methodB,ambiguous,polite,7,16,0.6082918047904968
methodB,ambiguous,polite,7,17,0.6685410737991333
methodB,ambiguous,polite,7,18,0.6917743682861328
methodB,ambiguous,polite,7,19,0.7120671272277832
methodB,polite,polite,8,0,0.12437354028224945
methodB,polite,polite,8,1,0.11264227330684662
methodB,polite,polite,8,2,0.12919755280017853
methodB,polite,polite,8,3,0.19769687950611115
methodB,polite,polite,8,4,0.2723977565765381
methodB,polite,polite,8,5,0.295814573764801
methodB,polite,polite,8,6,0.48166540265083313
methodB,polite,polite,8,7,0.5309697389602661
methodB,polite,polite,8,8,0.401237815618515
methodB,polite,polite,8,9,0.4033973813056946
methodB,polite,polite,8,10,0.34799250960350037
methodB,polite,polite,8,11,0.38216090202331543
methodB,polite,polite,8,12,0.3897010087966919
methodB,polite,polite,8,13,0.43711358308792114
methodB,polite,polite,8,14,0.4326617121696472
methodB,polite,polite,8,15,0.44068121910095215
methodB,polite,polite,8,16,0.4361235797405243
methodB,polite,polite,8,17,0.42695727944374084
methodB,polite,polite,8,18,0.4465792775154114
methodB,polite,polite,8,19,0.4559628367424011
methodB,truesmile,polite,8,0,0.1647389978170395
methodB,truesmile,polite,8,1,0.21357126533985138
methodB,truesmile,polite,8,2,0.3412149250507355
methodB,truesmile,polite,8,3,0.35861286520957947
methodB,truesmile,polite,8,4,0.4531554579734802
methodB,truesmile,polite,8,5,0.478099524974823
methodB,truesmile,polite,8,6,0.6199599504470825
methodB,truesmile,polite,8,7,0.6468542218208313
methodB,truesmile,polite,8,8,0.5887128114700317
methodB,truesmile,polite,8,9,0.5016708970069885
methodB,truesmile,polite,8,10,0.4970322549343109
methodB,truesmile,polite,8,11,0.4969296455383301
methodB,truesmile,polite,8,12,0.5371909737586975
methodB,truesmile,polite,8,13,0.6259719729423523
methodB,truesmile,polite,8,14,0.6421393752098083
methodB,truesmile,polite,8,15,0.6382373571395874
methodB,truesmile,polite,8,16,0.6508798003196716
methodB,truesmile,polite,8,17,0.6183865666389465
methodB,truesmile,polite,8,18,0.6801167726516724
methodB,truesmile,polite,8,19,0.6941080093383789
methodB,ambiguous,polite,8,0,0.11547285318374634
methodB,ambiguous,polite,8,1,0.1164034754037857
methodB,ambiguous,polite,8,2,0.12937764823436737
methodB,ambiguous,polite,8,3,0.22780907154083252
methodB,ambiguous,polite,8,4,0.25964704155921936
methodB,ambiguous,polite,8,5,0.26539498567581177
methodB,ambiguous,polite,8,6,0.4703809320926666
methodB,ambiguous,polite,8,7,0.5903527140617371
methodB,ambiguous,polite,8,8,0.5547304153442383
methodB,ambiguous,polite,8,9,0.4538887143135071
methodB,ambiguous,polite,8,10,0.3991756737232208
methodB,ambiguous,polite,8,11,0.4165036678314209
methodB,ambiguous,polite,8,12,0.39410659670829773
methodB,ambiguous,polite,8,13,0.46249741315841675
methodB,ambiguous,polite,8,14,0.39261195063591003
methodB,ambiguous,polite,8,15,0.4061543345451355
methodB,ambiguous,polite,8,16,0.4427303075790405
methodB,ambiguous,polite,8,17,0.42556440830230713
methodB,ambiguous,polite,8,18,0.4625535309314728
methodB,ambiguous,polite,8,19,0.45600730180740356
methodB,polite,polite,9,0,0.1528642475605011
methodB,polite,polite,9,1,0.07545088231563568
methodB,polite,polite,9,2,0.2479042410850525
methodB,polite,polite,9,3,0.29246222972869873
methodB,polite,polite,9,4,0.42521077394485474
methodB,polite,polite,9,5,0.533857524394989
methodB,polite,polite,9,6,0.5936876535415649
methodB,polite,polite,9,7,0.6411499381065369
methodB,polite,polite,9,8,0.5630965232849121
methodB,polite,polite,9,9,0.632512092590332
methodB,polite,polite,9,10,0.6173083186149597
methodB,polite,polite,9,11,0.6650885939598083
methodB,polite,polite,9,12,0.6675947308540344
methodB,polite,polite,9,13,0.6903246641159058
methodB,polite,polite,9,14,0.7113621830940247
methodB,polite,polite,9,15,0.6708117723464966
methodB,polite,polite,9,16,0.6713143587112427
methodB,polite,polite,9,17,0.630928635597229
methodB,polite,polite,9,18,0.6217861175537109
methodB,polite,polite,9,19,0.6316282749176025
methodB,truesmile,polite,9,0,0.18174490332603455
methodB,truesmile,polite,9,1,0.18072861433029175
methodB,truesmile,polite,9,2,0.4325675964355469
methodB,truesmile,polite,9,3,0.42894548177719116
methodB,truesmile,polite,9,4,0.6108959317207336
methodB,truesmile,polite,9,5,0.6424129009246826
methodB,truesmile,polite,9,6,0.6267091035842896
methodB,truesmile,polite,9,7,0.6718060374259949
methodB,truesmile,polite,9,8,0.6437694430351257
methodB,truesmile,polite,9,9,0.6519722938537598
methodB,truesmile,polite,9,10,0.6646812558174133
methodB,truesmile,polite,9,11,0.6678917407989502
methodB,truesmile,polite,9,12,0.7003358006477356
methodB,truesmile,polite,9,13,0.6954102516174316
methodB,truesmile,polite,9,14,0.7322611808776855
methodB,truesmile,polite,9,15,0.7502948045730591
methodB,truesmile,polite,9,16,0.7616022825241089
methodB,truesmile,polite,9,17,0.7510485649108887
methodB,truesmile,polite,9,18,0.7128694653511047
methodB,truesmile,polite,9,19,0.7178593277931213
methodB,ambiguous,polite,9,0,0.13985557854175568
methodB,ambiguous,polite,9,1,0.07816968113183975
methodB,ambiguous,polite,9,2,0.24263636767864227
methodB,ambiguous,polite,9,3,0.3212334215641022
methodB,ambiguous,polite,9,4,0.45184049010276794
methodB,ambiguous,polite,9,5,0.5502711534500122
methodB,ambiguous,polite,9,6,0.5875462889671326
methodB,ambiguous,polite,9,7,0.7078346014022827
methodB,ambiguous,polite,9,8,0.6506617665290833
methodB,ambiguous,polite,9,9,0.6947957873344421
methodB,ambiguous,polite,9,10,0.6561728119850159
methodB,ambiguous,polite,9,11,0.7203936576843262
methodB,ambiguous,polite,9,12,0.7013868689537048
methodB,ambiguous,polite,9,13,0.7345059514045715
methodB,ambiguous,polite,9,14,0.7707610130310059
methodB,ambiguous,polite,9,15,0.7287740111351013
methodB,ambiguous,polite,9,16,0.7791752815246582
methodB,ambiguous,polite,9,17,0.7469844818115234
methodB,ambiguous,polite,9,18,0.7320239543914795
methodB,ambiguous,polite,9,19,0.7617428302764893
methodB,polite,truesmile,0,0,0.23458817601203918
methodB,polite,truesmile,0,1,0.22225235402584076
methodB,polite,truesmile,0,2,0.37080147862434387
methodB,polite,truesmile,0,3,0.5087661147117615
methodB,polite,truesmile,0,4,0.5677698850631714
methodB,polite,truesmile,0,5,0.6408714056015015
methodB,polite,truesmile,0,6,0.7205835580825806
methodB,polite,truesmile,0,7,0.7346382737159729
methodB,polite,truesmile,0,8,0.7649140954017639
methodB,polite,truesmile,0,9,0.7992851138114929
methodB,polite,truesmile,0,10,0.8165783882141113
methodB,polite,truesmile,0,11,0.8362709283828735
methodB,polite,truesmile,0,12,0.8269551992416382
methodB,polite,truesmile,0,13,0.8216724395751953
methodB,polite,truesmile,0,14,0.8307114243507385
methodB,polite,truesmile,0,15,0.8353176116943359
methodB,polite,truesmile,0,16,0.8527648448944092
methodB,polite,truesmile,0,17,0.9044721126556396
methodB,polite,truesmile,0,18,0.8640678524971008
methodB,polite,truesmile,0,19,0.8727229237556458
methodB,truesmile,truesmile,0,0,0.2573753893375397
methodB,truesmile,truesmile,0,1,0.2789013981819153
methodB,truesmile,truesmile,0,2,0.5110478401184082
methodB,truesmile,truesmile,0,3,0.614652693271637
methodB,truesmile,truesmile,0,4,0.6353148221969604
methodB,truesmile,truesmile,0,5,0.6640669703483582
methodB,truesmile,truesmile,0,6,0.7200989723205566
methodB,truesmile,truesmile,0,7,0.7379215955734253
methodB,truesmile,truesmile,0,8,0.7106073498725891
methodB,truesmile,truesmile,0,9,0.7456241250038147
methodB,truesmile,truesmile,0,10,0.7942432165145874
methodB,truesmile,truesmile,0,11,0.8597289323806763
methodB,truesmile,truesmile,0,12,0.8748736381530762
methodB,truesmile,truesmile,0,13,0.9041295051574707
methodB,truesmile,truesmile,0,14,0.9829862713813782
methodB,truesmile,truesmile,0,15,0.9264011383056641
methodB,truesmile,truesmile,0,16,0.9374754428863525
methodB,truesmile,truesmile,0,17,0.929011344909668
methodB,truesmile,truesmile,0,18,0.8448858857154846
methodB,truesmile,truesmile,0,19,0.9410591721534729
methodB,ambiguous,truesmile,0,0,0.2210136502981186
methodB,ambiguous,truesmile,0,1,0.21925827860832214
methodB,ambiguous,truesmile,0,2,0.3721700608730316
methodB,ambiguous,truesmile,0,3,0.5226334929466248
methodB,ambiguous,truesmile,0,4,0.542150616645813
methodB,ambiguous,truesmile,0,5,0.6403024792671204
methodB,ambiguous,truesmile,0,6,0.7128721475601196
methodB,ambiguous,truesmile,0,7,0.8015537261962891
methodB,ambiguous,truesmile,0,8,0.8280227184295654
methodB,ambiguous,truesmile,0,9,0.8381505608558655
methodB,ambiguous,truesmile,0,10,0.8734084367752075
methodB,ambiguous,truesmile,0,11,0.9118116497993469
methodB,ambiguous,truesmile,0,12,0.861850917339325
methodB,ambiguous,truesmile,0,13,0.8427687883377075
methodB,ambiguous,truesmile,0,14,0.8536191582679749
methodB,ambiguous,truesmile,0,15,0.8253371715545654
methodB,ambiguous,truesmile,0,16,0.8463629484176636
methodB,ambiguous,truesmile,0,17,0.9124873280525208
methodB,ambiguous,truesmile,0,18,0.8634606599807739
methodB,ambiguous,truesmile,0,19,0.8839886784553528
methodB,polite,truesmile,1,0,0.21592874825000763
methodB,polite,truesmile,1,1,0.3584077060222626
methodB,polite,truesmile,1,2,0.5265443921089172
methodB,polite,truesmile,1,3,0.5379836559295654
methodB,polite,truesmile,1,4,0.6916895508766174
methodB,polite,truesmile,1,5,0.6905109882354736
methodB,polite,truesmile,1,6,0.6941140294075012
methodB,polite,truesmile,1,7,0.6486248970031738
methodB,polite,truesmile,1,8,0.6697825789451599
methodB,polite,truesmile,1,9,0.6928051710128784
methodB,polite,truesmile,1,10,0.6990256905555725
methodB,polite,truesmile,1,11,0.7301780581474304
methodB,polite,truesmile,1,12,0.6964948177337646
methodB,polite,truesmile,1,13,0.670676052570343
methodB,polite,truesmile,1,14,0.7007120847702026
methodB,polite,truesmile,1,15,0.7609890103340149
methodB,polite,truesmile,1,16,0.6936688423156738
methodB,polite,truesmile,1,17,0.9077062606811523
methodB,polite,truesmile,1,18,0.6868188977241516
methodB,polite,truesmile,1,19,0.7937141060829163
methodB,truesmile,truesmile,1,0,0.23621176183223724
methodB,truesmile,truesmile,1,1,0.3642800748348236
methodB,truesmile,truesmile,1,2,0.7064725160598755
methodB,truesmile,truesmile,1,3,0.6629135012626648
methodB,truesmile,truesmile,1,4,0.680831253528595
methodB,truesmile,truesmile,1,5,0.6287057995796204
methodB,truesmile,truesmile,1,6,0.6941547989845276
methodB,truesmile,truesmile,1,7,0.6316599249839783
methodB,truesmile,truesmile,1,8,0.6276388764381409
methodB,truesmile,truesmile,1,9,0.6475047469139099
methodB,truesmile,truesmile,1,10,0.6591070294380188
methodB,truesmile,truesmile,1,11,0.710742712020874
methodB,truesmile,truesmile,1,12,0.6479157209396362
methodB,truesmile,truesmile,1,13,0.6398547291755676
methodB,truesmile,truesmile,1,14,0.7230684161186218
methodB,truesmile,truesmile,1,15,0.683235228061676
methodB,truesmile,truesmile,1,16,0.6276673674583435
methodB,truesmile,truesmile,1,17,0.9135741591453552
methodB,truesmile,truesmile,1,18,0.7762401700019836
methodB,truesmile,truesmile,1,19,0.7725072503089905
methodB,ambiguous,truesmile,1,0,0.23231241106987
methodB,ambiguous,truesmile,1,1,0.36031922698020935
methodB,ambiguous,truesmile,1,2,0.5449475049972534
methodB,ambiguous,truesmile,1,3,0.5454459190368652
methodB,ambiguous,truesmile,1,4,0.6698196530342102
methodB,ambiguous,truesmile,1,5,0.6760961413383484
methodB,ambiguous,truesmile,1,6,0.6912381649017334
methodB,ambiguous,truesmile,1,7,0.6448845267295837
methodB,ambiguous,truesmile,1,8,0.6622321605682373
methodB,ambiguous,truesmile,1,9,0.66690993309021
methodB,ambiguous,truesmile,1,10,0.6837857961654663
methodB,ambiguous,truesmile,1,11,0.6951879262924194
methodB,ambiguous,truesmile,1,12,0.641659140586853
methodB,ambiguous,truesmile,1,13,0.673653244972229
methodB,ambiguous,truesmile,1,14,0.6739881038665771
methodB,ambiguous,truesmile,1,15,0.7372100949287415
methodB,ambiguous,truesmile,1,16,0.720790445804596
methodB,ambiguous,truesmile,1,17,0.9306581020355225
methodB,ambiguous,truesmile,1,18,0.7085168957710266
methodB,ambiguous,truesmile,1,19,0.8084515929222107
methodB,polite,truesmile,2,0,0.15273888409137726
methodB,polite,truesmile,2,1,0.17220266163349152
methodB,polite,truesmile,2,2,0.3523041605949402
methodB,polite,truesmile,2,3,0.34108638763427734
methodB,polite,truesmile,2,4,0.43819981813430786
methodB,polite,truesmile,2,5,0.4605501592159271
methodB,polite,truesmile,2,6,0.5069247484207153
methodB,polite,truesmile,2,7,0.4963275194168091
methodB,polite,truesmile,2,8,0.5145216584205627
methodB,polite,truesmile,2,9,0.46175599098205566
methodB,polite,truesmile,2,10,0.45953211188316345
methodB,polite,truesmile,2,11,0.4424515962600708
methodB,polite,truesmile,2,12,0.5237680673599243
methodB,polite,truesmile,2,13,0.5778651833534241
methodB,polite,truesmile,2,14,0.6603063344955444
methodB,polite,truesmile,2,15,0.6321519613265991
methodB,polite,truesmile,2,16,0.6326245665550232
methodB,polite,truesmile,2,17,0.6149573922157288
methodB,polite,truesmile,2,18,0.6398901343345642
methodB,polite,truesmile,2,19,0.6228260397911072
methodB,truesmile,truesmile,2,0,0.0
methodB,truesmile,truesmile,2,1,0.0
methodB,truesmile,truesmile,2,2,0.0
methodB,truesmile,truesmile,2,3,0.0
methodB,truesmile,truesmile,2,4,0.0
methodB,truesmile,truesmile,2,5,0.0
methodB,truesmile,truesmile,2,6,0.0
methodB,truesmile,truesmile,2,7,0.0
methodB,truesmile,truesmile,2,8,0.0
methodB,truesmile,truesmile,2,9,0.0
methodB,truesmile,truesmile,2,10,0.0
methodB,truesmile,truesmile,2,11,0.0
methodB,truesmile,truesmile,2,12,0.0
methodB,truesmile,truesmile,2,13,0.0
methodB,truesmile,truesmile,2,14,0.0
methodB,truesmile,truesmile,2,15,0.0
methodB,truesmile,truesmile,2,16,0.0
methodB,truesmile,truesmile,2,17,0.0
methodB,truesmile,truesmile,2,18,0.0
methodB,truesmile,truesmile,2,19,0.0
methodB,ambiguous,truesmile,2,0,0.14385072886943817
methodB,ambiguous,truesmile,2,1,0.1663583666086197
methodB,ambiguous,truesmile,2,2,0.3332385718822479
methodB,ambiguous,truesmile,2,3,0.3438009023666382
methodB,ambiguous,truesmile,2,4,0.45939919352531433
methodB,ambiguous,truesmile,2,5,0.4476960599422455
methodB,ambiguous,truesmile,2,6,0.42818254232406616
methodB,ambiguous,truesmile,2,7,0.520243763923645
methodB,ambiguous,truesmile,2,8,0.5418107509613037
methodB,ambiguous,truesmile,2,9,0.4620913565158844
methodB,ambiguous,truesmile,2,10,0.47554317116737366
methodB,ambiguous,truesmile,2,11,0.48827481269836426
methodB,ambiguous,truesmile,2,12,0.5000734329223633
methodB,ambiguous,truesmile,2,13,0.5894539952278137
methodB,ambiguous,truesmile,2,14,0.6714572310447693
methodB,ambiguous,truesmile,2,15,0.6529289484024048
methodB,ambiguous,truesmile,2,16,0.6968859434127808
methodB,ambiguous,truesmile,2,17,0.7084755897521973
methodB,ambiguous,truesmile,2,18,0.7366315126419067
methodB,ambiguous,truesmile,2,19,0.7374159693717957
methodB,polite,truesmile,3,0,0.24227654933929443
methodB,polite,truesmile,3,1,0.21068522334098816
methodB,polite,truesmile,3,2,0.3575201630592346
methodB,polite,truesmile,3,3,0.42478427290916443
methodB,polite,truesmile,3,4,0.5040997862815857
methodB,polite,truesmile,3,5,0.5366488099098206
methodB,polite,truesmile,3,6,0.5980830192565918
methodB,polite,truesmile,3,7,0.6335417032241821
methodB,polite,truesmile,3,8,0.6418702006340027
methodB,polite,truesmile,3,9,0.6801160573959351
methodB,polite,truesmile,3,10,0.6670697331428528
methodB,polite,truesmile,3,11,0.6968286037445068
methodB,polite,truesmile,3,12,0.7398641109466553
methodB,polite,truesmile,3,13,0.7281847596168518
methodB,polite,truesmile,3,14,0.7664121389389038
methodB,polite,truesmile,3,15,0.7721014618873596
methodB,polite,truesmile,3,16,0.7841305732727051
methodB,polite,truesmile,3,17,0.7847516536712646
methodB,polite,truesmile,3,18,0.7725900411605835
methodB,polite,truesmile,3,19,0.7614173293113708
methodB,truesmile,truesmile,3,0,0.24542054533958435
methodB,truesmile,truesmile,3,1,0.2526403069496155
methodB,truesmile,truesmile,3,2,0.4785650372505188
methodB,truesmile,truesmile,3,3,0.49683618545532227
methodB,truesmile,truesmile,3,4,0.5328549742698669
methodB,truesmile,truesmile,3,5,0.5576596856117249
methodB,truesmile,truesmile,3,6,0.6018836498260498
methodB,truesmile,truesmile,3,7,0.6213632225990295
methodB,truesmile,truesmile,3,8,0.6558210253715515
methodB,truesmile,truesmile,3,9,0.7055729627609253
methodB,truesmile,truesmile,3,10,0.6709018349647522
methodB,truesmile,truesmile,3,11,0.7005125284194946
methodB,truesmile,truesmile,3,12,0.7119194269180298
methodB,truesmile,truesmile,3,13,0.779266357421875
methodB,truesmile,truesmile,3,14,0.8616729974746704
methodB,truesmile,truesmile,3,15,0.8143518567085266
methodB,truesmile,truesmile,3,16,0.8471587300300598
methodB,truesmile,truesmile,3,17,0.8448960185050964
methodB,truesmile,truesmile,3,18,0.8496074676513672
methodB,truesmile,truesmile,3,19,0.8460657000541687
methodB,ambiguous,truesmile,3,0,0.23965129256248474
methodB,ambiguous,truesmile,3,1,0.20967420935630798
methodB,ambiguous,truesmile,3,2,0.3573433756828308
methodB,ambiguous,truesmile,3,3,0.4601995646953583
methodB,ambiguous,truesmile,3,4,0.5510935187339783
methodB,ambiguous,truesmile,3,5,0.571624755859375
methodB,ambiguous,truesmile,3,6,0.5935079455375671
methodB,ambiguous,truesmile,3,7,0.6850599646568298
methodB,ambiguous,truesmile,3,8,0.6867232918739319
methodB,ambiguous,truesmile,3,9,0.7011750936508179
methodB,ambiguous,truesmile,3,10,0.6933250427246094
methodB,ambiguous,truesmile,3,11,0.6890531778335571
methodB,ambiguous,truesmile,3,12,0.6845116019248962
methodB,ambiguous,truesmile,3,13,0.6850765347480774
methodB,ambiguous,truesmile,3,14,0.7382131218910217
methodB,ambiguous,truesmile,3,15,0.7012216448783875
methodB,ambiguous,truesmile,3,16,0.705559253692627
methodB,ambiguous,truesmile,3,17,0.7119150757789612
methodB,ambiguous,truesmile,3,18,0.6862646341323853
methodB,ambiguous,truesmile,3,19,0.6970546245574951
methodB,polite,truesmile,4,0,0.2296474575996399
methodB,polite,truesmile,4,1,0.19673201441764832
methodB,polite,truesmile,4,2,0.4689868092536926
methodB,polite,truesmile,4,3,0.8277046084403992
methodB,polite,truesmile,4,4,0.8900668621063232
methodB,polite,truesmile,4,5,0.9402644038200378
methodB,polite,truesmile,4,6,0.9638054370880127
methodB,polite,truesmile,4,7,0.9473863840103149
methodB,polite,truesmile,4,8,0.9472987651824951
methodB,polite,truesmile,4,9,0.8465257287025452
methodB,polite,truesmile,4,10,0.857002854347229
methodB,polite,truesmile,4,11,0.8753241896629333
methodB,polite,truesmile,4,12,0.8761081099510193
methodB,polite,truesmile,4,13,0.913789689540863
methodB,polite,truesmile,4,14,0.9135542511940002
methodB,polite,truesmile,4,15,0.8841325044631958
methodB,polite,truesmile,4,16,0.8853957056999207
methodB,polite,truesmile,4,17,0.8342176079750061
methodB,polite,truesmile,4,18,0.798766553401947
methodB,polite,truesmile,4,19,0.8282480239868164
methodB,truesmile,truesmile,4,0,0.24420486390590668
methodB,truesmile,truesmile,4,1,0.24469947814941406
methodB,truesmile,truesmile,4,2,0.5989972352981567
methodB,truesmile,truesmile,4,3,0.845378041267395
methodB,truesmile,truesmile,4,4,0.8606858849525452
methodB,truesmile,truesmile,4,5,0.8308998346328735
methodB,truesmile,truesmile,4,6,0.8042296767234802
methodB,truesmile,truesmile,4,7,0.8387384414672852
methodB,truesmile,truesmile,4,8,0.8891899585723877
methodB,truesmile,truesmile,4,9,0.8274461627006531
methodB,truesmile,truesmile,4,10,0.7944660186767578
methodB,truesmile,truesmile,4,11,0.7918269634246826
methodB,truesmile,truesmile,4,12,0.7222836017608643
methodB,truesmile,truesmile,4,13,0.7852263450622559
methodB,truesmile,truesmile,4,14,0.8206748962402344
methodB,truesmile,truesmile,4,15,0.7690294981002808
methodB,truesmile,truesmile,4,16,0.7804300785064697
methodB,truesmile,truesmile,4,17,0.7327392101287842
methodB,truesmile,truesmile,4,18,0.8463864326477051
methodB,truesmile,truesmile,4,19,0.8571305871009827
methodB,ambiguous,truesmile,4,0,0.22090783715248108
methodB,ambiguous,truesmile,4,1,0.20200546085834503
methodB,ambiguous,truesmile,4,2,0.46586987376213074
methodB,ambiguous,truesmile,4,3,0.8087679743766785
methodB,ambiguous,truesmile,4,4,0.8304296135902405
methodB,ambiguous,truesmile,4,5,0.8918994069099426
methodB,ambiguous,truesmile,4,6,0.8806062936782837
methodB,ambiguous,truesmile,4,7,0.8907192349433899
methodB,ambiguous,truesmile,4,8,0.9004548192024231
methodB,ambiguous,truesmile,4,9,0.8064138889312744
methodB,ambiguous,truesmile,4,10,0.8285362124443054
methodB,ambiguous,truesmile,4,11,0.83145672082901
methodB,ambiguous,truesmile,4,12,0.7683866024017334
methodB,ambiguous,truesmile,4,13,0.8306596279144287
methodB,ambiguous,truesmile,4,14,0.856995165348053
methodB,ambiguous,truesmile,4,15,0.8072481751441956
methodB,ambiguous,truesmile,4,16,0.8252524733543396
methodB,ambiguous,truesmile,4,17,0.810688853263855
methodB,ambiguous,truesmile,4,18,0.7623830437660217
methodB,ambiguous,truesmile,4,19,0.7810128331184387
methodB,polite,truesmile,5,0,0.3830734193325043
methodB,polite,truesmile,5,1,0.15978363156318665
methodB,polite,truesmile,5,2,0.3660382330417633
methodB,polite,truesmile,5,3,0.37193334102630615
methodB,polite,truesmile,5,4,0.4646294116973877
methodB,polite,truesmile,5,5,0.5016776919364929
methodB,polite,truesmile,5,6,0.5749450325965881
methodB,polite,truesmile,5,7,0.5796475410461426
methodB,polite,truesmile,5,8,0.6395202279090881
methodB,polite,truesmile,5,9,0.5987328886985779
methodB,polite,truesmile,5,10,0.6030497550964355
methodB,polite,truesmile,5,11,0.6118180751800537
methodB,polite,truesmile,5,12,0.6572321653366089
methodB,polite,truesmile,5,13,0.7011715173721313
methodB,polite,truesmile,5,14,0.7003751993179321
methodB,polite,truesmile,5,15,0.7366943359375
methodB,polite,truesmile,5,16,0.7884867191314697
methodB,polite,truesmile,5,17,0.7458170652389526
methodB,polite,truesmile,5,18,0.6912370920181274
methodB,polite,truesmile,5,19,0.6642376780509949
methodB,truesmile,truesmile,5,0,0.4059389531612396
methodB,truesmile,truesmile,5,1,0.2316708266735077
methodB,truesmile,truesmile,5,2,0.4969124495983124
methodB,truesmile,truesmile,5,3,0.5159382224082947
methodB,truesmile,truesmile,5,4,0.6393967866897583
methodB,truesmile,truesmile,5,5,0.6729435920715332
methodB,truesmile,truesmile,5,6,0.7349481582641602
methodB,truesmile,truesmile,5,7,0.7384195923805237
methodB,truesmile,truesmile,5,8,0.7878011465072632
methodB,truesmile,truesmile,5,9,0.6663978099822998
methodB,truesmile,truesmile,5,10,0.6414838433265686
methodB,truesmile,truesmile,5,11,0.6638569235801697
methodB,truesmile,truesmile,5,12,0.7039105296134949
methodB,truesmile,truesmile,5,13,0.7755623459815979
methodB,truesmile,truesmile,5,14,0.8337345123291016
methodB,truesmile,truesmile,5,15,0.8384975790977478
methodB,truesmile,truesmile,5,16,0.8600949048995972
methodB,truesmile,truesmile,5,17,0.8578673601150513
methodB,truesmile,truesmile,5,18,0.867820143699646
methodB,truesmile,truesmile,5,19,0.7998118996620178
methodB,ambiguous,truesmile,5,0,0.38850975036621094
methodB,ambiguous,truesmile,5,1,0.16443108022212982
methodB,ambiguous,truesmile,5,2,0.37149831652641296
methodB,ambiguous,truesmile,5,3,0.38210543990135193
methodB,ambiguous,truesmile,5,4,0.4549456834793091
methodB,ambiguous,truesmile,5,5,0.5176594257354736
methodB,ambiguous,truesmile,5,6,0.6070414185523987
methodB,ambiguous,truesmile,5,7,0.7154344320297241
methodB,ambiguous,truesmile,5,8,0.7512560486793518
methodB,ambiguous,truesmile,5,9,0.6114680171012878
methodB,ambiguous,truesmile,5,10,0.6014117002487183
methodB,ambiguous,truesmile,5,11,0.5671940445899963
methodB,ambiguous,truesmile,5,12,0.5890435576438904
methodB,ambiguous,truesmile,5,13,0.6425623893737793
methodB,ambiguous,truesmile,5,14,0.6826938390731812
methodB,ambiguous,truesmile,5,15,0.7044405937194824
methodB,ambiguous,truesmile,5,16,0.767419159412384
methodB,ambiguous,truesmile,5,17,0.7317767143249512
methodB,ambiguous,truesmile,5,18,0.6607136726379395
methodB,ambiguous,truesmile,5,19,0.6385449767112732
methodB,polite,ambiguous,0,0,0.11637331545352936
methodB,polite,ambiguous,0,1,0.07600254565477371
methodB,polite,ambiguous,0,2,0.11543288826942444
methodB,polite,ambiguous,0,3,0.16300193965435028
methodB,polite,ambiguous,0,4,0.23533454537391663
methodB,polite,ambiguous,0,5,0.3166637420654297
methodB,polite,ambiguous,0,6,0.45312464237213135
methodB,polite,ambiguous,0,7,0.535512387752533
methodB,polite,ambiguous,0,8,0.5469759702682495
methodB,polite,ambiguous,0,9,0.5701181292533875
methodB,polite,ambiguous,0,10,0.5528713464736938
methodB,polite,ambiguous,0,11,0.5823642611503601
methodB,polite,ambiguous,0,12,0.5678278803825378
methodB,polite,ambiguous,0,13,0.5549533367156982
methodB,polite,ambiguous,0,14,0.560961902141571
methodB,polite,ambiguous,0,15,0.5923570394515991
methodB,polite,ambiguous,0,16,0.586852490901947
methodB,polite,ambiguous,0,17,0.5708723664283752
methodB,polite,ambiguous,0,18,0.5666219592094421
methodB,polite,ambiguous,0,19,0.5691826343536377
methodB,truesmile,ambiguous,0,0,0.15587736666202545
methodB,truesmile,ambiguous,0,1,0.18041156232357025
methodB,truesmile,ambiguous,0,2,0.34708258509635925
methodB,truesmile,ambiguous,0,3,0.33397620916366577
methodB,truesmile,ambiguous,0,4,0.4252811372280121
methodB,truesmile,ambiguous,0,5,0.43541237711906433
methodB,truesmile,ambiguous,0,6,0.550715446472168
methodB,truesmile,ambiguous,0,7,0.5803680419921875
methodB,truesmile,ambiguous,0,8,0.6062629222869873
methodB,truesmile,ambiguous,0,9,0.6172613501548767
methodB,truesmile,ambiguous,0,10,0.6446348428726196
methodB,truesmile,ambiguous,0,11,0.6395072340965271
methodB,truesmile,ambiguous,0,12,0.6184356212615967
methodB,truesmile,ambiguous,0,13,0.7066695690155029
methodB,truesmile,ambiguous,0,14,0.7576178312301636
methodB,truesmile,ambiguous,0,15,0.7444301247596741
methodB,truesmile,ambiguous,0,16,0.7550667524337769
methodB,truesmile,ambiguous,0,17,0.7465682029724121
methodB,truesmile,ambiguous,0,18,0.6906448006629944
methodB,truesmile,ambiguous,0,19,0.685640811920166
methodB,ambiguous,ambiguous,0,0,0.10993977636098862
methodB,ambiguous,ambiguous,0,1,0.07822083681821823
methodB,ambiguous,ambiguous,0,2,0.11889395117759705
methodB,ambiguous,ambiguous,0,3,0.19826297461986542
methodB,ambiguous,ambiguous,0,4,0.2654060423374176
methodB,ambiguous,ambiguous,0,5,0.3308834433555603
methodB,ambiguous,ambiguous,0,6,0.4454749524593353
methodB,ambiguous,ambiguous,0,7,0.6184559464454651
methodB,ambiguous,ambiguous,0,8,0.6579039692878723
methodB,ambiguous,ambiguous,0,9,0.5971992015838623
methodB,ambiguous,ambiguous,0,10,0.5933214426040649
methodB,ambiguous,ambiguous,0,11,0.6203072667121887
methodB,ambiguous,ambiguous,0,12,0.5857088565826416
methodB,ambiguous,ambiguous,0,13,0.5718774795532227
methodB,ambiguous,ambiguous,0,14,0.594184935092926
methodB,ambiguous,ambiguous,0,15,0.60032057762146
methodB,ambiguous,ambiguous,0,16,0.616184651851654
methodB,ambiguous,ambiguous,0,17,0.6267240047454834
methodB,ambiguous,ambiguous,0,18,0.6132335662841797
methodB,ambiguous,ambiguous,0,19,0.586902916431427
methodB,polite,ambiguous,1,0,0.11217853426933289
methodB,polite,ambiguous,1,1,0.09337186068296432
methodB,polite,ambiguous,1,2,0.2788032293319702
methodB,polite,ambiguous,1,3,0.3132854402065277
methodB,polite,ambiguous,1,4,0.41269487142562866
methodB,polite,ambiguous,1,5,0.44208312034606934
methodB,polite,ambiguous,1,6,0.5178040266036987
methodB,polite,ambiguous,1,7,0.48899975419044495
methodB,polite,ambiguous,1,8,0.5653138756752014
methodB,polite,ambiguous,1,9,0.6467826962471008
methodB,polite,ambiguous,1,10,0.671000063419342
methodB,polite,ambiguous,1,11,0.7207788228988647
methodB,polite,ambiguous,1,12,0.7498331665992737
methodB,polite,ambiguous,1,13,0.7209385633468628
methodB,polite,ambiguous,1,14,0.7463822364807129
methodB,polite,ambiguous,1,15,0.7509716749191284
methodB,polite,ambiguous,1,16,0.7460219860076904
methodB,polite,ambiguous,1,17,0.6851811408996582
methodB,polite,ambiguous,1,18,0.708289384841919
methodB,polite,ambiguous,1,19,0.7241124510765076
methodB,truesmile,ambiguous,1,0,0.1464850753545761
methodB,truesmile,ambiguous,1,1,0.19017378985881805
methodB,truesmile,ambiguous,1,2,0.46042338013648987
methodB,truesmile,ambiguous,1,3,0.45127350091934204
methodB,truesmile,ambiguous,1,4,0.5715729594230652
methodB,truesmile,ambiguous,1,5,0.5640318989753723
methodB,truesmile,ambiguous,1,6,0.5777274370193481
methodB,truesmile,ambiguous,1,7,0.5445660352706909
methodB,truesmile,ambiguous,1,8,0.6308263540267944
methodB,truesmile,ambiguous,1,9,0.622891902923584
methodB,truesmile,ambiguous,1,10,0.6807078719139099
methodB,truesmile,ambiguous,1,11,0.7285983562469482
methodB,truesmile,ambiguous,1,12,0.7811957001686096
methodB,truesmile,ambiguous,1,13,0.8238570094108582
methodB,truesmile,ambiguous,1,14,0.852108359336853
methodB,truesmile,ambiguous,1,15,0.8374998569488525
methodB,truesmile,ambiguous,1,16,0.8430497050285339
methodB,truesmile,ambiguous,1,17,0.7838250398635864
methodB,truesmile,ambiguous,1,18,0.7222176194190979
methodB,truesmile,ambiguous,1,19,0.8200386166572571
methodB,ambiguous,ambiguous,1,0,0.09579706192016602
methodB,ambiguous,ambiguous,1,1,0.09686286747455597
methodB,ambiguous,ambiguous,1,2,0.27946242690086365
methodB,ambiguous,ambiguous,1,3,0.33411476016044617
methodB,ambiguous,ambiguous,1,4,0.3760104775428772
methodB,ambiguous,ambiguous,1,5,0.3891284763813019
methodB,ambiguous,ambiguous,1,6,0.4341575801372528
methodB,ambiguous,ambiguous,1,7,0.4756631851196289
methodB,ambiguous,ambiguous,1,8,0.5604110956192017
methodB,ambiguous,ambiguous,1,9,0.6055164337158203
methodB,ambiguous,ambiguous,1,10,0.667876124382019
methodB,ambiguous,ambiguous,1,11,0.7538634538650513
methodB,ambiguous,ambiguous,1,12,0.750382125377655
methodB,ambiguous,ambiguous,1,13,0.7904778122901917
methodB,ambiguous,ambiguous,1,14,0.80790776014328
methodB,ambiguous,ambiguous,1,15,0.791641354560852
methodB,ambiguous,ambiguous,1,16,0.7930096387863159
methodB,ambiguous,ambiguous,1,17,0.7155152559280396
methodB,ambiguous,ambiguous,1,18,0.7389522790908813
methodB,ambiguous,ambiguous,1,19,0.7847537398338318
methodB,polite,ambiguous,10,0,0.19546549022197723
methodB,polite,ambiguous,10,1,0.07022947818040848
methodB,polite,ambiguous,10,2,0.3712131977081299
methodB,polite,ambiguous,10,3,0.5394337773323059
methodB,polite,ambiguous,10,4,0.7358463406562805
methodB,polite,ambiguous,10,5,0.7640861868858337
methodB,polite,ambiguous,10,6,0.7634832262992859
methodB,polite,ambiguous,10,7,0.726831316947937
methodB,polite,ambiguous,10,8,0.7167867422103882
methodB,polite,ambiguous,10,9,0.7064510583877563
methodB,polite,ambiguous,10,10,0.6805441975593567
methodB,polite,ambiguous,10,11,0.6757222414016724
methodB,polite,ambiguous,10,12,0.6713322401046753
methodB,polite,ambiguous,10,13,0.679375946521759
methodB,polite,ambiguous,10,14,0.6556077003479004
methodB,polite,ambiguous,10,15,0.674932062625885
methodB,polite,ambiguous,10,16,0.6616590619087219
methodB,polite,ambiguous,10,17,0.653171181678772
methodB,polite,ambiguous,10,18,0.6592185497283936
methodB,polite,ambiguous,10,19,0.6488348245620728
methodB,truesmile,ambiguous,10,0,0.201117604970932
methodB,truesmile,ambiguous,10,1,0.16246822476387024
methodB,truesmile,ambiguous,10,2,0.4953296184539795
methodB,truesmile,ambiguous,10,3,0.625970721244812
methodB,truesmile,ambiguous,10,4,0.7576924562454224
methodB,truesmile,ambiguous,10,5,0.7248860001564026
methodB,truesmile,ambiguous,10,6,0.7271365523338318
methodB,truesmile,ambiguous,10,7,0.6994981169700623
methodB,truesmile,ambiguous,10,8,0.7388322353363037
methodB,truesmile,ambiguous,10,9,0.7369171977043152
methodB,truesmile,ambiguous,10,10,0.7299422025680542
methodB,truesmile,ambiguous,10,11,0.7435864210128784
methodB,truesmile,ambiguous,10,12,0.7490968704223633
methodB,truesmile,ambiguous,10,13,0.8329741358757019
methodB,truesmile,ambiguous,10,14,0.8951013088226318
methodB,truesmile,ambiguous,10,15,0.8793306350708008
methodB,truesmile,ambiguous,10,16,0.8520030975341797
methodB,truesmile,ambiguous,10,17,0.8786077499389648
methodB,truesmile,ambiguous,10,18,0.8990914225578308
methodB,truesmile,ambiguous,10,19,0.857332170009613
methodB,ambiguous,ambiguous,10,0,0.18870042264461517
methodB,ambiguous,ambiguous,10,1,0.06673452258110046
methodB,ambiguous,ambiguous,10,2,0.3788672387599945
methodB,ambiguous,ambiguous,10,3,0.5503244996070862
methodB,ambiguous,ambiguous,10,4,0.7568632364273071
methodB,ambiguous,ambiguous,10,5,0.742775022983551
methodB,ambiguous,ambiguous,10,6,0.7185879945755005
methodB,ambiguous,ambiguous,10,7,0.7164434194564819
methodB,ambiguous,ambiguous,10,8,0.7037093639373779
methodB,ambiguous,ambiguous,10,9,0.6888969540596008
methodB,ambiguous,ambiguous,10,10,0.727250874042511
methodB,ambiguous,ambiguous,10,11,0.7253623604774475
methodB,ambiguous,ambiguous,10,12,0.6788406372070312
methodB,ambiguous,ambiguous,10,13,0.6820136904716492
methodB,ambiguous,ambiguous,10,14,0.6901293992996216
methodB,ambiguous,ambiguous,10,15,0.6822827458381653
methodB,ambiguous,ambiguous,10,16,0.67461097240448
methodB,ambiguous,ambiguous,10,17,0.6574864983558655
methodB,ambiguous,ambiguous,10,18,0.6652855277061462
methodB,ambiguous,ambiguous,10,19,0.6627856492996216
methodB,polite,ambiguous,11,0,0.19161726534366608
methodB,polite,ambiguous,11,1,0.1232050210237503
methodB,polite,ambiguous,11,2,0.2194640040397644
methodB,polite,ambiguous,11,3,0.20645713806152344
methodB,polite,ambiguous,11,4,0.3164454400539398
methodB,polite,ambiguous,11,5,0.4874036908149719
methodB,polite,ambiguous,11,6,0.542224645614624
methodB,polite,ambiguous,11,7,0.5829552412033081
methodB,polite,ambiguous,11,8,0.6123334169387817
methodB,polite,ambiguous,11,9,0.5669629573822021
methodB,polite,ambiguous,11,10,0.6229971051216125
methodB,polite,ambiguous,11,11,0.6350610852241516
methodB,polite,ambiguous,11,12,0.7351720929145813
methodB,polite,ambiguous,11,13,0.7767359614372253
methodB,polite,ambiguous,11,14,0.7308412194252014
methodB,polite,ambiguous,11,15,0.7351722717285156
methodB,polite,ambiguous,11,16,0.7718607783317566
methodB,polite,ambiguous,11,17,0.769581139087677
methodB,polite,ambiguous,11,18,0.7642764449119568
methodB,polite,ambiguous,11,19,0.7611961960792542
methodB,truesmile,ambiguous,11,0,0.2076566517353058
methodB,truesmile,ambiguous,11,1,0.18219801783561707
methodB,truesmile,ambiguous,11,2,0.39689093828201294
methodB,truesmile,ambiguous,11,3,0.362604558467865
methodB,truesmile,ambiguous,11,4,0.4990510642528534
methodB,truesmile,ambiguous,11,5,0.6459869742393494
methodB,truesmile,ambiguous,11,6,0.6845793128013611
methodB,truesmile,ambiguous,11,7,0.6727275848388672
methodB,truesmile,ambiguous,11,8,0.6811482906341553
methodB,truesmile,ambiguous,11,9,0.6435489654541016
methodB,truesmile,ambiguous,11,10,0.7169716954231262
methodB,truesmile,ambiguous,11,11,0.7489200830459595
methodB,truesmile,ambiguous,11,12,0.8434826731681824
methodB,truesmile,ambiguous,11,13,0.8941813707351685
methodB,truesmile,ambiguous,11,14,0.9885662198066711
methodB,truesmile,ambiguous,11,15,0.9338127374649048
methodB,truesmile,ambiguous,11,16,0.9026975631713867
methodB,truesmile,ambiguous,11,17,0.8848828077316284
methodB,truesmile,ambiguous,11,18,0.8630443215370178
methodB,truesmile,ambiguous,11,19,0.8323937654495239
methodB,ambiguous,ambiguous,11,0,0.17832839488983154
methodB,ambiguous,ambiguous,11,1,0.11737246811389923
methodB,ambiguous,ambiguous,11,2,0.20974797010421753
methodB,ambiguous,ambiguous,11,3,0.23014497756958008
methodB,ambiguous,ambiguous,11,4,0.3537333905696869
methodB,ambiguous,ambiguous,11,5,0.5057713389396667
methodB,ambiguous,ambiguous,11,6,0.5582647919654846
methodB,ambiguous,ambiguous,11,7,0.6851893663406372
methodB,ambiguous,ambiguous,11,8,0.7112848162651062
methodB,ambiguous,ambiguous,11,9,0.6447045803070068
methodB,ambiguous,ambiguous,11,10,0.6870505213737488
methodB,ambiguous,ambiguous,11,11,0.6951247453689575
methodB,ambiguous,ambiguous,11,12,0.7027539610862732
methodB,ambiguous,ambiguous,11,13,0.7465267181396484
methodB,ambiguous,ambiguous,11,14,0.716331422328949
methodB,ambiguous,ambiguous,11,15,0.6473087668418884
methodB,ambiguous,ambiguous,11,16,0.7154186964035034
methodB,ambiguous,ambiguous,11,17,0.738770604133606
methodB,ambiguous,ambiguous,11,18,0.7624166011810303
methodB,ambiguous,ambiguous,11,19,0.780081033706665
methodB,polite,ambiguous,12,0,0.20828774571418762
methodB,polite,ambiguous,12,1,0.09904522448778152
methodB,polite,ambiguous,12,2,0.17809782922267914
methodB,polite,ambiguous,12,3,0.2504892647266388
methodB,polite,ambiguous,12,4,0.38251012563705444
methodB,polite,ambiguous,12,5,0.4403521716594696
methodB,polite,ambiguous,12,6,0.6203855276107788
methodB,polite,ambiguous,12,7,0.5973466634750366
methodB,polite,ambiguous,12,8,0.5725829601287842
methodB,polite,ambiguous,12,9,0.5796886682510376
methodB,polite,ambiguous,12,10,0.5767496228218079
methodB,polite,ambiguous,12,11,0.5396658182144165
methodB,polite,ambiguous,12,12,0.5486384630203247
methodB,polite,ambiguous,12,13,0.6545751690864563
methodB,polite,ambiguous,12,14,0.7314245104789734
methodB,polite,ambiguous,12,15,0.7219172120094299
methodB,polite,ambiguous,12,16,0.7092486619949341
methodB,polite,ambiguous,12,17,0.7179403901100159
methodB,polite,ambiguous,12,18,0.7110272645950317
methodB,polite,ambiguous,12,19,0.6830013394355774
methodB,truesmile,ambiguous,12,0,0.220037043094635
methodB,truesmile,ambiguous,12,1,0.19537493586540222
methodB,truesmile,ambiguous,12,2,0.3927943706512451
methodB,truesmile,ambiguous,12,3,0.3718043863773346
methodB,truesmile,ambiguous,12,4,0.4664808213710785
methodB,truesmile,ambiguous,12,5,0.45406046509742737
methodB,truesmile,ambiguous,12,6,0.5562179088592529
methodB,truesmile,ambiguous,12,7,0.5630360245704651
methodB,truesmile,ambiguous,12,8,0.5670613646507263
methodB,truesmile,ambiguous,12,9,0.5376438498497009
methodB,truesmile,ambiguous,12,10,0.5148114562034607
methodB,truesmile,ambiguous,12,11,0.5169350504875183
methodB,truesmile,ambiguous,12,12,0.557736337184906
methodB,truesmile,ambiguous,12,13,0.7002605199813843
methodB,truesmile,ambiguous,12,14,0.7108864188194275
methodB,truesmile,ambiguous,12,15,0.7366375923156738
methodB,truesmile,ambiguous,12,16,0.7594025135040283
methodB,truesmile,ambiguous,12,17,0.7643265724182129
methodB,truesmile,ambiguous,12,18,0.7037023305892944
methodB,truesmile,ambiguous,12,19,0.7869569063186646
methodB,ambiguous,ambiguous,12,0,0.20158013701438904
methodB,ambiguous,ambiguous,12,1,0.09950064867734909
methodB,ambiguous,ambiguous,12,2,0.1803034096956253
methodB,ambiguous,ambiguous,12,3,0.2795844078063965
methodB,ambiguous,ambiguous,12,4,0.4116746187210083
methodB,ambiguous,ambiguous,12,5,0.46276238560676575
methodB,ambiguous,ambiguous,12,6,0.5976905822753906
methodB,ambiguous,ambiguous,12,7,0.601093053817749
methodB,ambiguous,ambiguous,12,8,0.6231627464294434
methodB,ambiguous,ambiguous,12,9,0.5713783502578735
methodB,ambiguous,ambiguous,12,10,0.5956204533576965
methodB,ambiguous,ambiguous,12,11,0.5835050344467163
methodB,ambiguous,ambiguous,12,12,0.5505550503730774
methodB,ambiguous,ambiguous,12,13,0.7012971639633179
methodB,ambiguous,ambiguous,12,14,0.7182559967041016
methodB,ambiguous,ambiguous,12,15,0.6879819631576538
methodB,ambiguous,ambiguous,12,16,0.6621997356414795
methodB,ambiguous,ambiguous,12,17,0.6656982898712158
methodB,ambiguous,ambiguous,12,18,0.6605105996131897
methodB,ambiguous,ambiguous,12,19,0.6543351411819458
methodB,polite,ambiguous,14,0,0.16447120904922485
methodB,polite,ambiguous,14,1,0.05583576485514641
methodB,polite,ambiguous,14,2,0.11905717104673386
methodB,polite,ambiguous,14,3,0.17410866916179657
methodB,polite,ambiguous,14,4,0.2821209132671356
methodB,polite,ambiguous,14,5,0.3810754716396332
methodB,polite,ambiguous,14,6,0.45021122694015503
methodB,polite,ambiguous,14,7,0.7649207711219788
methodB,polite,ambiguous,14,8,0.7617831230163574
methodB,polite,ambiguous,14,9,0.7245294451713562
methodB,polite,ambiguous,14,10,0.6961448192596436
methodB,polite,ambiguous,14,11,0.7065436840057373
methodB,polite,ambiguous,14,12,0.7241728901863098
methodB,polite,ambiguous,14,13,0.7350122928619385
methodB,polite,ambiguous,14,14,0.7934696078300476
methodB,polite,ambiguous,14,15,0.7681043744087219
methodB,polite,ambiguous,14,16,0.7403590679168701
methodB,polite,ambiguous,14,17,0.7236136198043823
methodB,polite,ambiguous,14,18,0.7115067839622498
methodB,polite,ambiguous,14,19,0.7092878222465515
methodB,truesmile,ambiguous,14,0,0.20550404489040375
methodB,truesmile,ambiguous,14,1,0.172713503241539
methodB,truesmile,ambiguous,14,2,0.335676372051239
methodB,truesmile,ambiguous,14,3,0.3474421501159668
methodB,truesmile,ambiguous,14,4,0.4720134735107422
methodB,truesmile,ambiguous,14,5,0.48582667112350464
methodB,truesmile,ambiguous,14,6,0.49272620677948
methodB,truesmile,ambiguous,14,7,0.7489937543869019
methodB,truesmile,ambiguous,14,8,0.7284775972366333
methodB,truesmile,ambiguous,14,9,0.6551939249038696
methodB,truesmile,ambiguous,14,10,0.635017454624176
methodB,truesmile,ambiguous,14,11,0.6837098598480225
methodB,truesmile,ambiguous,14,12,0.7277706861495972
methodB,truesmile,ambiguous,14,13,0.789185106754303
methodB,truesmile,ambiguous,14,14,0.8348798155784607
methodB,truesmile,ambiguous,14,15,0.8075477480888367
methodB,truesmile,ambiguous,14,16,0.8320560455322266
methodB,truesmile,ambiguous,14,17,0.8081979155540466
methodB,truesmile,ambiguous,14,18,0.7496311664581299
methodB,truesmile,ambiguous,14,19,0.8291002511978149
methodB,ambiguous,ambiguous,14,0,0.16510272026062012
methodB,ambiguous,ambiguous,14,1,0.05696643888950348
methodB,ambiguous,ambiguous,14,2,0.11637179553508759
methodB,ambiguous,ambiguous,14,3,0.19229495525360107
methodB,ambiguous,ambiguous,14,4,0.266642302274704
methodB,ambiguous,ambiguous,14,5,0.31874901056289673
methodB,ambiguous,ambiguous,14,6,0.36647677421569824
methodB,ambiguous,ambiguous,14,7,0.7639954686164856
methodB,ambiguous,ambiguous,14,8,0.7678965330123901
methodB,ambiguous,ambiguous,14,9,0.7187334299087524
methodB,ambiguous,ambiguous,14,10,0.7116196155548096
methodB,ambiguous,ambiguous,14,11,0.738667368888855
methodB,ambiguous,ambiguous,14,12,0.7399958968162537
methodB,ambiguous,ambiguous,14,13,0.7497225999832153
methodB,ambiguous,ambiguous,14,14,0.7986894249916077
methodB,ambiguous,ambiguous,14,15,0.7728193402290344
methodB,ambiguous,ambiguous,14,16,0.7790893912315369
methodB,ambiguous,ambiguous,14,17,0.7365562915802002
methodB,ambiguous,ambiguous,14,18,0.6901575922966003
methodB,ambiguous,ambiguous,14,19,0.6672576069831848
methodB,polite,ambiguous,15,0,0.12545406818389893
methodB,polite,ambiguous,15,1,0.05652768537402153
methodB,polite,ambiguous,15,2,0.1913623958826065
methodB,polite,ambiguous,15,3,0.3668760359287262
methodB,polite,ambiguous,15,4,0.44367703795433044
methodB,polite,ambiguous,15,5,0.45296087861061096
methodB,polite,ambiguous,15,6,0.4717603921890259
methodB,polite,ambiguous,15,7,0.4671503007411957
methodB,polite,ambiguous,15,8,0.5701892971992493
methodB,polite,ambiguous,15,9,0.5989022850990295
methodB,polite,ambiguous,15,10,0.4904743432998657
methodB,polite,ambiguous,15,11,0.44429025053977966
methodB,polite,ambiguous,15,12,0.4857221245765686
methodB,polite,ambiguous,15,13,0.506629467010498
methodB,polite,ambiguous,15,14,0.5110068917274475
methodB,polite,ambiguous,15,15,0.5457796454429626
methodB,polite,ambiguous,15,16,0.5887864232063293
methodB,polite,ambiguous,15,17,0.63090980052948
methodB,polite,ambiguous,15,18,0.6250171065330505
methodB,polite,ambiguous,15,19,0.6234254837036133
methodB,truesmile,ambiguous,15,0,0.15545503795146942
methodB,truesmile,ambiguous,15,1,0.16629576683044434
methodB,truesmile,ambiguous,15,2,0.3572919964790344
methodB,truesmile,ambiguous,15,3,0.4446841776371002
methodB,truesmile,ambiguous,15,4,0.589458703994751
methodB,truesmile,ambiguous,15,5,0.6274775862693787
methodB,truesmile,ambiguous,15,6,0.644600510597229
methodB,truesmile,ambiguous,15,7,0.6044776439666748
methodB,truesmile,ambiguous,15,8,0.6856406331062317
methodB,truesmile,ambiguous,15,9,0.6873915195465088
methodB,truesmile,ambiguous,15,10,0.6182343363761902
methodB,truesmile,ambiguous,15,11,0.5892361402511597
methodB,truesmile,ambiguous,15,12,0.6296276450157166
methodB,truesmile,ambiguous,15,13,0.7134697437286377
methodB,truesmile,ambiguous,15,14,0.767265260219574
methodB,truesmile,ambiguous,15,15,0.7386553883552551
methodB,truesmile,ambiguous,15,16,0.7670103311538696
methodB,truesmile,ambiguous,15,17,0.7743533253669739
methodB,truesmile,ambiguous,15,18,0.7353174090385437
methodB,truesmile,ambiguous,15,19,0.7240855097770691
methodB,ambiguous,ambiguous,15,0,0.11454690992832184
methodB,ambiguous,ambiguous,15,1,0.054947879165410995
methodB,ambiguous,ambiguous,15,2,0.177994504570961
methodB,ambiguous,ambiguous,15,3,0.3607746362686157
methodB,ambiguous,ambiguous,15,4,0.43678295612335205
methodB,ambiguous,ambiguous,15,5,0.4834901988506317
methodB,ambiguous,ambiguous,15,6,0.4865042567253113
methodB,ambiguous,ambiguous,15,7,0.5461298823356628
methodB,ambiguous,ambiguous,15,8,0.6483520865440369
methodB,ambiguous,ambiguous,15,9,0.6332610845565796
methodB,ambiguous,ambiguous,15,10,0.5177237391471863
methodB,ambiguous,ambiguous,15,11,0.4553288519382477
methodB,ambiguous,ambiguous,15,12,0.4269585609436035
methodB,ambiguous,ambiguous,15,13,0.4430144429206848
methodB,ambiguous,ambiguous,15,14,0.4797331988811493
methodB,ambiguous,ambiguous,15,15,0.4736768305301666
methodB,ambiguous,ambiguous,15,16,0.5400909781455994
methodB,ambiguous,ambiguous,15,17,0.5942023992538452
methodB,ambiguous,ambiguous,15,18,0.6008176207542419
methodB,ambiguous,ambiguous,15,19,0.638586699962616
methodB,polite,ambiguous,16,0,0.09583352506160736
methodB,polite,ambiguous,16,1,0.04808798432350159
methodB,polite,ambiguous,16,2,0.1399753987789154
methodB,polite,ambiguous,16,3,0.22774860262870789
methodB,polite,ambiguous,16,4,0.43065378069877625
methodB,polite,ambiguous,16,5,0.5289525389671326
methodB,polite,ambiguous,16,6,0.6172167658805847
methodB,polite,ambiguous,16,7,0.6241775155067444
methodB,polite,ambiguous,16,8,0.612700879573822
methodB,polite,ambiguous,16,9,0.6029182076454163
methodB,polite,ambiguous,16,10,0.5691167116165161
methodB,polite,ambiguous,16,11,0.5879356265068054
methodB,polite,ambiguous,16,12,0.5579444169998169
methodB,polite,ambiguous,16,13,0.5957402586936951
methodB,polite,ambiguous,16,14,0.5346118807792664
methodB,polite,ambiguous,16,15,0.6129677295684814
methodB,polite,ambiguous,16,16,0.6416693925857544
methodB,polite,ambiguous,16,17,0.6449316740036011
methodB,polite,ambiguous,16,18,0.6530800461769104
methodB,polite,ambiguous,16,19,0.6441817283630371
methodB,truesmile,ambiguous,16,0,0.14839965105056763
methodB,truesmile,ambiguous,16,1,0.16587013006210327
methodB,truesmile,ambiguous,16,2,0.3384288549423218
methodB,truesmile,ambiguous,16,3,0.3523639142513275
methodB,truesmile,ambiguous,16,4,0.4666857421398163
methodB,truesmile,ambiguous,16,5,0.5652964115142822
methodB,truesmile,ambiguous,16,6,0.6536175012588501
methodB,truesmile,ambiguous,16,7,0.6367552280426025
methodB,truesmile,ambiguous,16,8,0.6019655466079712
methodB,truesmile,ambiguous,16,9,0.6260765194892883
methodB,truesmile,ambiguous,16,10,0.6193884015083313
methodB,truesmile,ambiguous,16,11,0.6710245013237
methodB,truesmile,ambiguous,16,12,0.7125192880630493
methodB,truesmile,ambiguous,16,13,0.7359806299209595
methodB,truesmile,ambiguous,16,14,0.7663449645042419
methodB,truesmile,ambiguous,16,15,0.7829428315162659
methodB,truesmile,ambiguous,16,16,0.8403864502906799
methodB,truesmile,ambiguous,16,17,0.8583495020866394
methodB,truesmile,ambiguous,16,18,0.7889836430549622
methodB,truesmile,ambiguous,16,19,0.8218385577201843
methodB,ambiguous,ambiguous,16,0,0.09749321639537811
methodB,ambiguous,ambiguous,16,1,0.04925059527158737
methodB,ambiguous,ambiguous,16,2,0.12555181980133057
methodB,ambiguous,ambiguous,16,3,0.2258746176958084
methodB,ambiguous,ambiguous,16,4,0.4421083927154541
methodB,ambiguous,ambiguous,16,5,0.563017725944519
methodB,ambiguous,ambiguous,16,6,0.6056432723999023
methodB,ambiguous,ambiguous,16,7,0.6477317810058594
methodB,ambiguous,ambiguous,16,8,0.61859530210495
methodB,ambiguous,ambiguous,16,9,0.574093759059906
methodB,ambiguous,ambiguous,16,10,0.601064920425415
methodB,ambiguous,ambiguous,16,11,0.6296337842941284
methodB,ambiguous,ambiguous,16,12,0.580042839050293
methodB,ambiguous,ambiguous,16,13,0.5977550148963928
methodB,ambiguous,ambiguous,16,14,0.5219590067863464
methodB,ambiguous,ambiguous,16,15,0.6287064552307129
methodB,ambiguous,ambiguous,16,16,0.6564176082611084
methodB,ambiguous,ambiguous,16,17,0.6417983174324036
methodB,ambiguous,ambiguous,16,18,0.6339144110679626
methodB,ambiguous,ambiguous,16,19,0.6268334984779358
methodB,polite,ambiguous,17,0,0.1034904196858406
methodB,polite,ambiguous,17,1,0.0652376338839531
methodB,polite,ambiguous,17,2,0.16015216708183289
methodB,polite,ambiguous,17,3,0.3019472658634186
methodB,polite,ambiguous,17,4,0.42825260758399963
methodB,polite,ambiguous,17,5,0.4874434173107147
methodB,polite,ambiguous,17,6,0.49601954221725464
methodB,polite,ambiguous,17,7,0.48553037643432617
methodB,polite,ambiguous,17,8,0.5053268074989319
methodB,polite,ambiguous,17,9,0.520669162273407
methodB,polite,ambiguous,17,10,0.5199000835418701
methodB,polite,ambiguous,17,11,0.5328205227851868
methodB,polite,ambiguous,17,12,0.575198233127594
methodB,polite,ambiguous,17,13,0.5575058460235596
methodB,polite,ambiguous,17,14,0.5359194278717041
methodB,polite,ambiguous,17,15,0.5075343251228333
methodB,polite,ambiguous,17,16,0.5162273645401001
methodB,polite,ambiguous,17,17,0.5183039903640747
methodB,polite,ambiguous,17,18,0.5208725929260254
methodB,polite,ambiguous,17,19,0.5201299786567688
methodB,truesmile,ambiguous,17,0,0.1458343118429184
methodB,truesmile,ambiguous,17,1,0.1684223711490631
methodB,truesmile,ambiguous,17,2,0.32732266187667847
methodB,truesmile,ambiguous,17,3,0.3954574167728424
methodB,truesmile,ambiguous,17,4,0.4744449257850647
methodB,truesmile,ambiguous,17,5,0.48572394251823425
methodB,truesmile,ambiguous,17,6,0.5000995993614197
methodB,truesmile,ambiguous,17,7,0.5035190582275391
methodB,truesmile,ambiguous,17,8,0.5625216364860535
methodB,truesmile,ambiguous,17,9,0.5570215582847595
methodB,truesmile,ambiguous,17,10,0.5351823568344116
methodB,truesmile,ambiguous,17,11,0.586768627166748
methodB,truesmile,ambiguous,17,12,0.6146592497825623
methodB,truesmile,ambiguous,17,13,0.6708548665046692
methodB,truesmile,ambiguous,17,14,0.6849861741065979
methodB,truesmile,ambiguous,17,15,0.6561205387115479
methodB,truesmile,ambiguous,17,16,0.6593701839447021
methodB,truesmile,ambiguous,17,17,0.6525953412055969
methodB,truesmile,ambiguous,17,18,0.6582409739494324
methodB,truesmile,ambiguous,17,19,0.6734627485275269
methodB,ambiguous,ambiguous,17,0,0.08847372233867645
methodB,ambiguous,ambiguous,17,1,0.06373260915279388
methodB,ambiguous,ambiguous,17,2,0.15013369917869568
methodB,ambiguous,ambiguous,17,3,0.28606629371643066
methodB,ambiguous,ambiguous,17,4,0.4103872776031494
methodB,ambiguous,ambiguous,17,5,0.45992332696914673
methodB,ambiguous,ambiguous,17,6,0.43102774024009705
methodB,ambiguous,ambiguous,17,7,0.46656888723373413
methodB,ambiguous,ambiguous,17,8,0.5049492120742798
methodB,ambiguous,ambiguous,17,9,0.45406126976013184
methodB,ambiguous,ambiguous,17,10,0.5053688287734985
methodB,ambiguous,ambiguous,17,11,0.5087494850158691
methodB,ambiguous,ambiguous,17,12,0.5027567744255066
methodB,ambiguous,ambiguous,17,13,0.5058596730232239
methodB,ambiguous,ambiguous,17,14,0.5060596466064453
methodB,ambiguous,ambiguous,17,15,0.4813847243785858
methodB,ambiguous,ambiguous,17,16,0.4835718274116516
methodB,ambiguous,ambiguous,17,17,0.48614805936813354
methodB,ambiguous,ambiguous,17,18,0.45020389556884766
methodB,ambiguous,ambiguous,17,19,0.4275399148464203
methodB,polite,ambiguous,18,0,0.11992275714874268
methodB,polite,ambiguous,18,1,0.0636601373553276
methodB,polite,ambiguous,18,2,0.13760608434677124
methodB,polite,ambiguous,18,3,0.2671443223953247
methodB,polite,ambiguous,18,4,0.38383692502975464
methodB,polite,ambiguous,18,5,0.4760509729385376
methodB,polite,ambiguous,18,6,0.43776848912239075
methodB,polite,ambiguous,18,7,0.4930416941642761
methodB,polite,ambiguous,18,8,0.5357381701469421
methodB,polite,ambiguous,18,9,0.5805324912071228
methodB,polite,ambiguous,18,10,0.585573673248291
methodB,polite,ambiguous,18,11,0.6064140200614929
methodB,polite,ambiguous,18,12,0.6456894874572754
methodB,polite,ambiguous,18,13,0.6584653258323669
methodB,polite,ambiguous,18,14,0.6679704189300537
methodB,polite,ambiguous,18,15,0.6686326861381531
methodB,polite,ambiguous,18,16,0.6849066615104675
methodB,polite,ambiguous,18,17,0.6678420901298523
methodB,polite,ambiguous,18,18,0.6538107395172119
methodB,polite,ambiguous,18,19,0.6554068326950073
methodB,truesmile,ambiguous,18,0,0.13529428839683533
methodB,truesmile,ambiguous,18,1,0.1699070930480957
methodB,truesmile,ambiguous,18,2,0.3478073179721832
methodB,truesmile,ambiguous,18,3,0.4394935965538025
methodB,truesmile,ambiguous,18,4,0.6215640306472778
methodB,truesmile,ambiguous,18,5,0.6260732412338257
methodB,truesmile,ambiguous,18,6,0.5523919463157654
methodB,truesmile,ambiguous,18,7,0.5728378891944885
methodB,truesmile,ambiguous,18,8,0.5957738161087036
methodB,truesmile,ambiguous,18,9,0.5449710488319397
methodB,truesmile,ambiguous,18,10,0.5470131039619446
methodB,truesmile,ambiguous,18,11,0.5933906435966492
methodB,truesmile,ambiguous,18,12,0.6083647608757019
methodB,truesmile,ambiguous,18,13,0.6642894148826599
methodB,truesmile,ambiguous,18,14,0.7125095725059509
methodB,truesmile,ambiguous,18,15,0.6685352325439453
methodB,truesmile,ambiguous,18,16,0.7039951086044312
methodB,truesmile,ambiguous,18,17,0.7000828385353088
methodB,truesmile,ambiguous,18,18,0.7584197521209717
methodB,truesmile,ambiguous,18,19,0.8187504410743713
methodB,ambiguous,ambiguous,18,0,0.10017045587301254
methodB,ambiguous,ambiguous,18,1,0.05739341676235199
methodB,ambiguous,ambiguous,18,2,0.12749674916267395
methodB,ambiguous,ambiguous,18,3,0.26093441247940063
methodB,ambiguous,ambiguous,18,4,0.40430697798728943
methodB,ambiguous,ambiguous,18,5,0.4962647557258606
methodB,ambiguous,ambiguous,18,6,0.43726930022239685
methodB,ambiguous,ambiguous,18,7,0.547705888748169
methodB,ambiguous,ambiguous,18,8,0.6021513938903809
methodB,ambiguous,ambiguous,18,9,0.5905840992927551
methodB,ambiguous,ambiguous,18,10,0.6158187389373779
methodB,ambiguous,ambiguous,18,11,0.6512094140052795
methodB,ambiguous,ambiguous,18,12,0.6278961300849915
methodB,ambiguous,ambiguous,18,13,0.6656131148338318
methodB,ambiguous,ambiguous,18,14,0.7046105265617371
methodB,ambiguous,ambiguous,18,15,0.6811165809631348
methodB,ambiguous,ambiguous,18,16,0.7231671810150146
methodB,ambiguous,ambiguous,18,17,0.6967587471008301
methodB,ambiguous,ambiguous,18,18,0.6715627908706665
methodB,ambiguous,ambiguous,18,19,0.6648176312446594
methodB,polite,ambiguous,19,0,0.32313045859336853
methodB,polite,ambiguous,19,1,0.1581171154975891
methodB,polite,ambiguous,19,2,0.20208565890789032
methodB,polite,ambiguous,19,3,0.3732587993144989
methodB,polite,ambiguous,19,4,0.4139479398727417
methodB,polite,ambiguous,19,5,0.46759676933288574
methodB,polite,ambiguous,19,6,0.537309467792511
methodB,polite,ambiguous,19,7,0.5541103482246399
methodB,polite,ambiguous,19,8,0.5911608934402466
methodB,polite,ambiguous,19,9,0.6222527623176575
methodB,polite,ambiguous,19,10,0.6299881935119629
methodB,polite,ambiguous,19,11,0.6885833144187927
methodB,polite,ambiguous,19,12,0.7211412191390991
methodB,polite,ambiguous,19,13,0.6932579874992371
methodB,polite,ambiguous,19,14,0.6953175067901611
methodB,polite,ambiguous,19,15,0.7127474546432495
methodB,polite,ambiguous,19,16,0.7179737091064453
methodB,polite,ambiguous,19,17,0.7464727759361267
methodB,polite,ambiguous,19,18,0.7673710584640503
methodB,polite,ambiguous,19,19,0.7610755562782288
methodB,truesmile,ambiguous,19,0,0.34809610247612
methodB,truesmile,ambiguous,19,1,0.24256178736686707
methodB,truesmile,ambiguous,19,2,0.4017051160335541
methodB,truesmile,ambiguous,19,3,0.5098504424095154
methodB,truesmile,ambiguous,19,4,0.5367704033851624
methodB,truesmile,ambiguous,19,5,0.5746855139732361
methodB,truesmile,ambiguous,19,6,0.6539089679718018
methodB,truesmile,ambiguous,19,7,0.6239028573036194
methodB,truesmile,ambiguous,19,8,0.6595016121864319
methodB,truesmile,ambiguous,19,9,0.6105271577835083
methodB,truesmile,ambiguous,19,10,0.5918570160865784
methodB,truesmile,ambiguous,19,11,0.6564964056015015
methodB,truesmile,ambiguous,19,12,0.6183302998542786
methodB,truesmile,ambiguous,19,13,0.6802176833152771
methodB,truesmile,ambiguous,19,14,0.7257439494132996
methodB,truesmile,ambiguous,19,15,0.6860769391059875
methodB,truesmile,ambiguous,19,16,0.6670894026756287
methodB,truesmile,ambiguous,19,17,0.6424533724784851
methodB,truesmile,ambiguous,19,18,0.7342069745063782
methodB,truesmile,ambiguous,19,19,0.7047203779220581
methodB,ambiguous,ambiguous,19,0,0.3344022035598755
methodB,ambiguous,ambiguous,19,1,0.15597037971019745
methodB,ambiguous,ambiguous,19,2,0.20492157340049744
methodB,ambiguous,ambiguous,19,3,0.40293511748313904
methodB,ambiguous,ambiguous,19,4,0.41567257046699524
methodB,ambiguous,ambiguous,19,5,0.44841712713241577
methodB,ambiguous,ambiguous,19,6,0.5342506766319275
methodB,ambiguous,ambiguous,19,7,0.592551052570343
methodB,ambiguous,ambiguous,19,8,0.6479689478874207
methodB,ambiguous,ambiguous,19,9,0.6017476320266724
methodB,ambiguous,ambiguous,19,10,0.5972164273262024
methodB,ambiguous,ambiguous,19,11,0.6161810755729675
methodB,ambiguous,ambiguous,19,12,0.5845168232917786
methodB,ambiguous,ambiguous,19,13,0.5918386578559875
methodB,ambiguous,ambiguous,19,14,0.6205465793609619
methodB,ambiguous,ambiguous,19,15,0.6127393245697021
methodB,ambiguous,ambiguous,19,16,0.6551499366760254
methodB,ambiguous,ambiguous,19,17,0.6957578659057617
methodB,ambiguous,ambiguous,19,18,0.7636011838912964
methodB,ambiguous,ambiguous,19,19,0.7625901699066162
methodB,polite,ambiguous,2,0,0.13155540823936462
methodB,polite,ambiguous,2,1,0.18971222639083862
methodB,polite,ambiguous,2,2,0.5491549968719482
methodB,polite,ambiguous,2,3,0.5772505402565002
methodB,polite,ambiguous,2,4,0.5854260921478271
methodB,polite,ambiguous,2,5,0.6084141731262207
methodB,polite,ambiguous,2,6,0.6425409913063049
methodB,polite,ambiguous,2,7,0.7154696583747864
methodB,polite,ambiguous,2,8,0.7234570384025574
methodB,polite,ambiguous,2,9,0.7276526093482971
methodB,polite,ambiguous,2,10,0.7791180610656738
methodB,polite,ambiguous,2,11,0.8004538416862488
methodB,polite,ambiguous,2,12,0.7921998500823975
methodB,polite,ambiguous,2,13,0.7856613993644714
methodB,polite,ambiguous,2,14,0.742169976234436
methodB,polite,ambiguous,2,15,0.7095073461532593
methodB,polite,ambiguous,2,16,0.7213736176490784
methodB,polite,ambiguous,2,17,0.8415964841842651
methodB,polite,ambiguous,2,18,0.8194814324378967
methodB,polite,ambiguous,2,19,0.8538739085197449
methodB,truesmile,ambiguous,2,0,0.16629795730113983
methodB,truesmile,ambiguous,2,1,0.22270970046520233
methodB,truesmile,ambiguous,2,2,0.677553117275238
methodB,truesmile,ambiguous,2,3,0.6541259288787842
methodB,truesmile,ambiguous,2,4,0.6480906009674072
methodB,truesmile,ambiguous,2,5,0.6682577729225159
methodB,truesmile,ambiguous,2,6,0.7115121483802795
methodB,truesmile,ambiguous,2,7,0.7656680345535278
methodB,truesmile,ambiguous,2,8,0.7493533492088318
methodB,truesmile,ambiguous,2,9,0.7369998097419739
methodB,truesmile,ambiguous,2,10,0.7850155234336853
methodB,truesmile,ambiguous,2,11,0.8337530493736267
methodB,truesmile,ambiguous,2,12,0.8401272892951965
methodB,truesmile,ambiguous,2,13,0.8660033345222473
methodB,truesmile,ambiguous,2,14,0.8627684116363525
methodB,truesmile,ambiguous,2,15,0.8132504224777222
methodB,truesmile,ambiguous,2,16,0.8532783389091492
methodB,truesmile,ambiguous,2,17,0.9456120729446411
methodB,truesmile,ambiguous,2,18,0.920673131942749
methodB,truesmile,ambiguous,2,19,1.0067625045776367
methodB,ambiguous,ambiguous,2,0,0.1100078746676445
methodB,ambiguous,ambiguous,2,1,0.18620002269744873
methodB,ambiguous,ambiguous,2,2,0.5542404651641846
methodB,ambiguous,ambiguous,2,3,0.5886834263801575
methodB,ambiguous,ambiguous,2,4,0.5743948221206665
methodB,ambiguous,ambiguous,2,5,0.5937864184379578
methodB,ambiguous,ambiguous,2,6,0.6440005898475647
methodB,ambiguous,ambiguous,2,7,0.7540688514709473
methodB,ambiguous,ambiguous,2,8,0.7594650983810425
methodB,ambiguous,ambiguous,2,9,0.7430500388145447
methodB,ambiguous,ambiguous,2,10,0.8060368299484253
methodB,ambiguous,ambiguous,2,11,0.8238855004310608
methodB,ambiguous,ambiguous,2,12,0.7848329544067383
methodB,ambiguous,ambiguous,2,13,0.8133637309074402
methodB,ambiguous,ambiguous,2,14,0.7913457751274109
methodB,ambiguous,ambiguous,2,15,0.7680258750915527
methodB,ambiguous,ambiguous,2,16,0.7932406067848206
methodB,ambiguous,ambiguous,2,17,0.8665533661842346
methodB,ambiguous,ambiguous,2,18,0.8484018445014954
methodB,ambiguous,ambiguous,2,19,0.8642142415046692
methodB,polite,ambiguous,21,0,0.12552915513515472
methodB,polite,ambiguous,21,1,0.1630600094795227
methodB,polite,ambiguous,21,2,0.26987141370773315
methodB,polite,ambiguous,21,3,0.3274320960044861
methodB,polite,ambiguous,21,4,0.40438851714134216
methodB,polite,ambiguous,21,5,0.4435996413230896
methodB,polite,ambiguous,21,6,0.4731999933719635
methodB,polite,ambiguous,21,7,0.5285610556602478
methodB,polite,ambiguous,21,8,0.5655108690261841
methodB,polite,ambiguous,21,9,0.569674551486969
methodB,polite,ambiguous,21,10,0.6217337250709534
methodB,polite,ambiguous,21,11,0.6246063113212585
methodB,polite,ambiguous,21,12,0.6982786655426025
methodB,polite,ambiguous,21,13,0.7098900079727173
methodB,polite,ambiguous,21,14,0.7502950429916382
methodB,polite,ambiguous,21,15,0.7345360517501831
methodB,polite,ambiguous,21,16,0.732146143913269
methodB,polite,ambiguous,21,17,0.7430914044380188
methodB,polite,ambiguous,21,18,0.7219278216362
methodB,polite,ambiguous,21,19,0.7493208646774292
methodB,truesmile,ambiguous,21,0,0.16469602286815643
methodB,truesmile,ambiguous,21,1,0.23790067434310913
methodB,truesmile,ambiguous,21,2,0.3910989463329315
methodB,truesmile,ambiguous,21,3,0.46454915404319763
methodB,truesmile,ambiguous,21,4,0.5970248579978943
methodB,truesmile,ambiguous,21,5,0.6533985733985901
methodB,truesmile,ambiguous,21,6,0.6640985608100891
methodB,truesmile,ambiguous,21,7,0.6556357741355896
methodB,truesmile,ambiguous,21,8,0.6864894032478333
methodB,truesmile,ambiguous,21,9,0.6027366518974304
methodB,truesmile,ambiguous,21,10,0.7146514058113098
methodB,truesmile,ambiguous,21,11,0.7069494724273682
methodB,truesmile,ambiguous,21,12,0.7870306372642517
methodB,truesmile,ambiguous,21,13,0.8439490795135498
methodB,truesmile,ambiguous,21,14,0.9118549823760986
methodB,truesmile,ambiguous,21,15,0.8766489028930664
methodB,truesmile,ambiguous,21,16,0.8758010268211365
methodB,truesmile,ambiguous,21,17,0.8933106064796448
methodB,truesmile,ambiguous,21,18,0.8864157795906067
methodB,truesmile,ambiguous,21,19,0.8784011006355286
methodB,ambiguous,ambiguous,21,0,0.11297184228897095
methodB,ambiguous,ambiguous,21,1,0.16444821655750275
methodB,ambiguous,ambiguous,21,2,0.2728906273841858
methodB,ambiguous,ambiguous,21,3,0.3384896218776703
methodB,ambiguous,ambiguous,21,4,0.3842816650867462
methodB,ambiguous,ambiguous,21,5,0.42897194623947144
methodB,ambiguous,ambiguous,21,6,0.45171788334846497
methodB,ambiguous,ambiguous,21,7,0.5674179792404175
methodB,ambiguous,ambiguous,21,8,0.6356483697891235
methodB,ambiguous,ambiguous,21,9,0.5779832601547241
methodB,ambiguous,ambiguous,21,10,0.62644362449646
methodB,ambiguous,ambiguous,21,11,0.6295588612556458
methodB,ambiguous,ambiguous,21,12,0.624075710773468
methodB,ambiguous,ambiguous,21,13,0.6695623397827148
methodB,ambiguous,ambiguous,21,14,0.6934391260147095
methodB,ambiguous,ambiguous,21,15,0.6498908996582031
methodB,ambiguous,ambiguous,21,16,0.6586459279060364
methodB,ambiguous,ambiguous,21,17,0.679265558719635
methodB,ambiguous,ambiguous,21,18,0.6722234487533569
methodB,ambiguous,ambiguous,21,19,0.6908687949180603
methodB,polite,ambiguous,22,0,0.11528301984071732
methodB,polite,ambiguous,22,1,0.057654958218336105
methodB,polite,ambiguous,22,2,0.14463713765144348
methodB,polite,ambiguous,22,3,0.15921391546726227
methodB,polite,ambiguous,22,4,0.2414604276418686
methodB,polite,ambiguous,22,5,0.35995614528656006
methodB,polite,ambiguous,22,6,0.402073472738266
methodB,polite,ambiguous,22,7,0.5073466300964355
methodB,polite,ambiguous,22,8,0.42239367961883545
methodB,polite,ambiguous,22,9,0.40068620443344116
methodB,polite,ambiguous,22,10,0.40838125348091125
methodB,polite,ambiguous,22,11,0.4468952715396881
methodB,polite,ambiguous,22,12,0.4989612102508545
methodB,polite,ambiguous,22,13,0.5058909058570862
methodB,polite,ambiguous,22,14,0.5026346445083618
methodB,polite,ambiguous,22,15,0.5264395475387573
methodB,polite,ambiguous,22,16,0.5245541930198669
methodB,polite,ambiguous,22,17,0.5275078415870667
methodB,polite,ambiguous,22,18,0.520713210105896
methodB,polite,ambiguous,22,19,0.5331243276596069
methodB,truesmile,ambiguous,22,0,0.15630628168582916
methodB,truesmile,ambiguous,22,1,0.17795173823833466
methodB,truesmile,ambiguous,22,2,0.3638138771057129
methodB,truesmile,ambiguous,22,3,0.34302279353141785
methodB,truesmile,ambiguous,22,4,0.4589093029499054
methodB,truesmile,ambiguous,22,5,0.45901501178741455
methodB,truesmile,ambiguous,22,6,0.48299339413642883
methodB,truesmile,ambiguous,22,7,0.5580308437347412
methodB,truesmile,ambiguous,22,8,0.538210928440094
methodB,truesmile,ambiguous,22,9,0.5020484924316406
methodB,truesmile,ambiguous,22,10,0.5279386639595032
methodB,truesmile,ambiguous,22,11,0.567466139793396
methodB,truesmile,ambiguous,22,12,0.5959993600845337
methodB,truesmile,ambiguous,22,13,0.6683300733566284
methodB,truesmile,ambiguous,22,14,0.7252058386802673
methodB,truesmile,ambiguous,22,15,0.7080062031745911
methodB,truesmile,ambiguous,22,16,0.7052542567253113
methodB,truesmile,ambiguous,22,17,0.6930858492851257
methodB,truesmile,ambiguous,22,18,0.7206885814666748
methodB,truesmile,ambiguous,22,19,0.7381940484046936
methodB,ambiguous,ambiguous,22,0,0.1092621460556984
methodB,ambiguous,ambiguous,22,1,0.0621248334646225
methodB,ambiguous,ambiguous,22,2,0.13242466747760773
methodB,ambiguous,ambiguous,22,3,0.17532029747962952
methodB,ambiguous,ambiguous,22,4,0.22559669613838196
methodB,ambiguous,ambiguous,22,5,0.3083640933036804
methodB,ambiguous,ambiguous,22,6,0.34263846278190613
methodB,ambiguous,ambiguous,22,7,0.5797178745269775
methodB,ambiguous,ambiguous,22,8,0.5333133935928345
methodB,ambiguous,ambiguous,22,9,0.3933526277542114
methodB,ambiguous,ambiguous,22,10,0.3833777904510498
methodB,ambiguous,ambiguous,22,11,0.4171507954597473
methodB,ambiguous,ambiguous,22,12,0.4320078194141388
methodB,ambiguous,ambiguous,22,13,0.4372919201850891
methodB,ambiguous,ambiguous,22,14,0.4573062062263489
methodB,ambiguous,ambiguous,22,15,0.46510520577430725
methodB,ambiguous,ambiguous,22,16,0.4612274169921875
methodB,ambiguous,ambiguous,22,17,0.42778319120407104
methodB,ambiguous,ambiguous,22,18,0.4525638222694397
methodB,ambiguous,ambiguous,22,19,0.42988505959510803
methodB,polite,ambiguous,23,0,0.1799575239419937
methodB,polite,ambiguous,23,1,0.08780724555253983
methodB,polite,ambiguous,23,2,0.16467659175395966
methodB,polite,ambiguous,23,3,0.22705994546413422
methodB,polite,ambiguous,23,4,0.3109201192855835
methodB,polite,ambiguous,23,5,0.3508925437927246
methodB,polite,ambiguous,23,6,0.4028902053833008
methodB,polite,ambiguous,23,7,0.389796644449234
methodB,polite,ambiguous,23,8,0.3937176465988159
methodB,polite,ambiguous,23,9,0.42318829894065857
methodB,polite,ambiguous,23,10,0.4690110683441162
methodB,polite,ambiguous,23,11,0.4649278223514557
methodB,polite,ambiguous,23,12,0.4942653775215149
methodB,polite,ambiguous,23,13,0.48624902963638306
methodB,polite,ambiguous,23,14,0.5272131562232971
methodB,polite,ambiguous,23,15,0.5569078326225281
methodB,polite,ambiguous,23,16,0.5698894262313843
methodB,polite,ambiguous,23,17,0.5549679398536682
methodB,polite,ambiguous,23,18,0.5584421753883362
methodB,polite,ambiguous,23,19,0.5793666839599609
methodB,truesmile,ambiguous,23,0,0.18920432031154633
methodB,truesmile,ambiguous,23,1,0.16653762757778168
methodB,truesmile,ambiguous,23,2,0.3482981026172638
methodB,truesmile,ambiguous,23,3,0.3624153435230255
methodB,truesmile,ambiguous,23,4,0.4554593861103058
methodB,truesmile,ambiguous,23,5,0.48008397221565247
methodB,truesmile,ambiguous,23,6,0.4672115743160248
methodB,truesmile,ambiguous,23,7,0.4682943820953369
methodB,truesmile,ambiguous,23,8,0.5121813416481018
methodB,truesmile,ambiguous,23,9,0.4992520809173584
methodB,truesmile,ambiguous,23,10,0.5381947755813599
methodB,truesmile,ambiguous,23,11,0.5237017273902893
methodB,truesmile,ambiguous,23,12,0.5392135381698608
methodB,truesmile,ambiguous,23,13,0.5926705002784729
methodB,truesmile,ambiguous,23,14,0.6676810383796692
methodB,truesmile,ambiguous,23,15,0.656248152256012
methodB,truesmile,ambiguous,23,16,0.6497412919998169
methodB,truesmile,ambiguous,23,17,0.6512252688407898
methodB,truesmile,ambiguous,23,18,0.7451360821723938
methodB,truesmile,ambiguous,23,19,0.7758963108062744
methodB,ambiguous,ambiguous,23,0,0.16906951367855072
methodB,ambiguous,ambiguous,23,1,0.08642477542161942
methodB,ambiguous,ambiguous,23,2,0.159210667014122
methodB,ambiguous,ambiguous,23,3,0.21515144407749176
methodB,ambiguous,ambiguous,23,4,0.2598258852958679
methodB,ambiguous,ambiguous,23,5,0.2982838749885559
methodB,ambiguous,ambiguous,23,6,0.3119175136089325
methodB,ambiguous,ambiguous,23,7,0.4629001021385193
methodB,ambiguous,ambiguous,23,8,0.4913266897201538
methodB,ambiguous,ambiguous,23,9,0.4360860288143158
methodB,ambiguous,ambiguous,23,10,0.41635552048683167
methodB,ambiguous,ambiguous,23,11,0.42531073093414307
methodB,ambiguous,ambiguous,23,12,0.4276127517223358
methodB,ambiguous,ambiguous,23,13,0.4395125210285187
methodB,ambiguous,ambiguous,23,14,0.46407350897789
methodB,ambiguous,ambiguous,23,15,0.4852193295955658
methodB,ambiguous,ambiguous,23,16,0.5321639776229858
methodB,ambiguous,ambiguous,23,17,0.5350306630134583
methodB,ambiguous,ambiguous,23,18,0.5630604028701782
methodB,ambiguous,ambiguous,23,19,0.5737660527229309
methodB,polite,ambiguous,24,0,0.2706737518310547
methodB,polite,ambiguous,24,1,0.3673819899559021
methodB,polite,ambiguous,24,2,0.38850530982017517
methodB,polite,ambiguous,24,3,0.41534319519996643
methodB,polite,ambiguous,24,4,0.4605531692504883
methodB,polite,ambiguous,24,5,0.4513585567474365
methodB,polite,ambiguous,24,6,0.4566592574119568
methodB,polite,ambiguous,24,7,0.5368236899375916
methodB,polite,ambiguous,24,8,0.5015963315963745
methodB,polite,ambiguous,24,9,0.5458400845527649
methodB,polite,ambiguous,24,10,0.5523203611373901
methodB,polite,ambiguous,24,11,0.5906035304069519
methodB,polite,ambiguous,24,12,0.6407608389854431
methodB,polite,ambiguous,24,13,0.6377319097518921
methodB,polite,ambiguous,24,14,0.6577853560447693
methodB,polite,ambiguous,24,15,0.6655133962631226
methodB,polite,ambiguous,24,16,0.6617423295974731
methodB,polite,ambiguous,24,17,0.630827784538269
methodB,polite,ambiguous,24,18,0.6644730567932129
methodB,polite,ambiguous,24,19,0.7184616923332214
methodB,truesmile,ambiguous,24,0,0.29045718908309937
methodB,truesmile,ambiguous,24,1,0.39319470524787903
methodB,truesmile,ambiguous,24,2,0.5251287817955017
methodB,truesmile,ambiguous,24,3,0.5239188075065613
methodB,truesmile,ambiguous,24,4,0.5369448065757751
methodB,truesmile,ambiguous,24,5,0.5355355143547058
methodB,truesmile,ambiguous,24,6,0.5858772397041321
methodB,truesmile,ambiguous,24,7,0.6242117881774902
methodB,truesmile,ambiguous,24,8,0.6516198515892029
methodB,truesmile,ambiguous,24,9,0.630451500415802
methodB,truesmile,ambiguous,24,10,0.6294513940811157
methodB,truesmile,ambiguous,24,11,0.6537827849388123
methodB,truesmile,ambiguous,24,12,0.7299121022224426
methodB,truesmile,ambiguous,24,13,0.8012739419937134
methodB,truesmile,ambiguous,24,14,0.8324623703956604
methodB,truesmile,ambiguous,24,15,0.8181223273277283
methodB,truesmile,ambiguous,24,16,0.8291141390800476
methodB,truesmile,ambiguous,24,17,0.7928452491760254
methodB,truesmile,ambiguous,24,18,0.8336718678474426
methodB,truesmile,ambiguous,24,19,0.8766962289810181
methodB,ambiguous,ambiguous,24,0,0.25058263540267944
methodB,ambiguous,ambiguous,24,1,0.35827985405921936
methodB,ambiguous,ambiguous,24,2,0.3873090445995331
methodB,ambiguous,ambiguous,24,3,0.4315885901451111
methodB,ambiguous,ambiguous,24,4,0.487189382314682
methodB,ambiguous,ambiguous,24,5,0.4629887342453003
methodB,ambiguous,ambiguous,24,6,0.4731329083442688
methodB,ambiguous,ambiguous,24,7,0.6624917984008789
methodB,ambiguous,ambiguous,24,8,0.6629644632339478
methodB,ambiguous,ambiguous,24,9,0.5844103693962097
methodB,ambiguous,ambiguous,24,10,0.564890444278717
methodB,ambiguous,ambiguous,24,11,0.6072877049446106
methodB,ambiguous,ambiguous,24,12,0.6058186292648315
methodB,ambiguous,ambiguous,24,13,0.6166682243347168
methodB,ambiguous,ambiguous,24,14,0.679954469203949
methodB,ambiguous,ambiguous,24,15,0.6603543162345886
methodB,ambiguous,ambiguous,24,16,0.6651487350463867
methodB,ambiguous,ambiguous,24,17,0.6378040909767151
methodB,ambiguous,ambiguous,24,18,0.63059002161026
methodB,ambiguous,ambiguous,24,19,0.688687801361084
methodB,polite,ambiguous,25,0,0.38456791639328003
methodB,polite,ambiguous,25,1,0.23144268989562988
methodB,polite,ambiguous,25,2,0.3155781924724579
methodB,polite,ambiguous,25,3,0.39329981803894043
methodB,polite,ambiguous,25,4,0.42879486083984375
methodB,polite,ambiguous,25,5,0.4714501202106476
methodB,polite,ambiguous,25,6,0.5174077153205872
methodB,polite,ambiguous,25,7,0.6086632609367371
methodB,polite,ambiguous,25,8,0.6795593500137329
methodB,polite,ambiguous,25,9,0.6999713182449341
methodB,polite,ambiguous,25,10,0.7080034613609314
methodB,polite,ambiguous,25,11,0.7511708736419678
methodB,polite,ambiguous,25,12,0.7945594787597656
methodB,polite,ambiguous,25,13,0.8174887895584106
methodB,polite,ambiguous,25,14,0.7945600152015686
methodB,polite,ambiguous,25,15,0.7427893877029419
methodB,polite,ambiguous,25,16,0.722213089466095
methodB,polite,ambiguous,25,17,0.7589872479438782
methodB,polite,ambiguous,25,18,0.7758880257606506
methodB,polite,ambiguous,25,19,0.7871037125587463
methodB,truesmile,ambiguous,25,0,0.3831576406955719
methodB,truesmile,ambiguous,25,1,0.27396297454833984
methodB,truesmile,ambiguous,25,2,0.4526020884513855
methodB,truesmile,ambiguous,25,3,0.43814629316329956
methodB,truesmile,ambiguous,25,4,0.5148516893386841
methodB,truesmile,ambiguous,25,5,0.5204158425331116
methodB,truesmile,ambiguous,25,6,0.5508493781089783
methodB,truesmile,ambiguous,25,7,0.6252768635749817
methodB,truesmile,ambiguous,25,8,0.6897454261779785
methodB,truesmile,ambiguous,25,9,0.7032129168510437
methodB,truesmile,ambiguous,25,10,0.7276389002799988
methodB,truesmile,ambiguous,25,11,0.8000942468643188
methodB,truesmile,ambiguous,25,12,0.8460841774940491
methodB,truesmile,ambiguous,25,13,0.9497946500778198
methodB,truesmile,ambiguous,25,14,0.9550493955612183
methodB,truesmile,ambiguous,25,15,0.8889078497886658
methodB,truesmile,ambiguous,25,16,0.8849297165870667
methodB,truesmile,ambiguous,25,17,0.8918175101280212
methodB,truesmile,ambiguous,25,18,0.910721480846405
methodB,truesmile,ambiguous,25,19,0.9077506065368652
methodB,ambiguous,ambiguous,25,0,0.38386270403862
methodB,ambiguous,ambiguous,25,1,0.22661809623241425
methodB,ambiguous,ambiguous,25,2,0.31788432598114014
methodB,ambiguous,ambiguous,25,3,0.42096948623657227
methodB,ambiguous,ambiguous,25,4,0.4326496124267578
methodB,ambiguous,ambiguous,25,5,0.4576611816883087
methodB,ambiguous,ambiguous,25,6,0.45094528794288635
methodB,ambiguous,ambiguous,25,7,0.5745349526405334
methodB,ambiguous,ambiguous,25,8,0.6464517116546631
methodB,ambiguous,ambiguous,25,9,0.6572018265724182
methodB,ambiguous,ambiguous,25,10,0.7307267189025879
methodB,ambiguous,ambiguous,25,11,0.7772101163864136
methodB,ambiguous,ambiguous,25,12,0.7446246147155762
methodB,ambiguous,ambiguous,25,13,0.7903982400894165
methodB,ambiguous,ambiguous,25,14,0.7965884804725647
methodB,ambiguous,ambiguous,25,15,0.6812341809272766
methodB,ambiguous,ambiguous,25,16,0.6946671605110168
methodB,ambiguous,ambiguous,25,17,0.7459768056869507
methodB,ambiguous,ambiguous,25,18,0.7639655470848083
methodB,ambiguous,ambiguous,25,19,0.7685377597808838
methodB,polite,ambiguous,26,0,0.25129833817481995
methodB,polite,ambiguous,26,1,0.1065327450633049
methodB,polite,ambiguous,26,2,0.18611954152584076
methodB,polite,ambiguous,26,3,0.6807695627212524
methodB,polite,ambiguous,26,4,0.7003185749053955
methodB,polite,ambiguous,26,5,0.659004807472229
methodB,polite,ambiguous,26,6,0.6692388653755188
methodB,polite,ambiguous,26,7,0.6857999563217163
methodB,polite,ambiguous,26,8,0.6604017615318298
methodB,polite,ambiguous,26,9,0.6426308155059814
methodB,polite,ambiguous,26,10,0.6496126651763916
methodB,polite,ambiguous,26,11,0.6623853445053101
methodB,polite,ambiguous,26,12,0.7024033665657043
methodB,polite,ambiguous,26,13,0.7237180471420288
methodB,polite,ambiguous,26,14,0.6757609248161316
methodB,polite,ambiguous,26,15,0.635560929775238
methodB,polite,ambiguous,26,16,0.6634511947631836
methodB,polite,ambiguous,26,17,0.6785771250724792
methodB,polite,ambiguous,26,18,0.6375147700309753
methodB,polite,ambiguous,26,19,0.5873042345046997
methodB,truesmile,ambiguous,26,0,0.26881086826324463
methodB,truesmile,ambiguous,26,1,0.19948160648345947
methodB,truesmile,ambiguous,26,2,0.3448145091533661
methodB,truesmile,ambiguous,26,3,0.7053419351577759
methodB,truesmile,ambiguous,26,4,0.706727921962738
methodB,truesmile,ambiguous,26,5,0.6665405035018921
methodB,truesmile,ambiguous,26,6,0.6988739967346191
methodB,truesmile,ambiguous,26,7,0.7061026692390442
methodB,truesmile,ambiguous,26,8,0.7014625072479248
methodB,truesmile,ambiguous,26,9,0.6506827473640442
methodB,truesmile,ambiguous,26,10,0.6441574692726135
methodB,truesmile,ambiguous,26,11,0.6953642964363098
methodB,truesmile,ambiguous,26,12,0.7247021198272705
methodB,truesmile,ambiguous,26,13,0.7853670120239258
methodB,truesmile,ambiguous,26,14,0.8011115789413452
methodB,truesmile,ambiguous,26,15,0.7644700407981873
methodB,truesmile,ambiguous,26,16,0.8098899126052856
methodB,truesmile,ambiguous,26,17,0.8413791656494141
methodB,truesmile,ambiguous,26,18,0.8323240876197815
methodB,truesmile,ambiguous,26,19,0.7940168976783752
methodB,ambiguous,ambiguous,26,0,0.2462632954120636
methodB,ambiguous,ambiguous,26,1,0.11356904357671738
methodB,ambiguous,ambiguous,26,2,0.17606958746910095
methodB,ambiguous,ambiguous,26,3,0.6821486353874207
methodB,ambiguous,ambiguous,26,4,0.7000640034675598
methodB,ambiguous,ambiguous,26,5,0.6516563892364502
methodB,ambiguous,ambiguous,26,6,0.6278923153877258
methodB,ambiguous,ambiguous,26,7,0.6575286388397217
methodB,ambiguous,ambiguous,26,8,0.6454030275344849
methodB,ambiguous,ambiguous,26,9,0.6100742220878601
methodB,ambiguous,ambiguous,26,10,0.6135402321815491
methodB,ambiguous,ambiguous,26,11,0.6123549938201904
methodB,ambiguous,ambiguous,26,12,0.5776363611221313
methodB,ambiguous,ambiguous,26,13,0.6119441390037537
methodB,ambiguous,ambiguous,26,14,0.5818496346473694
methodB,ambiguous,ambiguous,26,15,0.5277866125106812
methodB,ambiguous,ambiguous,26,16,0.5985806584358215
methodB,ambiguous,ambiguous,26,17,0.604828417301178
methodB,ambiguous,ambiguous,26,18,0.5877440571784973
methodB,ambiguous,ambiguous,26,19,0.5636066198348999
methodB,polite,ambiguous,27,0,0.09615349024534225
methodB,polite,ambiguous,27,1,0.04294390603899956
methodB,polite,ambiguous,27,2,0.08394782245159149
methodB,polite,ambiguous,27,3,0.15417318046092987
methodB,polite,ambiguous,27,4,0.24713507294654846
methodB,polite,ambiguous,27,5,0.2609310746192932
methodB,polite,ambiguous,27,6,0.2878000736236572
methodB,polite,ambiguous,27,7,0.42221641540527344
methodB,polite,ambiguous,27,8,0.45193758606910706
methodB,polite,ambiguous,27,9,0.3519548773765564
methodB,polite,ambiguous,27,10,0.37517067790031433
methodB,polite,ambiguous,27,11,0.399332195520401
methodB,polite,ambiguous,27,12,0.41017115116119385
methodB,polite,ambiguous,27,13,0.422824501991272
methodB,polite,ambiguous,27,14,0.4425993263721466
methodB,polite,ambiguous,27,15,0.46385279297828674
methodB,polite,ambiguous,27,16,0.5099315047264099
methodB,polite,ambiguous,27,17,0.5107167959213257
methodB,polite,ambiguous,27,18,0.49603399634361267
methodB,polite,ambiguous,27,19,0.494920551776886
methodB,truesmile,ambiguous,27,0,0.14385072886943817
methodB,truesmile,ambiguous,27,1,0.1663583666086197
methodB,truesmile,ambiguous,27,2,0.3332385718822479
methodB,truesmile,ambiguous,27,3,0.3438009023666382
methodB,truesmile,ambiguous,27,4,0.45939919352531433
methodB,truesmile,ambiguous,27,5,0.4476960599422455
methodB,truesmile,ambiguous,27,6,0.42818254232406616
methodB,truesmile,ambiguous,27,7,0.520243763923645
methodB,truesmile,ambiguous,27,8,0.5418107509613037
methodB,truesmile,ambiguous,27,9,0.4620913565158844
methodB,truesmile,ambiguous,27,10,0.47554317116737366
methodB,truesmile,ambiguous,27,11,0.48827481269836426
methodB,truesmile,ambiguous,27,12,0.5000734329223633
methodB,truesmile,ambiguous,27,13,0.5894539952278137
methodB,truesmile,ambiguous,27,14,0.6714572310447693
methodB,truesmile,ambiguous,27,15,0.6529289484024048
methodB,truesmile,ambiguous,27,16,0.6968859434127808
methodB,truesmile,ambiguous,27,17,0.7084755897521973
methodB,truesmile,ambiguous,27,18,0.7366315126419067
methodB,truesmile,ambiguous,27,19,0.7374159693717957
methodB,ambiguous,ambiguous,27,0,0.0
methodB,ambiguous,ambiguous,27,1,0.0
methodB,ambiguous,ambiguous,27,2,0.0
methodB,ambiguous,ambiguous,27,3,0.0
methodB,ambiguous,ambiguous,27,4,0.0
methodB,ambiguous,ambiguous,27,5,0.0
methodB,ambiguous,ambiguous,27,6,0.0
methodB,ambiguous,ambiguous,27,7,0.0
methodB,ambiguous,ambiguous,27,8,0.0
methodB,ambiguous,ambiguous,27,9,0.0
methodB,ambiguous,ambiguous,27,10,0.0
methodB,ambiguous,ambiguous,27,11,0.0
methodB,ambiguous,ambiguous,27,12,0.0
methodB,ambiguous,ambiguous,27,13,0.0
methodB,ambiguous,ambiguous,27,14,0.0
methodB,ambiguous,ambiguous,27,15,0.0
methodB,ambiguous,ambiguous,27,16,0.0
methodB,ambiguous,ambiguous,27,17,0.0
methodB,ambiguous,ambiguous,27,18,0.0
methodB,ambiguous,ambiguous,27,19,0.0
methodB,polite,ambiguous,28,0,0.26631832122802734
methodB,polite,ambiguous,28,1,0.30663031339645386
methodB,polite,ambiguous,28,2,0.4338928163051605
methodB,polite,ambiguous,28,3,0.514862596988678
methodB,polite,ambiguous,28,4,0.5544782876968384
methodB,polite,ambiguous,28,5,0.5511442422866821
methodB,polite,ambiguous,28,6,0.6234397292137146
methodB,polite,ambiguous,28,7,0.6174114346504211
methodB,polite,ambiguous,28,8,0.616943359375
methodB,polite,ambiguous,28,9,0.6170576214790344
methodB,polite,ambiguous,28,10,0.6166699528694153
methodB,polite,ambiguous,28,11,0.6773224472999573
methodB,polite,ambiguous,28,12,0.6805312633514404
methodB,polite,ambiguous,28,13,0.7051300406455994
methodB,polite,ambiguous,28,14,0.6650551557540894
methodB,polite,ambiguous,28,15,0.7180463075637817
methodB,polite,ambiguous,28,16,0.7074747681617737
methodB,polite,ambiguous,28,17,0.7330811619758606
methodB,polite,ambiguous,28,18,0.7378916144371033
methodB,polite,ambiguous,28,19,0.6280432343482971
methodB,truesmile,ambiguous,28,0,0.2719232738018036
methodB,truesmile,ambiguous,28,1,0.3342460095882416
methodB,truesmile,ambiguous,28,2,0.5164444446563721
methodB,truesmile,ambiguous,28,3,0.585555911064148
methodB,truesmile,ambiguous,28,4,0.6103560924530029
methodB,truesmile,ambiguous,28,5,0.6510180830955505
methodB,truesmile,ambiguous,28,6,0.6918820142745972
methodB,truesmile,ambiguous,28,7,0.6701669096946716
methodB,truesmile,ambiguous,28,8,0.6618713140487671
methodB,truesmile,ambiguous,28,9,0.6157465577125549
methodB,truesmile,ambiguous,28,10,0.6313445568084717
methodB,truesmile,ambiguous,28,11,0.6910790801048279
methodB,truesmile,ambiguous,28,12,0.7137888073921204
methodB,truesmile,ambiguous,28,13,0.793167233467102
methodB,truesmile,ambiguous,28,14,0.8060936331748962
methodB,truesmile,ambiguous,28,15,0.8383776545524597
methodB,truesmile,ambiguous,28,16,0.8380044102668762
methodB,truesmile,ambiguous,28,17,0.8523075580596924
methodB,truesmile,ambiguous,28,18,0.8894432187080383
methodB,truesmile,ambiguous,28,19,0.7905635833740234
methodB,ambiguous,ambiguous,28,0,0.27205365896224976
methodB,ambiguous,ambiguous,28,1,0.3043020963668823
methodB,ambiguous,ambiguous,28,2,0.42362332344055176
methodB,ambiguous,ambiguous,28,3,0.5145550966262817
methodB,ambiguous,ambiguous,28,4,0.535036563873291
methodB,ambiguous,ambiguous,28,5,0.5245456099510193
methodB,ambiguous,ambiguous,28,6,0.5817952156066895
methodB,ambiguous,ambiguous,28,7,0.6251635551452637
methodB,ambiguous,ambiguous,28,8,0.6472634673118591
methodB,ambiguous,ambiguous,28,9,0.6454898715019226
methodB,ambiguous,ambiguous,28,10,0.6545858383178711
methodB,ambiguous,ambiguous,28,11,0.7347890734672546
methodB,ambiguous,ambiguous,28,12,0.6512833833694458
methodB,ambiguous,ambiguous,28,13,0.7226027846336365
methodB,ambiguous,ambiguous,28,14,0.6919219493865967
methodB,ambiguous,ambiguous,28,15,0.7007942795753479
methodB,ambiguous,ambiguous,28,16,0.6649430394172668
methodB,ambiguous,ambiguous,28,17,0.6628038287162781
methodB,ambiguous,ambiguous,28,18,0.6750694513320923
methodB,ambiguous,ambiguous,28,19,0.5809969305992126
methodB,polite,ambiguous,3,0,0.15008442103862762
methodB,polite,ambiguous,3,1,0.15954120457172394
methodB,polite,ambiguous,3,2,0.34202930331230164
methodB,polite,ambiguous,3,3,0.3177073895931244
methodB,polite,ambiguous,3,4,0.37497279047966003
methodB,polite,ambiguous,3,5,0.46307483315467834
methodB,polite,ambiguous,3,6,0.5219199657440186
methodB,polite,ambiguous,3,7,0.45780685544013977
methodB,polite,ambiguous,3,8,0.4440786838531494
methodB,polite,ambiguous,3,9,0.4571644961833954
methodB,polite,ambiguous,3,10,0.4306458532810211
methodB,polite,ambiguous,3,11,0.4337300658226013
methodB,polite,ambiguous,3,12,0.5000736117362976
methodB,polite,ambiguous,3,13,0.5160942673683167
methodB,polite,ambiguous,3,14,0.5386958122253418
methodB,polite,ambiguous,3,15,0.5859341621398926
methodB,polite,ambiguous,3,16,0.5808336734771729
methodB,polite,ambiguous,3,17,0.588309645652771
methodB,polite,ambiguous,3,18,0.5591493248939514
methodB,polite,ambiguous,3,19,0.5271562337875366
methodB,truesmile,ambiguous,3,0,0.16760100424289703
methodB,truesmile,ambiguous,3,1,0.19439561665058136
methodB,truesmile,ambiguous,3,2,0.4874461889266968
methodB,truesmile,ambiguous,3,3,0.3832593858242035
methodB,truesmile,ambiguous,3,4,0.4592038094997406
methodB,truesmile,ambiguous,3,5,0.4689754247665405
methodB,truesmile,ambiguous,3,6,0.49472302198410034
methodB,truesmile,ambiguous,3,7,0.43888622522354126
methodB,truesmile,ambiguous,3,8,0.4581836462020874
methodB,truesmile,ambiguous,3,9,0.47967728972435
methodB,truesmile,ambiguous,3,10,0.4676590859889984
methodB,truesmile,ambiguous,3,11,0.4632703363895416
methodB,truesmile,ambiguous,3,12,0.501594603061676
methodB,truesmile,ambiguous,3,13,0.593828558921814
methodB,truesmile,ambiguous,3,14,0.6751618385314941
methodB,truesmile,ambiguous,3,15,0.7072091698646545
methodB,truesmile,ambiguous,3,16,0.674192488193512
methodB,truesmile,ambiguous,3,17,0.7191344499588013
methodB,truesmile,ambiguous,3,18,0.6865109801292419
methodB,truesmile,ambiguous,3,19,0.6383508443832397
methodB,ambiguous,ambiguous,3,0,0.1469220370054245
methodB,ambiguous,ambiguous,3,1,0.15891899168491364
methodB,ambiguous,ambiguous,3,2,0.34228309988975525
methodB,ambiguous,ambiguous,3,3,0.34416764974594116
methodB,ambiguous,ambiguous,3,4,0.39841970801353455
methodB,ambiguous,ambiguous,3,5,0.4786682426929474
methodB,ambiguous,ambiguous,3,6,0.4655764698982239
methodB,ambiguous,ambiguous,3,7,0.4857650101184845
methodB,ambiguous,ambiguous,3,8,0.5403718948364258
methodB,ambiguous,ambiguous,3,9,0.4944709539413452
methodB,ambiguous,ambiguous,3,10,0.47478121519088745
methodB,ambiguous,ambiguous,3,11,0.46467462182044983
methodB,ambiguous,ambiguous,3,12,0.4832408130168915
methodB,ambiguous,ambiguous,3,13,0.5483509302139282
methodB,ambiguous,ambiguous,3,14,0.5894428491592407
methodB,ambiguous,ambiguous,3,15,0.6062477231025696
methodB,ambiguous,ambiguous,3,16,0.6280357241630554
methodB,ambiguous,ambiguous,3,17,0.661523699760437
methodB,ambiguous,ambiguous,3,18,0.6352584362030029
methodB,ambiguous,ambiguous,3,19,0.5698972940444946
methodB,polite,ambiguous,4,0,0.12059931457042694
methodB,polite,ambiguous,4,1,0.08777385950088501
methodB,polite,ambiguous,4,2,0.17864418029785156
methodB,polite,ambiguous,4,3,0.21785785257816315
methodB,polite,ambiguous,4,4,0.32762107253074646
methodB,polite,ambiguous,4,5,0.3624996542930603
methodB,polite,ambiguous,4,6,0.3788614273071289
methodB,polite,ambiguous,4,7,0.4165343940258026
methodB,polite,ambiguous,4,8,0.4493284523487091
methodB,polite,ambiguous,4,9,0.4429112374782562
methodB,polite,ambiguous,4,10,0.41052353382110596
methodB,polite,ambiguous,4,11,0.425458163022995
methodB,polite,ambiguous,4,12,0.5052379965782166
methodB,polite,ambiguous,4,13,0.5157942771911621
methodB,polite,ambiguous,4,14,0.5662341117858887
methodB,polite,ambiguous,4,15,0.5699119567871094
methodB,polite,ambiguous,4,16,0.5760680437088013
methodB,polite,ambiguous,4,17,0.5364917516708374
methodB,polite,ambiguous,4,18,0.5134202837944031
methodB,polite,ambiguous,4,19,0.5339466333389282
methodB,truesmile,ambiguous,4,0,0.1602705866098404
methodB,truesmile,ambiguous,4,1,0.16588939726352692
methodB,truesmile,ambiguous,4,2,0.3130015432834625
methodB,truesmile,ambiguous,4,3,0.33322635293006897
methodB,truesmile,ambiguous,4,4,0.4811883866786957
methodB,truesmile,ambiguous,4,5,0.4827197790145874
methodB,truesmile,ambiguous,4,6,0.4904637932777405
methodB,truesmile,ambiguous,4,7,0.49735796451568604
methodB,truesmile,ambiguous,4,8,0.5501272678375244
methodB,truesmile,ambiguous,4,9,0.5189144015312195
methodB,truesmile,ambiguous,4,10,0.499744176864624
methodB,truesmile,ambiguous,4,11,0.5151907205581665
methodB,truesmile,ambiguous,4,12,0.537139356136322
methodB,truesmile,ambiguous,4,13,0.6076231002807617
methodB,truesmile,ambiguous,4,14,0.7159262895584106
methodB,truesmile,ambiguous,4,15,0.7075322270393372
methodB,truesmile,ambiguous,4,16,0.6948457360267639
methodB,truesmile,ambiguous,4,17,0.6678897142410278
methodB,truesmile,ambiguous,4,18,0.7167221903800964
methodB,truesmile,ambiguous,4,19,0.6723816990852356
methodB,ambiguous,ambiguous,4,0,0.10786302387714386
methodB,ambiguous,ambiguous,4,1,0.08570180088281631
methodB,ambiguous,ambiguous,4,2,0.1585090011358261
methodB,ambiguous,ambiguous,4,3,0.21791023015975952
methodB,ambiguous,ambiguous,4,4,0.31733885407447815
methodB,ambiguous,ambiguous,4,5,0.33104974031448364
methodB,ambiguous,ambiguous,4,6,0.3438997268676758
methodB,ambiguous,ambiguous,4,7,0.4711889922618866
methodB,ambiguous,ambiguous,4,8,0.5113903284072876
methodB,ambiguous,ambiguous,4,9,0.42310428619384766
methodB,ambiguous,ambiguous,4,10,0.3866787850856781
methodB,ambiguous,ambiguous,4,11,0.3879508078098297
methodB,ambiguous,ambiguous,4,12,0.382734090089798
methodB,ambiguous,ambiguous,4,13,0.41259869933128357
methodB,ambiguous,ambiguous,4,14,0.462293416261673
methodB,ambiguous,ambiguous,4,15,0.4307406544685364
methodB,ambiguous,ambiguous,4,16,0.46141329407691956
methodB,ambiguous,ambiguous,4,17,0.4646327793598175
methodB,ambiguous,ambiguous,4,18,0.4805556833744049
methodB,ambiguous,ambiguous,4,19,0.49592235684394836
methodB,polite,ambiguous,5,0,0.12588104605674744
methodB,polite,ambiguous,5,1,0.12261433154344559
methodB,polite,ambiguous,5,2,0.18810395896434784
methodB,polite,ambiguous,5,3,0.2611367404460907
methodB,polite,ambiguous,5,4,0.3532800078392029
methodB,polite,ambiguous,5,5,0.31071409583091736
methodB,polite,ambiguous,5,6,0.32012268900871277
methodB,polite,ambiguous,5,7,0.38537320494651794
methodB,polite,ambiguous,5,8,0.4636205732822418
methodB,polite,ambiguous,5,9,0.45867103338241577
methodB,polite,ambiguous,5,10,0.5021116137504578
methodB,polite,ambiguous,5,11,0.4766268730163574
methodB,polite,ambiguous,5,12,0.48494791984558105
methodB,polite,ambiguous,5,13,0.5673626065254211
methodB,polite,ambiguous,5,14,0.5843340158462524
methodB,polite,ambiguous,5,15,0.5921648144721985
methodB,polite,ambiguous,5,16,0.5934634804725647
methodB,polite,ambiguous,5,17,0.5941957831382751
methodB,polite,ambiguous,5,18,0.645999550819397
methodB,polite,ambiguous,5,19,0.6259873509407043
methodB,truesmile,ambiguous,5,0,0.16697074472904205
methodB,truesmile,ambiguous,5,1,0.21159765124320984
methodB,truesmile,ambiguous,5,2,0.3603743612766266
methodB,truesmile,ambiguous,5,3,0.41183340549468994
methodB,truesmile,ambiguous,5,4,0.48058536648750305
methodB,truesmile,ambiguous,5,5,0.516361653804779
methodB,truesmile,ambiguous,5,6,0.5595481991767883
methodB,truesmile,ambiguous,5,7,0.5704255700111389
methodB,truesmile,ambiguous,5,8,0.6277669668197632
methodB,truesmile,ambiguous,5,9,0.5861355066299438
methodB,truesmile,ambiguous,5,10,0.6127417683601379
methodB,truesmile,ambiguous,5,11,0.625731348991394
methodB,truesmile,ambiguous,5,12,0.6402494311332703
methodB,truesmile,ambiguous,5,13,0.7424255609512329
methodB,truesmile,ambiguous,5,14,0.8041787147521973
methodB,truesmile,ambiguous,5,15,0.8507496118545532
methodB,truesmile,ambiguous,5,16,0.8539979457855225
methodB,truesmile,ambiguous,5,17,0.82816481590271
methodB,truesmile,ambiguous,5,18,0.7773241400718689
methodB,truesmile,ambiguous,5,19,0.8048673272132874
methodB,ambiguous,ambiguous,5,0,0.12024451792240143
methodB,ambiguous,ambiguous,5,1,0.12603819370269775
methodB,ambiguous,ambiguous,5,2,0.19147463142871857
methodB,ambiguous,ambiguous,5,3,0.25164446234703064
methodB,ambiguous,ambiguous,5,4,0.321777880191803
methodB,ambiguous,ambiguous,5,5,0.3291894793510437
methodB,ambiguous,ambiguous,5,6,0.3553641140460968
methodB,ambiguous,ambiguous,5,7,0.5139003992080688
methodB,ambiguous,ambiguous,5,8,0.571971595287323
methodB,ambiguous,ambiguous,5,9,0.5142842531204224
methodB,ambiguous,ambiguous,5,10,0.4999202787876129
methodB,ambiguous,ambiguous,5,11,0.5312762260437012
methodB,ambiguous,ambiguous,5,12,0.5145165920257568
methodB,ambiguous,ambiguous,5,13,0.5904709696769714
methodB,ambiguous,ambiguous,5,14,0.5969489216804504
methodB,ambiguous,ambiguous,5,15,0.6080544590950012
methodB,ambiguous,ambiguous,5,16,0.622273862361908
methodB,ambiguous,ambiguous,5,17,0.6154071688652039
methodB,ambiguous,ambiguous,5,18,0.6500718593597412
methodB,ambiguous,ambiguous,5,19,0.6285651326179504
methodB,polite,ambiguous,6,0,0.1490737348794937
methodB,polite,ambiguous,6,1,0.10160190612077713
methodB,polite,ambiguous,6,2,0.27245521545410156
methodB,polite,ambiguous,6,3,0.38539960980415344
methodB,polite,ambiguous,6,4,0.5282455086708069
methodB,polite,ambiguous,6,5,0.6390407681465149
methodB,polite,ambiguous,6,6,0.6118892431259155
methodB,polite,ambiguous,6,7,0.6005462408065796
methodB,polite,ambiguous,6,8,0.6447409987449646
methodB,polite,ambiguous,6,9,0.6127703785896301
methodB,polite,ambiguous,6,10,0.5998494029045105
methodB,polite,ambiguous,6,11,0.644345760345459
methodB,polite,ambiguous,6,12,0.7071294784545898
methodB,polite,ambiguous,6,13,0.7665143013000488
methodB,polite,ambiguous,6,14,0.7754784226417542
methodB,polite,ambiguous,6,15,0.8278229236602783
methodB,polite,ambiguous,6,16,0.8356496095657349
methodB,polite,ambiguous,6,17,0.8891734480857849
methodB,polite,ambiguous,6,18,0.893997073173523
methodB,polite,ambiguous,6,19,0.8911466002464294
methodB,truesmile,ambiguous,6,0,0.1683914065361023
methodB,truesmile,ambiguous,6,1,0.18343980610370636
methodB,truesmile,ambiguous,6,2,0.4629826545715332
methodB,truesmile,ambiguous,6,3,0.4574148952960968
methodB,truesmile,ambiguous,6,4,0.6337576508522034
methodB,truesmile,ambiguous,6,5,0.6748795509338379
methodB,truesmile,ambiguous,6,6,0.6073751449584961
methodB,truesmile,ambiguous,6,7,0.6310021877288818
methodB,truesmile,ambiguous,6,8,0.6822781562805176
methodB,truesmile,ambiguous,6,9,0.6452784538269043
methodB,truesmile,ambiguous,6,10,0.6114425659179688
methodB,truesmile,ambiguous,6,11,0.7075853943824768
methodB,truesmile,ambiguous,6,12,0.7379328012466431
methodB,truesmile,ambiguous,6,13,0.889183521270752
methodB,truesmile,ambiguous,6,14,0.9751245379447937
methodB,truesmile,ambiguous,6,15,0.9564809203147888
methodB,truesmile,ambiguous,6,16,0.9683187007904053
methodB,truesmile,ambiguous,6,17,0.9412423372268677
methodB,truesmile,ambiguous,6,18,0.9477391839027405
methodB,truesmile,ambiguous,6,19,0.9987964034080505
methodB,ambiguous,ambiguous,6,0,0.14513474702835083
methodB,ambiguous,ambiguous,6,1,0.10263863950967789
methodB,ambiguous,ambiguous,6,2,0.2728750705718994
methodB,ambiguous,ambiguous,6,3,0.398441880941391
methodB,ambiguous,ambiguous,6,4,0.5429172515869141
methodB,ambiguous,ambiguous,6,5,0.6368722915649414
methodB,ambiguous,ambiguous,6,6,0.5533329248428345
methodB,ambiguous,ambiguous,6,7,0.5666698217391968
methodB,ambiguous,ambiguous,6,8,0.6065998673439026
methodB,ambiguous,ambiguous,6,9,0.5715817213058472
methodB,ambiguous,ambiguous,6,10,0.5861262679100037
methodB,ambiguous,ambiguous,6,11,0.6010922193527222
methodB,ambiguous,ambiguous,6,12,0.5985580086708069
methodB,ambiguous,ambiguous,6,13,0.7087886333465576
methodB,ambiguous,ambiguous,6,14,0.7664451599121094
methodB,ambiguous,ambiguous,6,15,0.7562111616134644
methodB,ambiguous,ambiguous,6,16,0.7613403797149658
methodB,ambiguous,ambiguous,6,17,0.7876134514808655
methodB,ambiguous,ambiguous,6,18,0.8041316270828247
methodB,ambiguous,ambiguous,6,19,0.8068110942840576
methodB,polite,ambiguous,7,0,0.18029911816120148
methodB,polite,ambiguous,7,1,0.13607937097549438
methodB,polite,ambiguous,7,2,0.3284789025783539
methodB,polite,ambiguous,7,3,0.29771772027015686
methodB,polite,ambiguous,7,4,0.2753211557865143
methodB,polite,ambiguous,7,5,0.3360487222671509
methodB,polite,ambiguous,7,6,0.37139537930488586
methodB,polite,ambiguous,7,7,0.4327893853187561
methodB,polite,ambiguous,7,8,0.5508044958114624
methodB,polite,ambiguous,7,9,0.607178807258606
methodB,polite,ambiguous,7,10,0.6032565236091614
methodB,polite,ambiguous,7,11,0.6257317066192627
methodB,polite,ambiguous,7,12,0.6699622869491577
methodB,polite,ambiguous,7,13,0.5960512757301331
methodB,polite,ambiguous,7,14,0.6225206255912781
methodB,polite,ambiguous,7,15,0.5658850073814392
methodB,polite,ambiguous,7,16,0.6051788330078125
methodB,polite,ambiguous,7,17,0.585963249206543
methodB,polite,ambiguous,7,18,0.5793818831443787
methodB,polite,ambiguous,7,19,0.5750129818916321
methodB,truesmile,ambiguous,7,0,0.18142512440681458
methodB,truesmile,ambiguous,7,1,0.19374960660934448
methodB,truesmile,ambiguous,7,2,0.4495236277580261
methodB,truesmile,ambiguous,7,3,0.43163904547691345
methodB,truesmile,ambiguous,7,4,0.5183835625648499
methodB,truesmile,ambiguous,7,5,0.5419294834136963
methodB,truesmile,ambiguous,7,6,0.5676256418228149
methodB,truesmile,ambiguous,7,7,0.5954151153564453
methodB,truesmile,ambiguous,7,8,0.6309636831283569
methodB,truesmile,ambiguous,7,9,0.6107174158096313
methodB,truesmile,ambiguous,7,10,0.5495383739471436
methodB,truesmile,ambiguous,7,11,0.5564635992050171
methodB,truesmile,ambiguous,7,12,0.5753175020217896
methodB,truesmile,ambiguous,7,13,0.6142770648002625
methodB,truesmile,ambiguous,7,14,0.7648473978042603
methodB,truesmile,ambiguous,7,15,0.6676621437072754
methodB,truesmile,ambiguous,7,16,0.7743855118751526
methodB,truesmile,ambiguous,7,17,0.6895709037780762
methodB,truesmile,ambiguous,7,18,0.6482722759246826
methodB,truesmile,ambiguous,7,19,0.6333825588226318
methodB,ambiguous,ambiguous,7,0,0.16304703056812286
methodB,ambiguous,ambiguous,7,1,0.13883762061595917
methodB,ambiguous,ambiguous,7,2,0.32291603088378906
methodB,ambiguous,ambiguous,7,3,0.3027602434158325
methodB,ambiguous,ambiguous,7,4,0.33117640018463135
methodB,ambiguous,ambiguous,7,5,0.37299028038978577
methodB,ambiguous,ambiguous,7,6,0.39329656958580017
methodB,ambiguous,ambiguous,7,7,0.5987153053283691
methodB,ambiguous,ambiguous,7,8,0.6351648569107056
methodB,ambiguous,ambiguous,7,9,0.5996019244194031
methodB,ambiguous,ambiguous,7,10,0.5902466773986816
methodB,ambiguous,ambiguous,7,11,0.6340904235839844
methodB,ambiguous,ambiguous,7,12,0.6105028390884399
methodB,ambiguous,ambiguous,7,13,0.6103236675262451
methodB,ambiguous,ambiguous,7,14,0.6566455364227295
methodB,ambiguous,ambiguous,7,15,0.5879722833633423
methodB,ambiguous,ambiguous,7,16,0.5928320288658142
methodB,ambiguous,ambiguous,7,17,0.6152336001396179
methodB,ambiguous,ambiguous,7,18,0.6212201714515686
methodB,ambiguous,ambiguous,7,19,0.6406965851783752
methodB,polite,ambiguous,8,0,0.13985688984394073
methodB,polite,ambiguous,8,1,0.09474743902683258
methodB,polite,ambiguous,8,2,0.334402471780777
methodB,polite,ambiguous,8,3,0.4445321559906006
methodB,polite,ambiguous,8,4,0.5107250809669495
methodB,polite,ambiguous,8,5,0.5233370661735535
methodB,polite,ambiguous,8,6,0.5277254581451416
methodB,polite,ambiguous,8,7,0.5391549468040466
methodB,polite,ambiguous,8,8,0.5003389716148376
methodB,polite,ambiguous,8,9,0.5026875138282776
methodB,polite,ambiguous,8,10,0.478158563375473
methodB,polite,ambiguous,8,11,0.4965561032295227
methodB,polite,ambiguous,8,12,0.5279319882392883
methodB,polite,ambiguous,8,13,0.529460608959198
methodB,polite,ambiguous,8,14,0.5895547270774841
methodB,polite,ambiguous,8,15,0.6225348114967346
methodB,polite,ambiguous,8,16,0.6198537349700928
methodB,polite,ambiguous,8,17,0.6006861925125122
methodB,polite,ambiguous,8,18,0.600446879863739
methodB,polite,ambiguous,8,19,0.6068203449249268
methodB,truesmile,ambiguous,8,0,0.15212278068065643
methodB,truesmile,ambiguous,8,1,0.18876975774765015
methodB,truesmile,ambiguous,8,2,0.47254499793052673
methodB,truesmile,ambiguous,8,3,0.5206704139709473
methodB,truesmile,ambiguous,8,4,0.6289913058280945
methodB,truesmile,ambiguous,8,5,0.6304866075515747
methodB,truesmile,ambiguous,8,6,0.6244569420814514
methodB,truesmile,ambiguous,8,7,0.6294240951538086
methodB,truesmile,ambiguous,8,8,0.5925782918930054
methodB,truesmile,ambiguous,8,9,0.568029522895813
methodB,truesmile,ambiguous,8,10,0.5263336896896362
methodB,truesmile,ambiguous,8,11,0.5526259541511536
methodB,truesmile,ambiguous,8,12,0.6084803342819214
methodB,truesmile,ambiguous,8,13,0.7194271683692932
methodB,truesmile,ambiguous,8,14,0.803346574306488
methodB,truesmile,ambiguous,8,15,0.7623780965805054
methodB,truesmile,ambiguous,8,16,0.7731591463088989
methodB,truesmile,ambiguous,8,17,0.7703384757041931
methodB,truesmile,ambiguous,8,18,0.8248529434204102
methodB,truesmile,ambiguous,8,19,0.7624709606170654
methodB,ambiguous,ambiguous,8,0,0.12625786662101746
methodB,ambiguous,ambiguous,8,1,0.09183767437934875
methodB,ambiguous,ambiguous,8,2,0.3375244736671448
methodB,ambiguous,ambiguous,8,3,0.4418654143810272
methodB,ambiguous,ambiguous,8,4,0.4994569718837738
methodB,ambiguous,ambiguous,8,5,0.5382220149040222
methodB,ambiguous,ambiguous,8,6,0.5214133858680725
methodB,ambiguous,ambiguous,8,7,0.6476539969444275
methodB,ambiguous,ambiguous,8,8,0.5882246494293213
methodB,ambiguous,ambiguous,8,9,0.5380197763442993
methodB,ambiguous,ambiguous,8,10,0.46840718388557434
methodB,ambiguous,ambiguous,8,11,0.48727065324783325
methodB,ambiguous,ambiguous,8,12,0.47588440775871277
methodB,ambiguous,ambiguous,8,13,0.4483165740966797
methodB,ambiguous,ambiguous,8,14,0.46001794934272766
methodB,ambiguous,ambiguous,8,15,0.5478360652923584
methodB,ambiguous,ambiguous,8,16,0.5253497362136841
methodB,ambiguous,ambiguous,8,17,0.4665262997150421
methodB,ambiguous,ambiguous,8,18,0.469861775636673
methodB,ambiguous,ambiguous,8,19,0.5016580820083618
methodB,polite,ambiguous,9,0,0.22670409083366394
methodB,polite,ambiguous,9,1,0.1069188117980957
methodB,polite,ambiguous,9,2,0.22167545557022095
methodB,polite,ambiguous,9,3,0.31680384278297424
methodB,polite,ambiguous,9,4,0.3951544165611267
methodB,polite,ambiguous,9,5,0.4928058087825775
methodB,polite,ambiguous,9,6,0.5310807228088379
methodB,polite,ambiguous,9,7,0.598598837852478
methodB,polite,ambiguous,9,8,0.5904090404510498
methodB,polite,ambiguous,9,9,0.5621095895767212
methodB,polite,ambiguous,9,10,0.534968912601471
methodB,polite,ambiguous,9,11,0.5615420937538147
methodB,polite,ambiguous,9,12,0.5951968431472778
methodB,polite,ambiguous,9,13,0.6305064558982849
methodB,polite,ambiguous,9,14,0.6453494429588318
methodB,polite,ambiguous,9,15,0.6564900875091553
methodB,polite,ambiguous,9,16,0.6675902009010315
methodB,polite,ambiguous,9,17,0.6453688144683838
methodB,polite,ambiguous,9,18,0.6627728343009949
methodB,polite,ambiguous,9,19,0.7098918557167053
methodB,truesmile,ambiguous,9,0,0.22881895303726196
methodB,truesmile,ambiguous,9,1,0.18085993826389313
methodB,truesmile,ambiguous,9,2,0.41563913226127625
methodB,truesmile,ambiguous,9,3,0.4696074426174164
methodB,truesmile,ambiguous,9,4,0.5022560954093933
methodB,truesmile,ambiguous,9,5,0.4898685812950134
methodB,truesmile,ambiguous,9,6,0.5263088345527649
methodB,truesmile,ambiguous,9,7,0.5272616744041443
methodB,truesmile,ambiguous,9,8,0.5716395974159241
methodB,truesmile,ambiguous,9,9,0.5596938729286194
methodB,truesmile,ambiguous,9,10,0.5285548567771912
methodB,truesmile,ambiguous,9,11,0.5675714015960693
methodB,truesmile,ambiguous,9,12,0.6314066648483276
methodB,truesmile,ambiguous,9,13,0.7540407776832581
methodB,truesmile,ambiguous,9,14,0.8071553707122803
methodB,truesmile,ambiguous,9,15,0.7692748308181763
methodB,truesmile,ambiguous,9,16,0.7703751921653748
methodB,truesmile,ambiguous,9,17,0.766025722026825
methodB,truesmile,ambiguous,9,18,0.6955686211585999
methodB,truesmile,ambiguous,9,19,0.7452290058135986
methodB,ambiguous,ambiguous,9,0,0.2213032990694046
methodB,ambiguous,ambiguous,9,1,0.106981560587883
methodB,ambiguous,ambiguous,9,2,0.2211237996816635
methodB,ambiguous,ambiguous,9,3,0.3259070813655853
methodB,ambiguous,ambiguous,9,4,0.3626333773136139
methodB,ambiguous,ambiguous,9,5,0.44350942969322205
methodB,ambiguous,ambiguous,9,6,0.4968349039554596
methodB,ambiguous,ambiguous,9,7,0.670488178730011
methodB,ambiguous,ambiguous,9,8,0.6710872054100037
methodB,ambiguous,ambiguous,9,9,0.6017215847969055
methodB,ambiguous,ambiguous,9,10,0.6102223992347717
methodB,ambiguous,ambiguous,9,11,0.6034990549087524
methodB,ambiguous,ambiguous,9,12,0.5626776814460754
methodB,ambiguous,ambiguous,9,13,0.619294285774231
methodB,ambiguous,ambiguous,9,14,0.6532849073410034
methodB,ambiguous,ambiguous,9,15,0.6423014402389526
methodB,ambiguous,ambiguous,9,16,0.6465928554534912
methodB,ambiguous,ambiguous,9,17,0.6312533020973206
methodB,ambiguous,ambiguous,9,18,0.6383112072944641
methodB,ambiguous,ambiguous,9,19,0.6994438767433167
