method,anchor_class,target_class,sequence_id,time_index,difference_norm
methodA,polite,polite,1,0,0.206564262509346
methodA,polite,polite,1,1,0.09636270999908447
methodA,polite,polite,1,2,0.1839970201253891
methodA,polite,polite,1,3,0.2374470978975296
methodA,polite,polite,1,4,0.23671753704547882
methodA,polite,polite,1,5,0.26840221881866455
methodA,polite,polite,1,6,0.26766347885131836
methodA,polite,polite,1,7,0.3191986382007599
methodA,polite,polite,1,8,0.33957621455192566
methodA,polite,polite,1,9,0.33416205644607544
methodA,polite,polite,1,10,0.3428569734096527
methodA,polite,polite,1,11,0.34142136573791504
methodA,polite,polite,1,12,0.35541898012161255
methodA,polite,polite,1,13,0.38190382719039917
methodA,polite,polite,1,14,0.34862175583839417
methodA,polite,polite,1,15,0.3359803557395935
methodA,polite,polite,1,16,0.3256949186325073
methodA,polite,polite,1,17,0.30210569500923157
methodA,polite,polite,1,18,0.3107460141181946
methodA,polite,polite,1,19,0.3168438971042633
methodA,truesmile,polite,1,0,0.20853213965892792
methodA,truesmile,polite,1,1,0.11779210716485977
methodA,truesmile,polite,1,2,0.21685045957565308
methodA,truesmile,polite,1,3,0.2700802683830261
methodA,truesmile,polite,1,4,0.30880478024482727
methodA,truesmile,polite,1,5,0.36426547169685364
methodA,truesmile,polite,1,6,0.3906305730342865
methodA,truesmile,polite,1,7,0.42628777027130127
methodA,truesmile,polite,1,8,0.4619130492210388
methodA,truesmile,polite,1,9,0.46423208713531494
methodA,truesmile,polite,1,10,0.48589834570884705
methodA,truesmile,polite,1,11,0.48681366443634033
methodA,truesmile,polite,1,12,0.5006633996963501
methodA,truesmile,polite,1,13,0.5068179368972778
methodA,truesmile,polite,1,14,0.4976179599761963
methodA,truesmile,polite,1,15,0.5063840746879578
methodA,truesmile,polite,1,16,0.500450849533081
methodA,truesmile,polite,1,17,0.48796769976615906
methodA,truesmile,polite,1,18,0.49922090768814087
methodA,truesmile,polite,1,19,0.49538159370422363
methodA,ambiguous,polite,1,0,0.2075885385274887
methodA,ambiguous,polite,1,1,0.09787782281637192
methodA,ambiguous,polite,1,2,0.1818883866071701
methodA,ambiguous,polite,1,3,0.22699008882045746
methodA,ambiguous,polite,1,4,0.22771121561527252
methodA,ambiguous,polite,1,5,0.26063284277915955
methodA,ambiguous,polite,1,6,0.2742443382740021
methodA,ambiguous,polite,1,7,0.30915895104408264
methodA,ambiguous,polite,1,8,0.33080586791038513
methodA,ambiguous,polite,1,9,0.34170427918434143
methodA,ambiguous,polite,1,10,0.35382354259490967
methodA,ambiguous,polite,1,11,0.35376155376434326
methodA,ambiguous,polite,1,12,0.3639860451221466
methodA,ambiguous,polite,1,13,0.38997089862823486
methodA,ambiguous,polite,1,14,0.366664856672287
methodA,ambiguous,polite,1,15,0.3513906002044678
methodA,ambiguous,polite,1,16,0.33694830536842346
methodA,ambiguous,polite,1,17,0.33244091272354126
methodA,ambiguous,polite,1,18,0.3437376618385315
methodA,ambiguous,polite,1,19,0.36368152499198914
methodA,polite,polite,10,0,0.09596118330955505
methodA,polite,polite,10,1,0.07289357483386993
methodA,polite,polite,10,2,0.31977078318595886
methodA,polite,polite,10,3,0.46080881357192993
methodA,polite,polite,10,4,0.45662808418273926
methodA,polite,polite,10,5,0.5669244527816772
methodA,polite,polite,10,6,0.5769267082214355
methodA,polite,polite,10,7,0.5607179999351501
methodA,polite,polite,10,8,0.5315356254577637
methodA,polite,polite,10,9,0.5650986433029175
methodA,polite,polite,10,10,0.534077525138855
methodA,polite,polite,10,11,0.5580326914787292
methodA,polite,polite,10,12,0.5158824920654297
methodA,polite,polite,10,13,0.4965730905532837
methodA,polite,polite,10,14,0.4720204770565033
methodA,polite,polite,10,15,0.4493887722492218
methodA,polite,polite,10,16,0.4269980490207672
methodA,polite,polite,10,17,0.4186522662639618
methodA,polite,polite,10,18,0.4585888385772705
methodA,polite,polite,10,19,0.4646053910255432
methodA,truesmile,polite,10,0,0.12765224277973175
methodA,truesmile,polite,10,1,0.10948148369789124
methodA,truesmile,polite,10,2,0.3493335247039795
methodA,truesmile,polite,10,3,0.4916168749332428
methodA,truesmile,polite,10,4,0.5111201405525208
methodA,truesmile,polite,10,5,0.6030159592628479
methodA,truesmile,polite,10,6,0.5815775394439697
methodA,truesmile,polite,10,7,0.5598582625389099
methodA,truesmile,polite,10,8,0.5690974593162537
methodA,truesmile,polite,10,9,0.5957079529762268
methodA,truesmile,polite,10,10,0.5699911117553711
methodA,truesmile,polite,10,11,0.6000826358795166
methodA,truesmile,polite,10,12,0.6110898852348328
methodA,truesmile,polite,10,13,0.6383695602416992
methodA,truesmile,polite,10,14,0.6329853534698486
methodA,truesmile,polite,10,15,0.6357609033584595
methodA,truesmile,polite,10,16,0.6154254078865051
methodA,truesmile,polite,10,17,0.6127325892448425
methodA,truesmile,polite,10,18,0.637751042842865
methodA,truesmile,polite,10,19,0.6247825026512146
methodA,ambiguous,polite,10,0,0.09904706478118896
methodA,ambiguous,polite,10,1,0.07268711179494858
methodA,ambiguous,polite,10,2,0.31866440176963806
methodA,ambiguous,polite,10,3,0.4496411681175232
methodA,ambiguous,polite,10,4,0.4541573226451874
methodA,ambiguous,polite,10,5,0.5723662376403809
methodA,ambiguous,polite,10,6,0.5643060207366943
methodA,ambiguous,polite,10,7,0.5271039605140686
methodA,ambiguous,polite,10,8,0.49956977367401123
methodA,ambiguous,polite,10,9,0.5343455076217651
methodA,ambiguous,polite,10,10,0.5096954703330994
methodA,ambiguous,polite,10,11,0.5275277495384216
methodA,ambiguous,polite,10,12,0.50836181640625
methodA,ambiguous,polite,10,13,0.4970988929271698
methodA,ambiguous,polite,10,14,0.46986714005470276
methodA,ambiguous,polite,10,15,0.4560309052467346
methodA,ambiguous,polite,10,16,0.45455384254455566
methodA,ambiguous,polite,10,17,0.455045610666275
methodA,ambiguous,polite,10,18,0.48868852853775024
methodA,ambiguous,polite,10,19,0.47791236639022827
methodA,polite,polite,11,0,0.06506463885307312
methodA,polite,polite,11,1,0.04968966916203499
methodA,polite,polite,11,2,0.1812460571527481
methodA,polite,polite,11,3,0.1959337592124939
methodA,polite,polite,11,4,0.2524726092815399
methodA,polite,polite,11,5,0.2809983491897583
methodA,polite,polite,11,6,0.3287453353404999
methodA,polite,polite,11,7,0.4508360028266907
methodA,polite,polite,11,8,0.41538500785827637
methodA,polite,polite,11,9,0.4068912863731384
methodA,polite,polite,11,10,0.36395251750946045
methodA,polite,polite,11,11,0.32342812418937683
methodA,polite,polite,11,12,0.3699541687965393
methodA,polite,polite,11,13,0.3580916225910187
methodA,polite,polite,11,14,0.3712151348590851
methodA,polite,polite,11,15,0.3743196427822113
methodA,polite,polite,11,16,0.3954744338989258
methodA,polite,polite,11,17,0.3273453414440155
methodA,polite,polite,11,18,0.3177376687526703
methodA,polite,polite,11,19,0.3036729097366333
methodA,truesmile,polite,11,0,0.11136162281036377
methodA,truesmile,polite,11,1,0.10084499418735504
methodA,truesmile,polite,11,2,0.22484079003334045
methodA,truesmile,polite,11,3,0.2723141014575958
methodA,truesmile,polite,11,4,0.3820524215698242
methodA,truesmile,polite,11,5,0.4359625577926636
methodA,truesmile,polite,11,6,0.4936199486255646
methodA,truesmile,polite,11,7,0.5773853063583374
methodA,truesmile,polite,11,8,0.5720120668411255
methodA,truesmile,polite,11,9,0.5900895595550537
methodA,truesmile,polite,11,10,0.5623813271522522
methodA,truesmile,polite,11,11,0.5196083784103394
methodA,truesmile,polite,11,12,0.5551323890686035
methodA,truesmile,polite,11,13,0.5291961431503296
methodA,truesmile,polite,11,14,0.5446560382843018
methodA,truesmile,polite,11,15,0.5618202090263367
methodA,truesmile,polite,11,16,0.5530438423156738
methodA,truesmile,polite,11,17,0.5408347249031067
methodA,truesmile,polite,11,18,0.5539655685424805
methodA,truesmile,polite,11,19,0.5548007488250732
methodA,ambiguous,polite,11,0,0.06644368171691895
methodA,ambiguous,polite,11,1,0.050565190613269806
methodA,ambiguous,polite,11,2,0.17763347923755646
methodA,ambiguous,polite,11,3,0.1902955025434494
methodA,ambiguous,polite,11,4,0.2595265805721283
methodA,ambiguous,polite,11,5,0.2972273528575897
methodA,ambiguous,polite,11,6,0.3529498279094696
methodA,ambiguous,polite,11,7,0.479129821062088
methodA,ambiguous,polite,11,8,0.4526234567165375
methodA,ambiguous,polite,11,9,0.4584028124809265
methodA,ambiguous,polite,11,10,0.4326038956642151
methodA,ambiguous,polite,11,11,0.39394381642341614
methodA,ambiguous,polite,11,12,0.4422702491283417
methodA,ambiguous,polite,11,13,0.4260440766811371
methodA,ambiguous,polite,11,14,0.456830233335495
methodA,ambiguous,polite,11,15,0.4486134946346283
methodA,ambiguous,polite,11,16,0.4523617625236511
methodA,ambiguous,polite,11,17,0.3880141079425812
methodA,ambiguous,polite,11,18,0.3774777948856354
methodA,ambiguous,polite,11,19,0.36007043719291687
methodA,polite,polite,13,0,0.08360061794519424
methodA,polite,polite,13,1,0.03548227250576019
methodA,polite,polite,13,2,0.07144875824451447
methodA,polite,polite,13,3,0.10699069499969482
methodA,polite,polite,13,4,0.18059879541397095
methodA,polite,polite,13,5,0.23099692165851593
methodA,polite,polite,13,6,0.25632205605506897
methodA,polite,polite,13,7,0.25811389088630676
methodA,polite,polite,13,8,0.2590893805027008
methodA,polite,polite,13,9,0.25953230261802673
methodA,polite,polite,13,10,0.25931525230407715
methodA,polite,polite,13,11,0.27153661847114563
methodA,polite,polite,13,12,0.3241591155529022
methodA,polite,polite,13,13,0.33169564604759216
methodA,polite,polite,13,14,0.3486384451389313
methodA,polite,polite,13,15,0.36404258012771606
methodA,polite,polite,13,16,0.36843886971473694
methodA,polite,polite,13,17,0.36425909399986267
methodA,polite,polite,13,18,0.35230085253715515
methodA,polite,polite,13,19,0.3597129285335541
methodA,truesmile,polite,13,0,0.11427823454141617
methodA,truesmile,polite,13,1,0.09813091158866882
methodA,truesmile,polite,13,2,0.1599084883928299
methodA,truesmile,polite,13,3,0.2312707006931305
methodA,truesmile,polite,13,4,0.31926804780960083
methodA,truesmile,polite,13,5,0.37297293543815613
methodA,truesmile,polite,13,6,0.41114601492881775
methodA,truesmile,polite,13,7,0.3984367549419403
methodA,truesmile,polite,13,8,0.42829594016075134
methodA,truesmile,polite,13,9,0.4357941746711731
methodA,truesmile,polite,13,10,0.4494657814502716
methodA,truesmile,polite,13,11,0.4526123106479645
methodA,truesmile,polite,13,12,0.5034308433532715
methodA,truesmile,polite,13,13,0.5003758668899536
methodA,truesmile,polite,13,14,0.5207037329673767
methodA,truesmile,polite,13,15,0.5474042296409607
methodA,truesmile,polite,13,16,0.5510207414627075
methodA,truesmile,polite,13,17,0.5547817945480347
methodA,truesmile,polite,13,18,0.5256155729293823
methodA,truesmile,polite,13,19,0.5275408625602722
methodA,ambiguous,polite,13,0,0.08585098385810852
methodA,ambiguous,polite,13,1,0.03736893832683563
methodA,ambiguous,polite,13,2,0.07410524785518646
methodA,ambiguous,polite,13,3,0.1086229607462883
methodA,ambiguous,polite,13,4,0.19063222408294678
methodA,ambiguous,polite,13,5,0.22540508210659027
methodA,ambiguous,polite,13,6,0.2592693567276001
methodA,ambiguous,polite,13,7,0.2770482897758484
methodA,ambiguous,polite,13,8,0.29092133045196533
methodA,ambiguous,polite,13,9,0.3003023564815521
methodA,ambiguous,polite,13,10,0.29832953214645386
methodA,ambiguous,polite,13,11,0.3103843927383423
methodA,ambiguous,polite,13,12,0.3543452322483063
methodA,ambiguous,polite,13,13,0.3679530620574951
methodA,ambiguous,polite,13,14,0.3814500868320465
methodA,ambiguous,polite,13,15,0.39171528816223145
methodA,ambiguous,polite,13,16,0.39429643750190735
methodA,ambiguous,polite,13,17,0.3990432322025299
methodA,ambiguous,polite,13,18,0.3967428505420685
methodA,ambiguous,polite,13,19,0.39690402150154114
methodA,polite,polite,15,0,0.05624626949429512
methodA,polite,polite,15,1,0.07608437538146973
methodA,polite,polite,15,2,0.11939934641122818
methodA,polite,polite,15,3,0.15733422338962555
methodA,polite,polite,15,4,0.18725883960723877
methodA,polite,polite,15,5,0.4612622559070587
methodA,polite,polite,15,6,0.3124086856842041
methodA,polite,polite,15,7,0.2880714237689972
methodA,polite,polite,15,8,0.3246161639690399
methodA,polite,polite,15,9,0.32620975375175476
methodA,polite,polite,15,10,0.3797951638698578
methodA,polite,polite,15,11,0.40585246682167053
methodA,polite,polite,15,12,0.4627108573913574
methodA,polite,polite,15,13,0.42899563908576965
methodA,polite,polite,15,14,0.47391608357429504
methodA,polite,polite,15,15,0.55045086145401
methodA,polite,polite,15,16,0.6025302410125732
methodA,polite,polite,15,17,0.6290493011474609
methodA,polite,polite,15,18,0.5454525351524353
methodA,polite,polite,15,19,0.3890862762928009
methodA,truesmile,polite,15,0,0.10350845754146576
methodA,truesmile,polite,15,1,0.13349905610084534
methodA,truesmile,polite,15,2,0.17629246413707733
methodA,truesmile,polite,15,3,0.2842790484428406
methodA,truesmile,polite,15,4,0.3510638475418091
methodA,truesmile,polite,15,5,0.5826441049575806
methodA,truesmile,polite,15,6,0.5082394480705261
methodA,truesmile,polite,15,7,0.49342262744903564
methodA,truesmile,polite,15,8,0.549399197101593
methodA,truesmile,polite,15,9,0.5732108950614929
methodA,truesmile,polite,15,10,0.648606538772583
methodA,truesmile,polite,15,11,0.6466934680938721
methodA,truesmile,polite,15,12,0.660057008266449
methodA,truesmile,polite,15,13,0.6272295117378235
methodA,truesmile,polite,15,14,0.6588640213012695
methodA,truesmile,polite,15,15,0.698945939540863
methodA,truesmile,polite,15,16,0.6926172375679016
methodA,truesmile,polite,15,17,0.7200964689254761
methodA,truesmile,polite,15,18,0.6679545640945435
methodA,truesmile,polite,15,19,0.5776664018630981
methodA,ambiguous,polite,15,0,0.05883654206991196
methodA,ambiguous,polite,15,1,0.07812213897705078
methodA,ambiguous,polite,15,2,0.12595604360103607
methodA,ambiguous,polite,15,3,0.16858015954494476
methodA,ambiguous,polite,15,4,0.2067192941904068
methodA,ambiguous,polite,15,5,0.48650941252708435
methodA,ambiguous,polite,15,6,0.352619469165802
methodA,ambiguous,polite,15,7,0.3386779725551605
methodA,ambiguous,polite,15,8,0.396353155374527
methodA,ambiguous,polite,15,9,0.40473300218582153
methodA,ambiguous,polite,15,10,0.45936012268066406
methodA,ambiguous,polite,15,11,0.4954530596733093
methodA,ambiguous,polite,15,12,0.5284999012947083
methodA,ambiguous,polite,15,13,0.5021089911460876
methodA,ambiguous,polite,15,14,0.5388596653938293
methodA,ambiguous,polite,15,15,0.5834848284721375
methodA,ambiguous,polite,15,16,0.6256155371665955
methodA,ambiguous,polite,15,17,0.6535136699676514
methodA,ambiguous,polite,15,18,0.5845174789428711
methodA,ambiguous,polite,15,19,0.42688584327697754
methodA,polite,polite,16,0,0.09292774647474289
methodA,polite,polite,16,1,0.15369245409965515
methodA,polite,polite,16,2,0.2435792237520218
methodA,polite,polite,16,3,0.37040695548057556
methodA,polite,polite,16,4,0.3232402801513672
methodA,polite,polite,16,5,0.34912747144699097
methodA,polite,polite,16,6,0.40286025404930115
methodA,polite,polite,16,7,0.37197333574295044
methodA,polite,polite,16,8,0.43251460790634155
methodA,polite,polite,16,9,0.41842523217201233
methodA,polite,polite,16,10,0.5156570076942444
methodA,polite,polite,16,11,0.43446436524391174
methodA,polite,polite,16,12,0.4717581868171692
methodA,polite,polite,16,13,0.46727147698402405
methodA,polite,polite,16,14,0.5013551712036133
methodA,polite,polite,16,15,0.4453663229942322
methodA,polite,polite,16,16,0.4523743987083435
methodA,polite,polite,16,17,0.5272449254989624
methodA,polite,polite,16,18,0.5032097101211548
methodA,polite,polite,16,19,0.4469432234764099
methodA,truesmile,polite,16,0,0.1342586725950241
methodA,truesmile,polite,16,1,0.17890974879264832
methodA,truesmile,polite,16,2,0.29328685998916626
methodA,truesmile,polite,16,3,0.4199489951133728
methodA,truesmile,polite,16,4,0.4293771982192993
methodA,truesmile,polite,16,5,0.4903036057949066
methodA,truesmile,polite,16,6,0.515557587146759
methodA,truesmile,polite,16,7,0.518980085849762
methodA,truesmile,polite,16,8,0.5582981705665588
methodA,truesmile,polite,16,9,0.5955097079277039
methodA,truesmile,polite,16,10,0.6010470986366272
methodA,truesmile,polite,16,11,0.5705016255378723
methodA,truesmile,polite,16,12,0.5811975598335266
methodA,truesmile,polite,16,13,0.6156898140907288
methodA,truesmile,polite,16,14,0.6776803731918335
methodA,truesmile,polite,16,15,0.6637374758720398
methodA,truesmile,polite,16,16,0.6736401319503784
methodA,truesmile,polite,16,17,0.7491296529769897
methodA,truesmile,polite,16,18,0.6668220162391663
methodA,truesmile,polite,16,19,0.6320251226425171
methodA,ambiguous,polite,16,0,0.09579643607139587
methodA,ambiguous,polite,16,1,0.15273180603981018
methodA,ambiguous,polite,16,2,0.24503076076507568
methodA,ambiguous,polite,16,3,0.36403506994247437
methodA,ambiguous,polite,16,4,0.3193472623825073
methodA,ambiguous,polite,16,5,0.35108301043510437
methodA,ambiguous,polite,16,6,0.40744948387145996
methodA,ambiguous,polite,16,7,0.37961283326148987
methodA,ambiguous,polite,16,8,0.4385690689086914
methodA,ambiguous,polite,16,9,0.4364742934703827
methodA,ambiguous,polite,16,10,0.49155813455581665
methodA,ambiguous,polite,16,11,0.4390295147895813
methodA,ambiguous,polite,16,12,0.449759304523468
methodA,ambiguous,polite,16,13,0.4544874429702759
methodA,ambiguous,polite,16,14,0.5161128044128418
methodA,ambiguous,polite,16,15,0.4735267460346222
methodA,ambiguous,polite,16,16,0.4692419171333313
methodA,ambiguous,polite,16,17,0.5692988634109497
methodA,ambiguous,polite,16,18,0.5220295786857605
methodA,ambiguous,polite,16,19,0.4650069773197174
methodA,polite,polite,18,0,0.10602007061243057
methodA,polite,polite,18,1,0.11664474010467529
methodA,polite,polite,18,2,0.13666453957557678
methodA,polite,polite,18,3,0.14061886072158813
methodA,polite,polite,18,4,0.14992555975914001
methodA,polite,polite,18,5,0.31360697746276855
methodA,polite,polite,18,6,0.4308430254459381
methodA,polite,polite,18,7,0.432242214679718
methodA,polite,polite,18,8,0.4441276788711548
methodA,polite,polite,18,9,0.49137088656425476
methodA,polite,polite,18,10,0.42680296301841736
methodA,polite,polite,18,11,0.44281017780303955
methodA,polite,polite,18,12,0.5372443795204163
methodA,polite,polite,18,13,0.5372180938720703
methodA,polite,polite,18,14,0.686549961566925
methodA,polite,polite,18,15,0.6309284567832947
methodA,polite,polite,18,16,0.5338300466537476
methodA,polite,polite,18,17,0.5690428018569946
methodA,polite,polite,18,18,0.4931316673755646
methodA,polite,polite,18,19,0.5176947116851807
methodA,truesmile,polite,18,0,0.14975552260875702
methodA,truesmile,polite,18,1,0.14864003658294678
methodA,truesmile,polite,18,2,0.20840604603290558
methodA,truesmile,polite,18,3,0.25053393840789795
methodA,truesmile,polite,18,4,0.2864980101585388
methodA,truesmile,polite,18,5,0.46436360478401184
methodA,truesmile,polite,18,6,0.5879203677177429
methodA,truesmile,polite,18,7,0.603695809841156
methodA,truesmile,polite,18,8,0.6100342273712158
methodA,truesmile,polite,18,9,0.6804697513580322
methodA,truesmile,polite,18,10,0.6364009380340576
methodA,truesmile,polite,18,11,0.6556525230407715
methodA,truesmile,polite,18,12,0.6955265998840332
methodA,truesmile,polite,18,13,0.6831656098365784
methodA,truesmile,polite,18,14,0.7958146929740906
methodA,truesmile,polite,18,15,0.7977151870727539
methodA,truesmile,polite,18,16,0.6999626755714417
methodA,truesmile,polite,18,17,0.7003331780433655
methodA,truesmile,polite,18,18,0.6424201130867004
methodA,truesmile,polite,18,19,0.6770951151847839
methodA,ambiguous,polite,18,0,0.10914735496044159
methodA,ambiguous,polite,18,1,0.11736783385276794
methodA,ambiguous,polite,18,2,0.13976463675498962
methodA,ambiguous,polite,18,3,0.1421537697315216
methodA,ambiguous,polite,18,4,0.15443271398544312
methodA,ambiguous,polite,18,5,0.34479936957359314
methodA,ambiguous,polite,18,6,0.45173317193984985
methodA,ambiguous,polite,18,7,0.44784584641456604
methodA,ambiguous,polite,18,8,0.46354803442955017
methodA,ambiguous,polite,18,9,0.5126096606254578
methodA,ambiguous,polite,18,10,0.4717237651348114
methodA,ambiguous,polite,18,11,0.5092818737030029
methodA,ambiguous,polite,18,12,0.5780647397041321
methodA,ambiguous,polite,18,13,0.5676513910293579
methodA,ambiguous,polite,18,14,0.6944913268089294
methodA,ambiguous,polite,18,15,0.6419543027877808
methodA,ambiguous,polite,18,16,0.5500825643539429
methodA,ambiguous,polite,18,17,0.5753924250602722
methodA,ambiguous,polite,18,18,0.5151485204696655
methodA,ambiguous,polite,18,19,0.5473499894142151
methodA,polite,polite,19,0,0.1084466204047203
methodA,polite,polite,19,1,0.10188733041286469
methodA,polite,polite,19,2,0.2720286250114441
methodA,polite,polite,19,3,0.3185139298439026
methodA,polite,polite,19,4,0.29207879304885864
methodA,polite,polite,19,5,0.2815887928009033
methodA,polite,polite,19,6,0.28692105412483215
methodA,polite,polite,19,7,0.41418009996414185
methodA,polite,polite,19,8,0.35867300629615784
methodA,polite,polite,19,9,0.3749931752681732
methodA,polite,polite,19,10,0.4354752004146576
methodA,polite,polite,19,11,0.5469262599945068
methodA,polite,polite,19,12,0.5427626967430115
methodA,polite,polite,19,13,0.5959623456001282
methodA,polite,polite,19,14,0.48360130190849304
methodA,polite,polite,19,15,0.45247092843055725
methodA,polite,polite,19,16,0.5190712809562683
methodA,polite,polite,19,17,0.46737438440322876
methodA,polite,polite,19,18,0.3657352030277252
methodA,polite,polite,19,19,0.4614938199520111
methodA,truesmile,polite,19,0,0.14522507786750793
methodA,truesmile,polite,19,1,0.1346687376499176
methodA,truesmile,polite,19,2,0.2986607551574707
methodA,truesmile,polite,19,3,0.3706912696361542
methodA,truesmile,polite,19,4,0.3829616606235504
methodA,truesmile,polite,19,5,0.4420340359210968
methodA,truesmile,polite,19,6,0.42177614569664
methodA,truesmile,polite,19,7,0.5451576709747314
methodA,truesmile,polite,19,8,0.5190561413764954
methodA,truesmile,polite,19,9,0.532664954662323
methodA,truesmile,polite,19,10,0.5987739562988281
methodA,truesmile,polite,19,11,0.6558355689048767
methodA,truesmile,polite,19,12,0.6660535931587219
methodA,truesmile,polite,19,13,0.7146384119987488
methodA,truesmile,polite,19,14,0.5835264325141907
methodA,truesmile,polite,19,15,0.5341466665267944
methodA,truesmile,polite,19,16,0.6172083020210266
methodA,truesmile,polite,19,17,0.551337480545044
methodA,truesmile,polite,19,18,0.41202452778816223
methodA,truesmile,polite,19,19,0.5001350045204163
methodA,ambiguous,polite,19,0,0.104896180331707
methodA,ambiguous,polite,19,1,0.10352129489183426
methodA,ambiguous,polite,19,2,0.2741315960884094
methodA,ambiguous,polite,19,3,0.3314528465270996
methodA,ambiguous,polite,19,4,0.2994041442871094
methodA,ambiguous,polite,19,5,0.3031581938266754
methodA,ambiguous,polite,19,6,0.2982029318809509
methodA,ambiguous,polite,19,7,0.4307703673839569
methodA,ambiguous,polite,19,8,0.37469854950904846
methodA,ambiguous,polite,19,9,0.39279705286026
methodA,ambiguous,polite,19,10,0.4435165524482727
methodA,ambiguous,polite,19,11,0.5232245326042175
methodA,ambiguous,polite,19,12,0.5357792973518372
methodA,ambiguous,polite,19,13,0.6050518155097961
methodA,ambiguous,polite,19,14,0.44628432393074036
methodA,ambiguous,polite,19,15,0.4122913181781769
methodA,ambiguous,polite,19,16,0.4968327581882477
methodA,ambiguous,polite,19,17,0.43546515703201294
methodA,ambiguous,polite,19,18,0.3575199246406555
methodA,ambiguous,polite,19,19,0.46064335107803345
methodA,polite,polite,2,0,0.06960387527942657
methodA,polite,polite,2,1,0.12897111475467682
methodA,polite,polite,2,2,0.2132997363805771
methodA,polite,polite,2,3,0.2872064411640167
methodA,polite,polite,2,4,0.33841004967689514
methodA,polite,polite,2,5,0.38624268770217896
methodA,polite,polite,2,6,0.4834957420825958
methodA,polite,polite,2,7,0.48740002512931824
methodA,polite,polite,2,8,0.48961248993873596
methodA,polite,polite,2,9,0.49232175946235657
methodA,polite,polite,2,10,0.5008926391601562
methodA,polite,polite,2,11,0.444246381521225
methodA,polite,polite,2,12,0.4259191155433655
methodA,polite,polite,2,13,0.37568196654319763
methodA,polite,polite,2,14,0.3900216817855835
methodA,polite,polite,2,15,0.3982884883880615
methodA,polite,polite,2,16,0.38501033186912537
methodA,polite,polite,2,17,0.382641464471817
methodA,polite,polite,2,18,0.40740588307380676
methodA,polite,polite,2,19,0.40443599224090576
methodA,truesmile,polite,2,0,0.12172680348157883
methodA,truesmile,polite,2,1,0.15680812299251556
methodA,truesmile,polite,2,2,0.2756587862968445
methodA,truesmile,polite,2,3,0.38183775544166565
methodA,truesmile,polite,2,4,0.4648670256137848
methodA,truesmile,polite,2,5,0.5430901646614075
methodA,truesmile,polite,2,6,0.6119450926780701
methodA,truesmile,polite,2,7,0.6208926439285278
methodA,truesmile,polite,2,8,0.6229568719863892
methodA,truesmile,polite,2,9,0.6551514267921448
methodA,truesmile,polite,2,10,0.6748393177986145
methodA,truesmile,polite,2,11,0.6276890635490417
methodA,truesmile,polite,2,12,0.6544868350028992
methodA,truesmile,polite,2,13,0.610588550567627
methodA,truesmile,polite,2,14,0.6159900426864624
methodA,truesmile,polite,2,15,0.6246373057365417
methodA,truesmile,polite,2,16,0.6151719093322754
methodA,truesmile,polite,2,17,0.6117979884147644
methodA,truesmile,polite,2,18,0.6096895933151245
methodA,truesmile,polite,2,19,0.6176897287368774
methodA,ambiguous,polite,2,0,0.07503810524940491
methodA,ambiguous,polite,2,1,0.13044150173664093
methodA,ambiguous,polite,2,2,0.21579954028129578
methodA,ambiguous,polite,2,3,0.2879157066345215
methodA,ambiguous,polite,2,4,0.3451709747314453
methodA,ambiguous,polite,2,5,0.4013965129852295
methodA,ambiguous,polite,2,6,0.5025801658630371
methodA,ambiguous,polite,2,7,0.5254542231559753
methodA,ambiguous,polite,2,8,0.5315175652503967
methodA,ambiguous,polite,2,9,0.5486363172531128
methodA,ambiguous,polite,2,10,0.556293785572052
methodA,ambiguous,polite,2,11,0.5157155394554138
methodA,ambiguous,polite,2,12,0.4784708321094513
methodA,ambiguous,polite,2,13,0.44142967462539673
methodA,ambiguous,polite,2,14,0.43842071294784546
methodA,ambiguous,polite,2,15,0.455027312040329
methodA,ambiguous,polite,2,16,0.4359028935432434
methodA,ambiguous,polite,2,17,0.44031989574432373
methodA,ambiguous,polite,2,18,0.4585644602775574
methodA,ambiguous,polite,2,19,0.4452204704284668
methodA,polite,polite,21,0,0.07156472653150558
methodA,polite,polite,21,1,0.03871934860944748
methodA,polite,polite,21,2,0.12160895019769669
methodA,polite,polite,21,3,0.17227604985237122
methodA,polite,polite,21,4,0.2867846190929413
methodA,polite,polite,21,5,0.4365479350090027
methodA,polite,polite,21,6,0.4638287425041199
methodA,polite,polite,21,7,0.5173993706703186
methodA,polite,polite,21,8,0.4683949053287506
methodA,polite,polite,21,9,0.44848933815956116
methodA,polite,polite,21,10,0.4522137939929962
methodA,polite,polite,21,11,0.36988967657089233
methodA,polite,polite,21,12,0.3786155879497528
methodA,polite,polite,21,13,0.3583092987537384
methodA,polite,polite,21,14,0.3853074610233307
methodA,polite,polite,21,15,0.35426315665245056
methodA,polite,polite,21,16,0.34174755215644836
methodA,polite,polite,21,17,0.3678283393383026
methodA,polite,polite,21,18,0.2975512742996216
methodA,polite,polite,21,19,0.30172377824783325
methodA,truesmile,polite,21,0,0.1265106499195099
methodA,truesmile,polite,21,1,0.09977621585130692
methodA,truesmile,polite,21,2,0.20689460635185242
methodA,truesmile,polite,21,3,0.281889945268631
methodA,truesmile,polite,21,4,0.44488051533699036
methodA,truesmile,polite,21,5,0.5847370624542236
methodA,truesmile,polite,21,6,0.6390202641487122
methodA,truesmile,polite,21,7,0.6795291900634766
methodA,truesmile,polite,21,8,0.6419759392738342
methodA,truesmile,polite,21,9,0.6315851211547852
methodA,truesmile,polite,21,10,0.6805031299591064
methodA,truesmile,polite,21,11,0.6330311298370361
methodA,truesmile,polite,21,12,0.6223076581954956
methodA,truesmile,polite,21,13,0.592586100101471
methodA,truesmile,polite,21,14,0.6311475038528442
methodA,truesmile,polite,21,15,0.6316603422164917
methodA,truesmile,polite,21,16,0.6291374564170837
methodA,truesmile,polite,21,17,0.6530359983444214
methodA,truesmile,polite,21,18,0.5834152102470398
methodA,truesmile,polite,21,19,0.6046373844146729
methodA,ambiguous,polite,21,0,0.06727646291255951
methodA,ambiguous,polite,21,1,0.03726223111152649
methodA,ambiguous,polite,21,2,0.12572914361953735
methodA,ambiguous,polite,21,3,0.18182964622974396
methodA,ambiguous,polite,21,4,0.3126294016838074
methodA,ambiguous,polite,21,5,0.4698995053768158
methodA,ambiguous,polite,21,6,0.5030591487884521
methodA,ambiguous,polite,21,7,0.5621436238288879
methodA,ambiguous,polite,21,8,0.5201299786567688
methodA,ambiguous,polite,21,9,0.5129386782646179
methodA,ambiguous,polite,21,10,0.5289227366447449
methodA,ambiguous,polite,21,11,0.4700852334499359
methodA,ambiguous,polite,21,12,0.4711613357067108
methodA,ambiguous,polite,21,13,0.4591582715511322
methodA,ambiguous,polite,21,14,0.48916226625442505
methodA,ambiguous,polite,21,15,0.4435074031352997
methodA,ambiguous,polite,21,16,0.40986067056655884
methodA,ambiguous,polite,21,17,0.4373490512371063
methodA,ambiguous,polite,21,18,0.37194719910621643
methodA,ambiguous,polite,21,19,0.3711351454257965
methodA,polite,polite,22,0,0.12925055623054504
methodA,polite,polite,22,1,0.07431626319885254
methodA,polite,polite,22,2,0.15037259459495544
methodA,polite,polite,22,3,0.2633768618106842
methodA,polite,polite,22,4,0.2376980483531952
methodA,polite,polite,22,5,0.265401691198349
methodA,polite,polite,22,6,0.2320604920387268
methodA,polite,polite,22,7,0.2648482322692871
methodA,polite,polite,22,8,0.28113001585006714
methodA,polite,polite,22,9,0.29271844029426575
methodA,polite,polite,22,10,0.29035958647727966
methodA,polite,polite,22,11,0.2972886264324188
methodA,polite,polite,22,12,0.3008553981781006
methodA,polite,polite,22,13,0.2957673966884613
methodA,polite,polite,22,14,0.3173869252204895
methodA,polite,polite,22,15,0.309417188167572
methodA,polite,polite,22,16,0.33378341794013977
methodA,polite,polite,22,17,0.3897218406200409
methodA,polite,polite,22,18,0.3700196146965027
methodA,polite,polite,22,19,0.450968861579895
methodA,truesmile,polite,22,0,0.15554124116897583
methodA,truesmile,polite,22,1,0.11207129806280136
methodA,truesmile,polite,22,2,0.18608403205871582
methodA,truesmile,polite,22,3,0.3209337592124939
methodA,truesmile,polite,22,4,0.3450902998447418
methodA,truesmile,polite,22,5,0.42048919200897217
methodA,truesmile,polite,22,6,0.4209316670894623
methodA,truesmile,polite,22,7,0.4578120708465576
methodA,truesmile,polite,22,8,0.47107887268066406
methodA,truesmile,polite,22,9,0.5052047371864319
methodA,truesmile,polite,22,10,0.4976596534252167
methodA,truesmile,polite,22,11,0.4855102300643921
methodA,truesmile,polite,22,12,0.4815799295902252
methodA,truesmile,polite,22,13,0.501948893070221
methodA,truesmile,polite,22,14,0.5286727547645569
methodA,truesmile,polite,22,15,0.5765017867088318
methodA,truesmile,polite,22,16,0.5909351110458374
methodA,truesmile,polite,22,17,0.6195531487464905
methodA,truesmile,polite,22,18,0.5514525175094604
methodA,truesmile,polite,22,19,0.6015910506248474
methodA,ambiguous,polite,22,0,0.13315975666046143
methodA,ambiguous,polite,22,1,0.0763908103108406
methodA,ambiguous,polite,22,2,0.1445557028055191
methodA,ambiguous,polite,22,3,0.2627224028110504
methodA,ambiguous,polite,22,4,0.24214033782482147
methodA,ambiguous,polite,22,5,0.2895433306694031
methodA,ambiguous,polite,22,6,0.25929322838783264
methodA,ambiguous,polite,22,7,0.3030761778354645
methodA,ambiguous,polite,22,8,0.32325369119644165
methodA,ambiguous,polite,22,9,0.34916216135025024
methodA,ambiguous,polite,22,10,0.33620351552963257
methodA,ambiguous,polite,22,11,0.3428310453891754
methodA,ambiguous,polite,22,12,0.3291226625442505
methodA,ambiguous,polite,22,13,0.33047184348106384
methodA,ambiguous,polite,22,14,0.3598262667655945
methodA,ambiguous,polite,22,15,0.33425235748291016
methodA,ambiguous,polite,22,16,0.33840247988700867
methodA,ambiguous,polite,22,17,0.40450936555862427
methodA,ambiguous,polite,22,18,0.423534631729126
methodA,ambiguous,polite,22,19,0.46090587973594666
methodA,polite,polite,23,0,0.15990297496318817
methodA,polite,polite,23,1,0.060840312391519547
methodA,polite,polite,23,2,0.17798419296741486
methodA,polite,polite,23,3,0.3013054132461548
methodA,polite,polite,23,4,0.3506436049938202
methodA,polite,polite,23,5,0.34077292680740356
methodA,polite,polite,23,6,0.3161468505859375
methodA,polite,polite,23,7,0.38133272528648376
methodA,polite,polite,23,8,0.3919413685798645
methodA,polite,polite,23,9,0.3805018663406372
methodA,polite,polite,23,10,0.33880990743637085
methodA,polite,polite,23,11,0.35934075713157654
methodA,polite,polite,23,12,0.43726253509521484
methodA,polite,polite,23,13,0.48581287264823914
methodA,polite,polite,23,14,0.4015633165836334
methodA,polite,polite,23,15,0.3911578059196472
methodA,polite,polite,23,16,0.4922986328601837
methodA,polite,polite,23,17,0.4686984121799469
methodA,polite,polite,23,18,0.40811246633529663
methodA,polite,polite,23,19,0.420661598443985
methodA,truesmile,polite,23,0,0.18952375650405884
methodA,truesmile,polite,23,1,0.1219354048371315
methodA,truesmile,polite,23,2,0.22314171493053436
methodA,truesmile,polite,23,3,0.38753655552864075
methodA,truesmile,polite,23,4,0.46309521794319153
methodA,truesmile,polite,23,5,0.5123613476753235
methodA,truesmile,polite,23,6,0.517486035823822
methodA,truesmile,polite,23,7,0.5970593094825745
methodA,truesmile,polite,23,8,0.6387267708778381
methodA,truesmile,polite,23,9,0.6396113038063049
methodA,truesmile,polite,23,10,0.6117950081825256
methodA,truesmile,polite,23,11,0.6059425473213196
methodA,truesmile,polite,23,12,0.6839421391487122
methodA,truesmile,polite,23,13,0.7480312585830688
methodA,truesmile,polite,23,14,0.6620774865150452
methodA,truesmile,polite,23,15,0.6933487057685852
methodA,truesmile,polite,23,16,0.7764616012573242
methodA,truesmile,polite,23,17,0.7183650135993958
methodA,truesmile,polite,23,18,0.644467830657959
methodA,truesmile,polite,23,19,0.6729434132575989
methodA,ambiguous,polite,23,0,0.16267696022987366
methodA,ambiguous,polite,23,1,0.061419833451509476
methodA,ambiguous,polite,23,2,0.18663054704666138
methodA,ambiguous,polite,23,3,0.3121281862258911
methodA,ambiguous,polite,23,4,0.3638280928134918
methodA,ambiguous,polite,23,5,0.3676143288612366
methodA,ambiguous,polite,23,6,0.3463573455810547
methodA,ambiguous,polite,23,7,0.43332263827323914
methodA,ambiguous,polite,23,8,0.44740402698516846
methodA,ambiguous,polite,23,9,0.45892125368118286
methodA,ambiguous,polite,23,10,0.4129559397697449
methodA,ambiguous,polite,23,11,0.4080304205417633
methodA,ambiguous,polite,23,12,0.4759540557861328
methodA,ambiguous,polite,23,13,0.5245739817619324
methodA,ambiguous,polite,23,14,0.45196178555488586
methodA,ambiguous,polite,23,15,0.4466346502304077
methodA,ambiguous,polite,23,16,0.521614134311676
methodA,ambiguous,polite,23,17,0.49610385298728943
methodA,ambiguous,polite,23,18,0.44788774847984314
methodA,ambiguous,polite,23,19,0.4532170295715332
methodA,polite,polite,24,0,0.08937259018421173
methodA,polite,polite,24,1,0.05214215815067291
methodA,polite,polite,24,2,0.08422768115997314
methodA,polite,polite,24,3,0.15835987031459808
methodA,polite,polite,24,4,0.201813206076622
methodA,polite,polite,24,5,0.2587623596191406
methodA,polite,polite,24,6,0.29294994473457336
methodA,polite,polite,24,7,0.3013419508934021
methodA,polite,polite,24,8,0.30528712272644043
methodA,polite,polite,24,9,0.31796789169311523
methodA,polite,polite,24,10,0.3563387393951416
methodA,polite,polite,24,11,0.46743857860565186
methodA,polite,polite,24,12,0.4571767747402191
methodA,polite,polite,24,13,0.3971974849700928
methodA,polite,polite,24,14,0.41811057925224304
methodA,polite,polite,24,15,0.45179447531700134
methodA,polite,polite,24,16,0.5018615126609802
methodA,polite,polite,24,17,0.5154231190681458
methodA,polite,polite,24,18,0.52717524766922
methodA,polite,polite,24,19,0.5683794021606445
methodA,truesmile,polite,24,0,0.13078206777572632
methodA,truesmile,polite,24,1,0.1016404777765274
methodA,truesmile,polite,24,2,0.1671392321586609
methodA,truesmile,polite,24,3,0.24014423787593842
methodA,truesmile,polite,24,4,0.30344051122665405
methodA,truesmile,polite,24,5,0.37022945284843445
methodA,truesmile,polite,24,6,0.42434602975845337
methodA,truesmile,polite,24,7,0.42800959944725037
methodA,truesmile,polite,24,8,0.4415563941001892
methodA,truesmile,polite,24,9,0.466841459274292
methodA,truesmile,polite,24,10,0.5005753636360168
methodA,truesmile,polite,24,11,0.5944035053253174
methodA,truesmile,polite,24,12,0.5970088839530945
methodA,truesmile,polite,24,13,0.533592164516449
methodA,truesmile,polite,24,14,0.5186815857887268
methodA,truesmile,polite,24,15,0.563933253288269
methodA,truesmile,polite,24,16,0.6341441869735718
methodA,truesmile,polite,24,17,0.6213985681533813
methodA,truesmile,polite,24,18,0.5863789319992065
methodA,truesmile,polite,24,19,0.6201121211051941
methodA,ambiguous,polite,24,0,0.09521731734275818
methodA,ambiguous,polite,24,1,0.051606904715299606
methodA,ambiguous,polite,24,2,0.08902833610773087
methodA,ambiguous,polite,24,3,0.1593089997768402
methodA,ambiguous,polite,24,4,0.20011669397354126
methodA,ambiguous,polite,24,5,0.2594384551048279
methodA,ambiguous,polite,24,6,0.3113015294075012
methodA,ambiguous,polite,24,7,0.3074590265750885
methodA,ambiguous,polite,24,8,0.31960833072662354
methodA,ambiguous,polite,24,9,0.3325149714946747
methodA,ambiguous,polite,24,10,0.36170753836631775
methodA,ambiguous,polite,24,11,0.4941388964653015
methodA,ambiguous,polite,24,12,0.4905903935432434
methodA,ambiguous,polite,24,13,0.4275897443294525
methodA,ambiguous,polite,24,14,0.4427233040332794
methodA,ambiguous,polite,24,15,0.4435747563838959
methodA,ambiguous,polite,24,16,0.5132533311843872
methodA,ambiguous,polite,24,17,0.5297070145606995
methodA,ambiguous,polite,24,18,0.5436533093452454
methodA,ambiguous,polite,24,19,0.5767689943313599
methodA,polite,polite,25,0,0.1562860757112503
methodA,polite,polite,25,1,0.0764627754688263
methodA,polite,polite,25,2,0.10108879208564758
methodA,polite,polite,25,3,0.13037772476673126
methodA,polite,polite,25,4,0.21405698359012604
methodA,polite,polite,25,5,0.24818813800811768
methodA,polite,polite,25,6,0.2910127639770508
methodA,polite,polite,25,7,0.3010129928588867
methodA,polite,polite,25,8,0.28433695435523987
methodA,polite,polite,25,9,0.2734631896018982
methodA,polite,polite,25,10,0.2801673710346222
methodA,polite,polite,25,11,0.2937878966331482
methodA,polite,polite,25,12,0.3320952355861664
methodA,polite,polite,25,13,0.3442619740962982
methodA,polite,polite,25,14,0.3462131917476654
methodA,polite,polite,25,15,0.3711569011211395
methodA,polite,polite,25,16,0.3924170136451721
methodA,polite,polite,25,17,0.38183996081352234
methodA,polite,polite,25,18,0.39361292123794556
methodA,polite,polite,25,19,0.4838803708553314
methodA,truesmile,polite,25,0,0.15627118945121765
methodA,truesmile,polite,25,1,0.10413536429405212
methodA,truesmile,polite,25,2,0.16941869258880615
methodA,truesmile,polite,25,3,0.2599356174468994
methodA,truesmile,polite,25,4,0.3900083601474762
methodA,truesmile,polite,25,5,0.4612194001674652
methodA,truesmile,polite,25,6,0.5322272181510925
methodA,truesmile,polite,25,7,0.5484651327133179
methodA,truesmile,polite,25,8,0.5568153262138367
methodA,truesmile,polite,25,9,0.5609368681907654
methodA,truesmile,polite,25,10,0.5571280717849731
methodA,truesmile,polite,25,11,0.5636144280433655
methodA,truesmile,polite,25,12,0.5773319602012634
methodA,truesmile,polite,25,13,0.5671823024749756
methodA,truesmile,polite,25,14,0.5585939884185791
methodA,truesmile,polite,25,15,0.5832933783531189
methodA,truesmile,polite,25,16,0.5855451822280884
methodA,truesmile,polite,25,17,0.5784766674041748
methodA,truesmile,polite,25,18,0.6147164106369019
methodA,truesmile,polite,25,19,0.7072854042053223
methodA,ambiguous,polite,25,0,0.16015520691871643
methodA,ambiguous,polite,25,1,0.07750236243009567
methodA,ambiguous,polite,25,2,0.10625287145376205
methodA,ambiguous,polite,25,3,0.14746920764446259
methodA,ambiguous,polite,25,4,0.23659451305866241
methodA,ambiguous,polite,25,5,0.2703687250614166
methodA,ambiguous,polite,25,6,0.32749274373054504
methodA,ambiguous,polite,25,7,0.37013059854507446
methodA,ambiguous,polite,25,8,0.36582520604133606
methodA,ambiguous,polite,25,9,0.3601933419704437
methodA,ambiguous,polite,25,10,0.365146279335022
methodA,ambiguous,polite,25,11,0.3787946105003357
methodA,ambiguous,polite,25,12,0.3972949981689453
methodA,ambiguous,polite,25,13,0.41909217834472656
methodA,ambiguous,polite,25,14,0.42026233673095703
methodA,ambiguous,polite,25,15,0.4445111155509949
methodA,ambiguous,polite,25,16,0.4511145353317261
methodA,ambiguous,polite,25,17,0.44386473298072815
methodA,ambiguous,polite,25,18,0.4493676722049713
methodA,ambiguous,polite,25,19,0.534619152545929
methodA,polite,polite,26,0,0.16489222645759583
methodA,polite,polite,26,1,0.1655413657426834
methodA,polite,polite,26,2,0.20384950935840607
methodA,polite,polite,26,3,0.23405641317367554
methodA,polite,polite,26,4,0.25916364789009094
methodA,polite,polite,26,5,0.2839692234992981
methodA,polite,polite,26,6,0.32825466990470886
methodA,polite,polite,26,7,0.38737669587135315
methodA,polite,polite,26,8,0.3943474292755127
methodA,polite,polite,26,9,0.3925192952156067
methodA,polite,polite,26,10,0.5072910189628601
methodA,polite,polite,26,11,0.45201846957206726
methodA,polite,polite,26,12,0.40494197607040405
methodA,polite,polite,26,13,0.40226656198501587
methodA,polite,polite,26,14,0.5682506561279297
methodA,polite,polite,26,15,0.6325198411941528
methodA,polite,polite,26,16,0.6111562252044678
methodA,polite,polite,26,17,0.5982609391212463
methodA,polite,polite,26,18,0.6242005228996277
methodA,polite,polite,26,19,0.6369850635528564
methodA,truesmile,polite,26,0,0.20301011204719543
methodA,truesmile,polite,26,1,0.18931590020656586
methodA,truesmile,polite,26,2,0.2580330967903137
methodA,truesmile,polite,26,3,0.3387815058231354
methodA,truesmile,polite,26,4,0.3625606298446655
methodA,truesmile,polite,26,5,0.3980260193347931
methodA,truesmile,polite,26,6,0.4499235451221466
methodA,truesmile,polite,26,7,0.4932330250740051
methodA,truesmile,polite,26,8,0.521625280380249
methodA,truesmile,polite,26,9,0.5697385668754578
methodA,truesmile,polite,26,10,0.6909401416778564
methodA,truesmile,polite,26,11,0.5371672511100769
methodA,truesmile,polite,26,12,0.5013810396194458
methodA,truesmile,polite,26,13,0.49246126413345337
methodA,truesmile,polite,26,14,0.6086511611938477
methodA,truesmile,polite,26,15,0.6605560183525085
methodA,truesmile,polite,26,16,0.6827078461647034
methodA,truesmile,polite,26,17,0.6386803984642029
methodA,truesmile,polite,26,18,0.6563268899917603
methodA,truesmile,polite,26,19,0.6408461332321167
methodA,ambiguous,polite,26,0,0.16320936381816864
methodA,ambiguous,polite,26,1,0.16489239037036896
methodA,ambiguous,polite,26,2,0.20718151330947876
methodA,ambiguous,polite,26,3,0.24037402868270874
methodA,ambiguous,polite,26,4,0.26437294483184814
methodA,ambiguous,polite,26,5,0.29412642121315
methodA,ambiguous,polite,26,6,0.3441193699836731
methodA,ambiguous,polite,26,7,0.40387046337127686
methodA,ambiguous,polite,26,8,0.42076990008354187
methodA,ambiguous,polite,26,9,0.4409705400466919
methodA,ambiguous,polite,26,10,0.5458584427833557
methodA,ambiguous,polite,26,11,0.48356273770332336
methodA,ambiguous,polite,26,12,0.4162697494029999
methodA,ambiguous,polite,26,13,0.42278867959976196
methodA,ambiguous,polite,26,14,0.5583910346031189
methodA,ambiguous,polite,26,15,0.5977707505226135
methodA,ambiguous,polite,26,16,0.6026477217674255
methodA,ambiguous,polite,26,17,0.5884256362915039
methodA,ambiguous,polite,26,18,0.6048562526702881
methodA,ambiguous,polite,26,19,0.6192166209220886
methodA,polite,polite,27,0,0.10156142711639404
methodA,polite,polite,27,1,0.04604829102754593
methodA,polite,polite,27,2,0.14477291703224182
methodA,polite,polite,27,3,0.36288902163505554
methodA,polite,polite,27,4,0.4285142421722412
methodA,polite,polite,27,5,0.35207003355026245
methodA,polite,polite,27,6,0.32259073853492737
methodA,polite,polite,27,7,0.3205919563770294
methodA,polite,polite,27,8,0.2828357219696045
methodA,polite,polite,27,9,0.2616204619407654
methodA,polite,polite,27,10,0.29133495688438416
methodA,polite,polite,27,11,0.4166010618209839
methodA,polite,polite,27,12,0.4056050181388855
methodA,polite,polite,27,13,0.3183833658695221
methodA,polite,polite,27,14,0.34245067834854126
methodA,polite,polite,27,15,0.3994637429714203
methodA,polite,polite,27,16,0.3627678155899048
methodA,polite,polite,27,17,0.3803030848503113
methodA,polite,polite,27,18,0.431789755821228
methodA,polite,polite,27,19,0.38765349984169006
methodA,truesmile,polite,27,0,0.13659104704856873
methodA,truesmile,polite,27,1,0.10234136134386063
methodA,truesmile,polite,27,2,0.22024358808994293
methodA,truesmile,polite,27,3,0.4395560324192047
methodA,truesmile,polite,27,4,0.5475800633430481
methodA,truesmile,polite,27,5,0.509165346622467
methodA,truesmile,polite,27,6,0.5064665079116821
methodA,truesmile,polite,27,7,0.520051896572113
methodA,truesmile,polite,27,8,0.5267185568809509
methodA,truesmile,polite,27,9,0.5283344984054565
methodA,truesmile,polite,27,10,0.5796108841896057
methodA,truesmile,polite,27,11,0.6597810387611389
methodA,truesmile,polite,27,12,0.626345694065094
methodA,truesmile,polite,27,13,0.5545614957809448
methodA,truesmile,polite,27,14,0.5538200736045837
methodA,truesmile,polite,27,15,0.5690063834190369
methodA,truesmile,polite,27,16,0.5544824004173279
methodA,truesmile,polite,27,17,0.5693628191947937
methodA,truesmile,polite,27,18,0.5470815300941467
methodA,truesmile,polite,27,19,0.5261852741241455
methodA,ambiguous,polite,27,0,0.10852150619029999
methodA,ambiguous,polite,27,1,0.05012405663728714
methodA,ambiguous,polite,27,2,0.14978031814098358
methodA,ambiguous,polite,27,3,0.3733846843242645
methodA,ambiguous,polite,27,4,0.44417238235473633
methodA,ambiguous,polite,27,5,0.3716620206832886
methodA,ambiguous,polite,27,6,0.3586512506008148
methodA,ambiguous,polite,27,7,0.37111833691596985
methodA,ambiguous,polite,27,8,0.3497256338596344
methodA,ambiguous,polite,27,9,0.35142654180526733
methodA,ambiguous,polite,27,10,0.3831712603569031
methodA,ambiguous,polite,27,11,0.48990967869758606
methodA,ambiguous,polite,27,12,0.48171448707580566
methodA,ambiguous,polite,27,13,0.40769287943840027
methodA,ambiguous,polite,27,14,0.4275500774383545
methodA,ambiguous,polite,27,15,0.47730785608291626
methodA,ambiguous,polite,27,16,0.4231247901916504
methodA,ambiguous,polite,27,17,0.42384350299835205
methodA,ambiguous,polite,27,18,0.44788870215415955
methodA,ambiguous,polite,27,19,0.40973979234695435
methodA,polite,polite,28,0,0.1681479513645172
methodA,polite,polite,28,1,0.08525638282299042
methodA,polite,polite,28,2,0.10605122148990631
methodA,polite,polite,28,3,0.23276379704475403
methodA,polite,polite,28,4,0.23026472330093384
methodA,polite,polite,28,5,0.28240767121315
methodA,polite,polite,28,6,0.2506307065486908
methodA,polite,polite,28,7,0.2602783739566803
methodA,polite,polite,28,8,0.3282952904701233
methodA,polite,polite,28,9,0.3665615916252136
methodA,polite,polite,28,10,0.388967365026474
methodA,polite,polite,28,11,0.3944680094718933
methodA,polite,polite,28,12,0.35834619402885437
methodA,polite,polite,28,13,0.3981023132801056
methodA,polite,polite,28,14,0.45964571833610535
methodA,polite,polite,28,15,0.4703329801559448
methodA,polite,polite,28,16,0.411512553691864
methodA,polite,polite,28,17,0.5069847702980042
methodA,polite,polite,28,18,0.4977476894855499
methodA,polite,polite,28,19,0.4216786026954651
methodA,truesmile,polite,28,0,0.1578720360994339
methodA,truesmile,polite,28,1,0.11490306258201599
methodA,truesmile,polite,28,2,0.17370976507663727
methodA,truesmile,polite,28,3,0.28685200214385986
methodA,truesmile,polite,28,4,0.3095574378967285
methodA,truesmile,polite,28,5,0.41988322138786316
methodA,truesmile,polite,28,6,0.4319989085197449
methodA,truesmile,polite,28,7,0.44581374526023865
methodA,truesmile,polite,28,8,0.5137633681297302
methodA,truesmile,polite,28,9,0.555286169052124
methodA,truesmile,polite,28,10,0.5840239524841309
methodA,truesmile,polite,28,11,0.5853278040885925
methodA,truesmile,polite,28,12,0.5813916325569153
methodA,truesmile,polite,28,13,0.6164845824241638
methodA,truesmile,polite,28,14,0.6863974928855896
methodA,truesmile,polite,28,15,0.7152509093284607
methodA,truesmile,polite,28,16,0.6505031585693359
methodA,truesmile,polite,28,17,0.7480706572532654
methodA,truesmile,polite,28,18,0.7444866895675659
methodA,truesmile,polite,28,19,0.6829066276550293
methodA,ambiguous,polite,28,0,0.1691609025001526
methodA,ambiguous,polite,28,1,0.0873459205031395
methodA,ambiguous,polite,28,2,0.10451384633779526
methodA,ambiguous,polite,28,3,0.23132868111133575
methodA,ambiguous,polite,28,4,0.23521141707897186
methodA,ambiguous,polite,28,5,0.30376845598220825
methodA,ambiguous,polite,28,6,0.2799014449119568
methodA,ambiguous,polite,28,7,0.305614173412323
methodA,ambiguous,polite,28,8,0.3752274215221405
methodA,ambiguous,polite,28,9,0.4234701693058014
methodA,ambiguous,polite,28,10,0.44979068636894226
methodA,ambiguous,polite,28,11,0.4598310589790344
methodA,ambiguous,polite,28,12,0.4295077323913574
methodA,ambiguous,polite,28,13,0.4517943859100342
methodA,ambiguous,polite,28,14,0.5304438471794128
methodA,ambiguous,polite,28,15,0.5412577986717224
methodA,ambiguous,polite,28,16,0.45837798714637756
methodA,ambiguous,polite,28,17,0.5810790657997131
methodA,ambiguous,polite,28,18,0.5700278282165527
methodA,ambiguous,polite,28,19,0.47579365968704224
methodA,polite,polite,29,0,0.09957487881183624
methodA,polite,polite,29,1,0.10448509454727173
methodA,polite,polite,29,2,0.20126724243164062
methodA,polite,polite,29,3,0.31312254071235657
methodA,polite,polite,29,4,0.4044954180717468
methodA,polite,polite,29,5,0.4056490361690521
methodA,polite,polite,29,6,0.4191684424877167
methodA,polite,polite,29,7,0.4937012493610382
methodA,polite,polite,29,8,0.5119074583053589
methodA,polite,polite,29,9,0.5971527695655823
methodA,polite,polite,29,10,0.6391927003860474
methodA,polite,polite,29,11,0.6550065279006958
methodA,polite,polite,29,12,0.6107612252235413
methodA,polite,polite,29,13,0.603792130947113
methodA,polite,polite,29,14,0.6268479824066162
methodA,polite,polite,29,15,0.6993427276611328
methodA,polite,polite,29,16,0.6842001080513
methodA,polite,polite,29,17,0.669944167137146
methodA,polite,polite,29,18,0.7027753591537476
methodA,polite,polite,29,19,0.6486470103263855
methodA,truesmile,polite,29,0,0.13660763204097748
methodA,truesmile,polite,29,1,0.1324140429496765
methodA,truesmile,polite,29,2,0.2380017638206482
methodA,truesmile,polite,29,3,0.34528470039367676
methodA,truesmile,polite,29,4,0.45822691917419434
methodA,truesmile,polite,29,5,0.4962591826915741
methodA,truesmile,polite,29,6,0.5458027124404907
methodA,truesmile,polite,29,7,0.6110065579414368
methodA,truesmile,polite,29,8,0.6125988960266113
methodA,truesmile,polite,29,9,0.7436901330947876
methodA,truesmile,polite,29,10,0.8174054026603699
methodA,truesmile,polite,29,11,0.8286707997322083
methodA,truesmile,polite,29,12,0.801918625831604
methodA,truesmile,polite,29,13,0.7103344798088074
methodA,truesmile,polite,29,14,0.7554060220718384
methodA,truesmile,polite,29,15,0.7910985350608826
methodA,truesmile,polite,29,16,0.6981330513954163
methodA,truesmile,polite,29,17,0.7044859528541565
methodA,truesmile,polite,29,18,0.6907556056976318
methodA,truesmile,polite,29,19,0.6679970622062683
methodA,ambiguous,polite,29,0,0.10271693021059036
methodA,ambiguous,polite,29,1,0.10399749130010605
methodA,ambiguous,polite,29,2,0.1991272270679474
methodA,ambiguous,polite,29,3,0.312046080827713
methodA,ambiguous,polite,29,4,0.40469908714294434
methodA,ambiguous,polite,29,5,0.412357360124588
methodA,ambiguous,polite,29,6,0.4324570298194885
methodA,ambiguous,polite,29,7,0.5095428824424744
methodA,ambiguous,polite,29,8,0.5245086550712585
methodA,ambiguous,polite,29,9,0.6253337264060974
methodA,ambiguous,polite,29,10,0.6738866567611694
methodA,ambiguous,polite,29,11,0.6865277886390686
methodA,ambiguous,polite,29,12,0.6565311551094055
methodA,ambiguous,polite,29,13,0.6116065979003906
methodA,ambiguous,polite,29,14,0.6532581448554993
methodA,ambiguous,polite,29,15,0.710222601890564
methodA,ambiguous,polite,29,16,0.6873201131820679
methodA,ambiguous,polite,29,17,0.6842895746231079
methodA,ambiguous,polite,29,18,0.6975411772727966
methodA,ambiguous,polite,29,19,0.6422752141952515
methodA,polite,polite,3,0,0.13257166743278503
methodA,polite,polite,3,1,0.1286775767803192
methodA,polite,polite,3,2,0.2609787881374359
methodA,polite,polite,3,3,0.3308389484882355
methodA,polite,polite,3,4,0.3962670564651489
methodA,polite,polite,3,5,0.38406848907470703
methodA,polite,polite,3,6,0.3787042200565338
methodA,polite,polite,3,7,0.38465628027915955
methodA,polite,polite,3,8,0.39704543352127075
methodA,polite,polite,3,9,0.4377290606498718
methodA,polite,polite,3,10,0.42879894375801086
methodA,polite,polite,3,11,0.42884644865989685
methodA,polite,polite,3,12,0.370544970035553
methodA,polite,polite,3,13,0.39292076230049133
methodA,polite,polite,3,14,0.4593968987464905
methodA,polite,polite,3,15,0.45147353410720825
methodA,polite,polite,3,16,0.3856344223022461
methodA,polite,polite,3,17,0.3460477590560913
methodA,polite,polite,3,18,0.46247488260269165
methodA,polite,polite,3,19,0.41789430379867554
methodA,truesmile,polite,3,0,0.16697487235069275
methodA,truesmile,polite,3,1,0.15900105237960815
methodA,truesmile,polite,3,2,0.2958456873893738
methodA,truesmile,polite,3,3,0.43443533778190613
methodA,truesmile,polite,3,4,0.4964491128921509
methodA,truesmile,polite,3,5,0.5232202410697937
methodA,truesmile,polite,3,6,0.5378366708755493
methodA,truesmile,polite,3,7,0.5539463758468628
methodA,truesmile,polite,3,8,0.5839214324951172
methodA,truesmile,polite,3,9,0.6184103488922119
methodA,truesmile,polite,3,10,0.6252329349517822
methodA,truesmile,polite,3,11,0.6185171008110046
methodA,truesmile,polite,3,12,0.5718399286270142
methodA,truesmile,polite,3,13,0.5309250950813293
methodA,truesmile,polite,3,14,0.5974332690238953
methodA,truesmile,polite,3,15,0.6330947279930115
methodA,truesmile,polite,3,16,0.5809367895126343
methodA,truesmile,polite,3,17,0.5718427300453186
methodA,truesmile,polite,3,18,0.6343351006507874
methodA,truesmile,polite,3,19,0.60832679271698
methodA,ambiguous,polite,3,0,0.13563358783721924
methodA,ambiguous,polite,3,1,0.1311327964067459
methodA,ambiguous,polite,3,2,0.2675328850746155
methodA,ambiguous,polite,3,3,0.34423762559890747
methodA,ambiguous,polite,3,4,0.4071906805038452
methodA,ambiguous,polite,3,5,0.40782254934310913
methodA,ambiguous,polite,3,6,0.40273046493530273
methodA,ambiguous,polite,3,7,0.4164617657661438
methodA,ambiguous,polite,3,8,0.4395316541194916
methodA,ambiguous,polite,3,9,0.48441430926322937
methodA,ambiguous,polite,3,10,0.48792847990989685
methodA,ambiguous,polite,3,11,0.49620893597602844
methodA,ambiguous,polite,3,12,0.41632914543151855
methodA,ambiguous,polite,3,13,0.4411678910255432
methodA,ambiguous,polite,3,14,0.5108301639556885
methodA,ambiguous,polite,3,15,0.510887861251831
methodA,ambiguous,polite,3,16,0.4393129050731659
methodA,ambiguous,polite,3,17,0.4076453745365143
methodA,ambiguous,polite,3,18,0.5045250654220581
methodA,ambiguous,polite,3,19,0.4581220746040344
methodA,polite,polite,30,0,0.10188986361026764
methodA,polite,polite,30,1,0.07718800753355026
methodA,polite,polite,30,2,0.2204384207725525
methodA,polite,polite,30,3,0.2735793888568878
methodA,polite,polite,30,4,0.24414817988872528
methodA,polite,polite,30,5,0.30902716517448425
methodA,polite,polite,30,6,0.32888877391815186
methodA,polite,polite,30,7,0.31619441509246826
methodA,polite,polite,30,8,0.3971061408519745
methodA,polite,polite,30,9,0.3392830491065979
methodA,polite,polite,30,10,0.5144152045249939
methodA,polite,polite,30,11,0.5416132211685181
methodA,polite,polite,30,12,0.6303643584251404
methodA,polite,polite,30,13,0.6478177309036255
methodA,polite,polite,30,14,0.5683417320251465
methodA,polite,polite,30,15,0.5499131679534912
methodA,polite,polite,30,16,0.5785396695137024
methodA,polite,polite,30,17,0.5412854552268982
methodA,polite,polite,30,18,0.514718770980835
methodA,polite,polite,30,19,0.4687885046005249
methodA,truesmile,polite,30,0,0.1364194005727768
methodA,truesmile,polite,30,1,0.1302957385778427
methodA,truesmile,polite,30,2,0.25792011618614197
methodA,truesmile,polite,30,3,0.30681970715522766
methodA,truesmile,polite,30,4,0.3482571244239807
methodA,truesmile,polite,30,5,0.45885708928108215
methodA,truesmile,polite,30,6,0.5079743266105652
methodA,truesmile,polite,30,7,0.49145373702049255
methodA,truesmile,polite,30,8,0.5846133828163147
methodA,truesmile,polite,30,9,0.5505629181861877
methodA,truesmile,polite,30,10,0.7388774156570435
methodA,truesmile,polite,30,11,0.7106335163116455
methodA,truesmile,polite,30,12,0.789880096912384
methodA,truesmile,polite,30,13,0.8080163598060608
methodA,truesmile,polite,30,14,0.7611358165740967
methodA,truesmile,polite,30,15,0.7951694130897522
methodA,truesmile,polite,30,16,0.8110542893409729
methodA,truesmile,polite,30,17,0.7317065000534058
methodA,truesmile,polite,30,18,0.6851617693901062
methodA,truesmile,polite,30,19,0.6752386689186096
methodA,ambiguous,polite,30,0,0.10556065291166306
methodA,ambiguous,polite,30,1,0.07713216543197632
methodA,ambiguous,polite,30,2,0.22375725209712982
methodA,ambiguous,polite,30,3,0.2722068428993225
methodA,ambiguous,polite,30,4,0.25078296661376953
methodA,ambiguous,polite,30,5,0.3258156478404999
methodA,ambiguous,polite,30,6,0.3494110107421875
methodA,ambiguous,polite,30,7,0.3436294496059418
methodA,ambiguous,polite,30,8,0.44401299953460693
methodA,ambiguous,polite,30,9,0.3870229125022888
methodA,ambiguous,polite,30,10,0.5691053867340088
methodA,ambiguous,polite,30,11,0.5754669308662415
methodA,ambiguous,polite,30,12,0.6620710492134094
methodA,ambiguous,polite,30,13,0.705959141254425
methodA,ambiguous,polite,30,14,0.6113043427467346
methodA,ambiguous,polite,30,15,0.6020646691322327
methodA,ambiguous,polite,30,16,0.6356980204582214
methodA,ambiguous,polite,30,17,0.5912331938743591
methodA,ambiguous,polite,30,18,0.5469823479652405
methodA,ambiguous,polite,30,19,0.4986875653266907
methodA,polite,polite,31,0,0.07043840736150742
methodA,polite,polite,31,1,0.08540812879800797
methodA,polite,polite,31,2,0.2313210368156433
methodA,polite,polite,31,3,0.21248961985111237
methodA,polite,polite,31,4,0.18952755630016327
methodA,polite,polite,31,5,0.250729501247406
methodA,polite,polite,31,6,0.30503523349761963
methodA,polite,polite,31,7,0.34341803193092346
methodA,polite,polite,31,8,0.38741716742515564
methodA,polite,polite,31,9,0.5224916934967041
methodA,polite,polite,31,10,0.49191927909851074
methodA,polite,polite,31,11,0.46607688069343567
methodA,polite,polite,31,12,0.4952913522720337
methodA,polite,polite,31,13,0.5061644911766052
methodA,polite,polite,31,14,0.5254660844802856
methodA,polite,polite,31,15,0.5251240730285645
methodA,polite,polite,31,16,0.5531761646270752
methodA,polite,polite,31,17,0.5221230387687683
methodA,polite,polite,31,18,0.5080231428146362
methodA,polite,polite,31,19,0.5262342691421509
methodA,truesmile,polite,31,0,0.12112677097320557
methodA,truesmile,polite,31,1,0.13036976754665375
methodA,truesmile,polite,31,2,0.3009187579154968
methodA,truesmile,polite,31,3,0.31328284740448
methodA,truesmile,polite,31,4,0.3373672068119049
methodA,truesmile,polite,31,5,0.3989827632904053
methodA,truesmile,polite,31,6,0.4593634307384491
methodA,truesmile,polite,31,7,0.49389323592185974
methodA,truesmile,polite,31,8,0.5448144674301147
methodA,truesmile,polite,31,9,0.6986372470855713
methodA,truesmile,polite,31,10,0.6704133152961731
methodA,truesmile,polite,31,11,0.6209662556648254
methodA,truesmile,polite,31,12,0.6743099689483643
methodA,truesmile,polite,31,13,0.6346617341041565
methodA,truesmile,polite,31,14,0.6586103439331055
methodA,truesmile,polite,31,15,0.6218389272689819
methodA,truesmile,polite,31,16,0.662517249584198
methodA,truesmile,polite,31,17,0.6136839985847473
methodA,truesmile,polite,31,18,0.5941241979598999
methodA,truesmile,polite,31,19,0.5809488892555237
methodA,ambiguous,polite,31,0,0.07067404687404633
methodA,ambiguous,polite,31,1,0.08517178148031235
methodA,ambiguous,polite,31,2,0.23790930211544037
methodA,ambiguous,polite,31,3,0.2224343866109848
methodA,ambiguous,polite,31,4,0.2021026611328125
methodA,ambiguous,polite,31,5,0.2726978063583374
methodA,ambiguous,polite,31,6,0.3234667479991913
methodA,ambiguous,polite,31,7,0.3714977204799652
methodA,ambiguous,polite,31,8,0.42636024951934814
methodA,ambiguous,polite,31,9,0.5777068734169006
methodA,ambiguous,polite,31,10,0.547334611415863
methodA,ambiguous,polite,31,11,0.5114465951919556
methodA,ambiguous,polite,31,12,0.5299504399299622
methodA,ambiguous,polite,31,13,0.529686689376831
methodA,ambiguous,polite,31,14,0.5447172522544861
methodA,ambiguous,polite,31,15,0.5426186323165894
methodA,ambiguous,polite,31,16,0.5861231088638306
methodA,ambiguous,polite,31,17,0.5480685830116272
methodA,ambiguous,polite,31,18,0.5281928181648254
methodA,ambiguous,polite,31,19,0.529913604259491
methodA,polite,polite,33,0,0.16786709427833557
methodA,polite,polite,33,1,0.13469983637332916
methodA,polite,polite,33,2,0.16843341290950775
methodA,polite,polite,33,3,0.24251005053520203
methodA,polite,polite,33,4,0.3260003924369812
methodA,polite,polite,33,5,0.46961942315101624
methodA,polite,polite,33,6,0.5047715306282043
methodA,polite,polite,33,7,0.37589895725250244
methodA,polite,polite,33,8,0.3822638988494873
methodA,polite,polite,33,9,0.3742680847644806
methodA,polite,polite,33,10,0.3712841272354126
methodA,polite,polite,33,11,0.409769743680954
methodA,polite,polite,33,12,0.377954363822937
methodA,polite,polite,33,13,0.4356769025325775
methodA,polite,polite,33,14,0.3856884241104126
methodA,polite,polite,33,15,0.476944237947464
methodA,polite,polite,33,16,0.37822166085243225
methodA,polite,polite,33,17,0.4407021701335907
methodA,polite,polite,33,18,0.3969354033470154
methodA,polite,polite,33,19,0.41636979579925537
methodA,truesmile,polite,33,0,0.18066240847110748
methodA,truesmile,polite,33,1,0.14672400057315826
methodA,truesmile,polite,33,2,0.23280823230743408
methodA,truesmile,polite,33,3,0.3467596769332886
methodA,truesmile,polite,33,4,0.4182376563549042
methodA,truesmile,polite,33,5,0.536342203617096
methodA,truesmile,polite,33,6,0.5669281482696533
methodA,truesmile,polite,33,7,0.5008350610733032
methodA,truesmile,polite,33,8,0.5362201929092407
methodA,truesmile,polite,33,9,0.559654712677002
methodA,truesmile,polite,33,10,0.5738403797149658
methodA,truesmile,polite,33,11,0.5945248603820801
methodA,truesmile,polite,33,12,0.5743601322174072
methodA,truesmile,polite,33,13,0.601748526096344
methodA,truesmile,polite,33,14,0.53178471326828
methodA,truesmile,polite,33,15,0.5951151847839355
methodA,truesmile,polite,33,16,0.5536853671073914
methodA,truesmile,polite,33,17,0.5922861695289612
methodA,truesmile,polite,33,18,0.5773604512214661
methodA,truesmile,polite,33,19,0.5926563143730164
methodA,ambiguous,polite,33,0,0.16831733286380768
methodA,ambiguous,polite,33,1,0.135955348610878
methodA,ambiguous,polite,33,2,0.16901244223117828
methodA,ambiguous,polite,33,3,0.24645361304283142
methodA,ambiguous,polite,33,4,0.3208724558353424
methodA,ambiguous,polite,33,5,0.4671519696712494
methodA,ambiguous,polite,33,6,0.4917263984680176
methodA,ambiguous,polite,33,7,0.3871636986732483
methodA,ambiguous,polite,33,8,0.4161052107810974
methodA,ambiguous,polite,33,9,0.42969775199890137
methodA,ambiguous,polite,33,10,0.42999911308288574
methodA,ambiguous,polite,33,11,0.46249645948410034
methodA,ambiguous,polite,33,12,0.42646509408950806
methodA,ambiguous,polite,33,13,0.49922850728034973
methodA,ambiguous,polite,33,14,0.41780930757522583
methodA,ambiguous,polite,33,15,0.5035169720649719
methodA,ambiguous,polite,33,16,0.42782121896743774
methodA,ambiguous,polite,33,17,0.4986068606376648
methodA,ambiguous,polite,33,18,0.4548528790473938
methodA,ambiguous,polite,33,19,0.45425745844841003
methodA,polite,polite,34,0,0.19508309662342072
methodA,polite,polite,34,1,0.14902891218662262
methodA,polite,polite,34,2,0.1862131506204605
methodA,polite,polite,34,3,0.2506615221500397
methodA,polite,polite,34,4,0.36632001399993896
methodA,polite,polite,34,5,0.4101378917694092
methodA,polite,polite,34,6,0.42407265305519104
methodA,polite,polite,34,7,0.44082874059677124
methodA,polite,polite,34,8,0.42987093329429626
methodA,polite,polite,34,9,0.45856934785842896
methodA,polite,polite,34,10,0.5046960115432739
methodA,polite,polite,34,11,0.47939905524253845
methodA,polite,polite,34,12,0.5023415684700012
methodA,polite,polite,34,13,0.5458590388298035
methodA,polite,polite,34,14,0.5464247465133667
methodA,polite,polite,34,15,0.5462121367454529
methodA,polite,polite,34,16,0.5459076166152954
methodA,polite,polite,34,17,0.5426436066627502
methodA,polite,polite,34,18,0.53838050365448
methodA,polite,polite,34,19,0.5208945870399475
methodA,truesmile,polite,34,0,0.23430167138576508
methodA,truesmile,polite,34,1,0.19496363401412964
methodA,truesmile,polite,34,2,0.24506135284900665
methodA,truesmile,polite,34,3,0.31729525327682495
methodA,truesmile,polite,34,4,0.4167259633541107
methodA,truesmile,polite,34,5,0.48749077320098877
methodA,truesmile,polite,34,6,0.5206277966499329
methodA,truesmile,polite,34,7,0.5317046642303467
methodA,truesmile,polite,34,8,0.5540750622749329
methodA,truesmile,polite,34,9,0.6038462519645691
methodA,truesmile,polite,34,10,0.6059120297431946
methodA,truesmile,polite,34,11,0.5655394792556763
methodA,truesmile,polite,34,12,0.6317234039306641
methodA,truesmile,polite,34,13,0.6581553220748901
methodA,truesmile,polite,34,14,0.6753396391868591
methodA,truesmile,polite,34,15,0.6808933615684509
methodA,truesmile,polite,34,16,0.6836323738098145
methodA,truesmile,polite,34,17,0.6820019483566284
methodA,truesmile,polite,34,18,0.6413416266441345
methodA,truesmile,polite,34,19,0.642124354839325
methodA,ambiguous,polite,34,0,0.1971316635608673
methodA,ambiguous,polite,34,1,0.14976894855499268
methodA,ambiguous,polite,34,2,0.18860475718975067
methodA,ambiguous,polite,34,3,0.24463436007499695
methodA,ambiguous,polite,34,4,0.369460791349411
methodA,ambiguous,polite,34,5,0.42797333002090454
methodA,ambiguous,polite,34,6,0.45317739248275757
methodA,ambiguous,polite,34,7,0.4742688536643982
methodA,ambiguous,polite,34,8,0.48783913254737854
methodA,ambiguous,polite,34,9,0.5277755260467529
methodA,ambiguous,polite,34,10,0.5454755425453186
methodA,ambiguous,polite,34,11,0.5222684741020203
methodA,ambiguous,polite,34,12,0.5490549802780151
methodA,ambiguous,polite,34,13,0.5737898349761963
methodA,ambiguous,polite,34,14,0.5618781447410583
methodA,ambiguous,polite,34,15,0.5710853934288025
methodA,ambiguous,polite,34,16,0.5766991972923279
methodA,ambiguous,polite,34,17,0.5867084860801697
methodA,ambiguous,polite,34,18,0.5886077284812927
methodA,ambiguous,polite,34,19,0.5591009259223938
methodA,polite,polite,35,0,0.2539041340351105
methodA,polite,polite,35,1,0.20704878866672516
methodA,polite,polite,35,2,0.33814364671707153
methodA,polite,polite,35,3,0.3685370981693268
methodA,polite,polite,35,4,0.382050096988678
methodA,polite,polite,35,5,0.4447559118270874
methodA,polite,polite,35,6,0.4807118773460388
methodA,polite,polite,35,7,0.5310900807380676
methodA,polite,polite,35,8,0.505664050579071
methodA,polite,polite,35,9,0.4622753858566284
methodA,polite,polite,35,10,0.519485354423523
methodA,polite,polite,35,11,0.49450159072875977
methodA,polite,polite,35,12,0.5619933009147644
methodA,polite,polite,35,13,0.5608647465705872
methodA,polite,polite,35,14,0.617806077003479
methodA,polite,polite,35,15,0.6099658012390137
methodA,polite,polite,35,16,0.5916391015052795
methodA,polite,polite,35,17,0.6230378150939941
methodA,polite,polite,35,18,0.6382690668106079
methodA,polite,polite,35,19,0.6407908797264099
methodA,truesmile,polite,35,0,0.2585130035877228
methodA,truesmile,polite,35,1,0.21205276250839233
methodA,truesmile,polite,35,2,0.34785452485084534
methodA,truesmile,polite,35,3,0.4159238934516907
methodA,truesmile,polite,35,4,0.4781911373138428
methodA,truesmile,polite,35,5,0.5725084543228149
methodA,truesmile,polite,35,6,0.6266584396362305
methodA,truesmile,polite,35,7,0.6595656275749207
methodA,truesmile,polite,35,8,0.623381495475769
methodA,truesmile,polite,35,9,0.5802599787712097
methodA,truesmile,polite,35,10,0.5826345682144165
methodA,truesmile,polite,35,11,0.5298852920532227
methodA,truesmile,polite,35,12,0.555383026599884
methodA,truesmile,polite,35,13,0.5551188588142395
methodA,truesmile,polite,35,14,0.6015499830245972
methodA,truesmile,polite,35,15,0.5976081490516663
methodA,truesmile,polite,35,16,0.5994164347648621
methodA,truesmile,polite,35,17,0.6141228675842285
methodA,truesmile,polite,35,18,0.5792461633682251
methodA,truesmile,polite,35,19,0.6034938097000122
methodA,ambiguous,polite,35,0,0.2516010105609894
methodA,ambiguous,polite,35,1,0.20828954875469208
methodA,ambiguous,polite,35,2,0.33926281332969666
methodA,ambiguous,polite,35,3,0.3743957281112671
methodA,ambiguous,polite,35,4,0.3871018886566162
methodA,ambiguous,polite,35,5,0.4466354250907898
methodA,ambiguous,polite,35,6,0.4878893196582794
methodA,ambiguous,polite,35,7,0.53238844871521
methodA,ambiguous,polite,35,8,0.48928871750831604
methodA,ambiguous,polite,35,9,0.46296802163124084
methodA,ambiguous,polite,35,10,0.5002924799919128
methodA,ambiguous,polite,35,11,0.43795180320739746
methodA,ambiguous,polite,35,12,0.5055606365203857
methodA,ambiguous,polite,35,13,0.5054906606674194
methodA,ambiguous,polite,35,14,0.5581693053245544
methodA,ambiguous,polite,35,15,0.5444319844245911
methodA,ambiguous,polite,35,16,0.5365879535675049
methodA,ambiguous,polite,35,17,0.5550005435943604
methodA,ambiguous,polite,35,18,0.5667938590049744
methodA,ambiguous,polite,35,19,0.5784167647361755
methodA,polite,polite,36,0,0.18245485424995422
methodA,polite,polite,36,1,0.08575320988893509
methodA,polite,polite,36,2,0.12749390304088593
methodA,polite,polite,36,3,0.20863531529903412
methodA,polite,polite,36,4,0.236845925450325
methodA,polite,polite,36,5,0.23535747826099396
methodA,polite,polite,36,6,0.24346593022346497
methodA,polite,polite,36,7,0.2541549801826477
methodA,polite,polite,36,8,0.2290445864200592
methodA,polite,polite,36,9,0.23248933255672455
methodA,polite,polite,36,10,0.26430466771125793
methodA,polite,polite,36,11,0.32122287154197693
methodA,polite,polite,36,12,0.3396894335746765
methodA,polite,polite,36,13,0.3252454400062561
methodA,polite,polite,36,14,0.33430105447769165
methodA,polite,polite,36,15,0.3757369816303253
methodA,polite,polite,36,16,0.3819299638271332
methodA,polite,polite,36,17,0.3719087541103363
methodA,polite,polite,36,18,0.388300359249115
methodA,polite,polite,36,19,0.40051326155662537
methodA,truesmile,polite,36,0,0.20165738463401794
methodA,truesmile,polite,36,1,0.10736370831727982
methodA,truesmile,polite,36,2,0.1966826319694519
methodA,truesmile,polite,36,3,0.271371454000473
methodA,truesmile,polite,36,4,0.3376274108886719
methodA,truesmile,polite,36,5,0.38352295756340027
methodA,truesmile,polite,36,6,0.3960650563240051
methodA,truesmile,polite,36,7,0.42171114683151245
methodA,truesmile,polite,36,8,0.4198189973831177
methodA,truesmile,polite,36,9,0.441030353307724
methodA,truesmile,polite,36,10,0.45216071605682373
methodA,truesmile,polite,36,11,0.46661892533302307
methodA,truesmile,polite,36,12,0.4643874764442444
methodA,truesmile,polite,36,13,0.4760025441646576
methodA,truesmile,polite,36,14,0.5113431811332703
methodA,truesmile,polite,36,15,0.5379428863525391
methodA,truesmile,polite,36,16,0.5654146075248718
methodA,truesmile,polite,36,17,0.5604133009910583
methodA,truesmile,polite,36,18,0.5493500232696533
methodA,truesmile,polite,36,19,0.552609920501709
methodA,ambiguous,polite,36,0,0.18271340429782867
methodA,ambiguous,polite,36,1,0.08693927526473999
methodA,ambiguous,polite,36,2,0.12342289835214615
methodA,ambiguous,polite,36,3,0.20436595380306244
methodA,ambiguous,polite,36,4,0.24290768802165985
methodA,ambiguous,polite,36,5,0.2386263906955719
methodA,ambiguous,polite,36,6,0.2516946792602539
methodA,ambiguous,polite,36,7,0.28778278827667236
methodA,ambiguous,polite,36,8,0.2735641300678253
methodA,ambiguous,polite,36,9,0.27558931708335876
methodA,ambiguous,polite,36,10,0.3002597689628601
methodA,ambiguous,polite,36,11,0.34983325004577637
methodA,ambiguous,polite,36,12,0.34605956077575684
methodA,ambiguous,polite,36,13,0.3552413880825043
methodA,ambiguous,polite,36,14,0.38281527161598206
methodA,ambiguous,polite,36,15,0.41235968470573425
methodA,ambiguous,polite,36,16,0.41810867190361023
methodA,ambiguous,polite,36,17,0.4144800901412964
methodA,ambiguous,polite,36,18,0.42431578040122986
methodA,ambiguous,polite,36,19,0.43310049176216125
methodA,polite,polite,37,0,0.11890999227762222
methodA,polite,polite,37,1,0.09451888501644135
methodA,polite,polite,37,2,0.21343833208084106
methodA,polite,polite,37,3,0.27836450934410095
methodA,polite,polite,37,4,0.3603892922401428
methodA,polite,polite,37,5,0.3882794678211212
methodA,polite,polite,37,6,0.40724635124206543
methodA,polite,polite,37,7,0.38828784227371216
methodA,polite,polite,37,8,0.42633697390556335
methodA,polite,polite,37,9,0.493446409702301
methodA,polite,polite,37,10,0.3811766505241394
methodA,polite,polite,37,11,0.4054161608219147
methodA,polite,polite,37,12,0.5067009329795837
methodA,polite,polite,37,13,0.5210707187652588
methodA,polite,polite,37,14,0.434956431388855
methodA,polite,polite,37,15,0.4744398295879364
methodA,polite,polite,37,16,0.5098733901977539
methodA,polite,polite,37,17,0.506547212600708
methodA,polite,polite,37,18,0.5412478446960449
methodA,polite,polite,37,19,0.5805820822715759
methodA,truesmile,polite,37,0,0.1416713297367096
methodA,truesmile,polite,37,1,0.13070964813232422
methodA,truesmile,polite,37,2,0.26640602946281433
methodA,truesmile,polite,37,3,0.37340161204338074
methodA,truesmile,polite,37,4,0.47112777829170227
methodA,truesmile,polite,37,5,0.5393083095550537
methodA,truesmile,polite,37,6,0.5828246474266052
methodA,truesmile,polite,37,7,0.5941973328590393
methodA,truesmile,polite,37,8,0.6507100462913513
methodA,truesmile,polite,37,9,0.7099867463111877
methodA,truesmile,polite,37,10,0.6471143960952759
methodA,truesmile,polite,37,11,0.6428515911102295
methodA,truesmile,polite,37,12,0.7034397125244141
methodA,truesmile,polite,37,13,0.7020133137702942
methodA,truesmile,polite,37,14,0.6126726865768433
methodA,truesmile,polite,37,15,0.6743000745773315
methodA,truesmile,polite,37,16,0.6824222803115845
methodA,truesmile,polite,37,17,0.6598357558250427
methodA,truesmile,polite,37,18,0.6656091213226318
methodA,truesmile,polite,37,19,0.671663224697113
methodA,ambiguous,polite,37,0,0.11856978386640549
methodA,ambiguous,polite,37,1,0.09715766459703445
methodA,ambiguous,polite,37,2,0.2195740044116974
methodA,ambiguous,polite,37,3,0.296366423368454
methodA,ambiguous,polite,37,4,0.37647926807403564
methodA,ambiguous,polite,37,5,0.41462165117263794
methodA,ambiguous,polite,37,6,0.43115437030792236
methodA,ambiguous,polite,37,7,0.43972286581993103
methodA,ambiguous,polite,37,8,0.4961509108543396
methodA,ambiguous,polite,37,9,0.5532394647598267
methodA,ambiguous,polite,37,10,0.47363293170928955
methodA,ambiguous,polite,37,11,0.48283329606056213
methodA,ambiguous,polite,37,12,0.5619718432426453
methodA,ambiguous,polite,37,13,0.5513908267021179
methodA,ambiguous,polite,37,14,0.4622834026813507
methodA,ambiguous,polite,37,15,0.49686381220817566
methodA,ambiguous,polite,37,16,0.5322121977806091
methodA,ambiguous,polite,37,17,0.5199335813522339
methodA,ambiguous,polite,37,18,0.5403856635093689
methodA,ambiguous,polite,37,19,0.5893363356590271
methodA,polite,polite,38,0,0.08937214314937592
methodA,polite,polite,38,1,0.1777448058128357
methodA,polite,polite,38,2,0.20854781568050385
methodA,polite,polite,38,3,0.21901360154151917
methodA,polite,polite,38,4,0.27470603585243225
methodA,polite,polite,38,5,0.298480749130249
methodA,polite,polite,38,6,0.30614545941352844
methodA,polite,polite,38,7,0.3107469975948334
methodA,polite,polite,38,8,0.31193068623542786
methodA,polite,polite,38,9,0.34425482153892517
methodA,polite,polite,38,10,0.3680106997489929
methodA,polite,polite,38,11,0.40958818793296814
methodA,polite,polite,38,12,0.4259151220321655
methodA,polite,polite,38,13,0.6138876676559448
methodA,polite,polite,38,14,0.6156882047653198
methodA,polite,polite,38,15,0.5213795304298401
methodA,polite,polite,38,16,0.5360417366027832
methodA,polite,polite,38,17,0.572736918926239
methodA,polite,polite,38,18,0.6093822717666626
methodA,polite,polite,38,19,0.5872951149940491
methodA,truesmile,polite,38,0,0.12847226858139038
methodA,truesmile,polite,38,1,0.1990874856710434
methodA,truesmile,polite,38,2,0.2382829785346985
methodA,truesmile,polite,38,3,0.29695332050323486
methodA,truesmile,polite,38,4,0.3637043535709381
methodA,truesmile,polite,38,5,0.4330933392047882
methodA,truesmile,polite,38,6,0.4710242450237274
methodA,truesmile,polite,38,7,0.5046690702438354
methodA,truesmile,polite,38,8,0.5256240963935852
methodA,truesmile,polite,38,9,0.5248942375183105
methodA,truesmile,polite,38,10,0.5378180742263794
methodA,truesmile,polite,38,11,0.5740312933921814
methodA,truesmile,polite,38,12,0.6186184287071228
methodA,truesmile,polite,38,13,0.7815350890159607
methodA,truesmile,polite,38,14,0.7484687566757202
methodA,truesmile,polite,38,15,0.653978168964386
methodA,truesmile,polite,38,16,0.6667311787605286
methodA,truesmile,polite,38,17,0.644370973110199
methodA,truesmile,polite,38,18,0.6483222842216492
methodA,truesmile,polite,38,19,0.6151831150054932
methodA,ambiguous,polite,38,0,0.09101565927267075
methodA,ambiguous,polite,38,1,0.17848297953605652
methodA,ambiguous,polite,38,2,0.20942458510398865
methodA,ambiguous,polite,38,3,0.2175368368625641
methodA,ambiguous,polite,38,4,0.2717483341693878
methodA,ambiguous,polite,38,5,0.3093871474266052
methodA,ambiguous,polite,38,6,0.3276651203632355
methodA,ambiguous,polite,38,7,0.34965780377388
methodA,ambiguous,polite,38,8,0.36416685581207275
methodA,ambiguous,polite,38,9,0.3796301782131195
methodA,ambiguous,polite,38,10,0.3947698771953583
methodA,ambiguous,polite,38,11,0.4569547176361084
methodA,ambiguous,polite,38,12,0.4637238085269928
methodA,ambiguous,polite,38,13,0.639949381351471
methodA,ambiguous,polite,38,14,0.6202164888381958
methodA,ambiguous,polite,38,15,0.4925047755241394
methodA,ambiguous,polite,38,16,0.5366998314857483
methodA,ambiguous,polite,38,17,0.5573907494544983
methodA,ambiguous,polite,38,18,0.5922878980636597
methodA,ambiguous,polite,38,19,0.5603224635124207
methodA,polite,polite,39,0,0.06668174266815186
methodA,polite,polite,39,1,0.06371833384037018
methodA,polite,polite,39,2,0.07374203950166702
methodA,polite,polite,39,3,0.11624346673488617
methodA,polite,polite,39,4,0.16023452579975128
methodA,polite,polite,39,5,0.1797364205121994
methodA,polite,polite,39,6,0.21065597236156464
methodA,polite,polite,39,7,0.22874607145786285
methodA,polite,polite,39,8,0.3426729440689087
methodA,polite,polite,39,9,0.43295735120773315
methodA,polite,polite,39,10,0.5464719533920288
methodA,polite,polite,39,11,0.5952162146568298
methodA,polite,polite,39,12,0.5775147676467896
methodA,polite,polite,39,13,0.6110420227050781
methodA,polite,polite,39,14,0.6712510585784912
methodA,polite,polite,39,15,0.6670922636985779
methodA,polite,polite,39,16,0.6801860928535461
methodA,polite,polite,39,17,0.7116491198539734
methodA,polite,polite,39,18,0.7171322107315063
methodA,polite,polite,39,19,0.7328782677650452
methodA,truesmile,polite,39,0,0.11110693961381912
methodA,truesmile,polite,39,1,0.10235337167978287
methodA,truesmile,polite,39,2,0.17576022446155548
methodA,truesmile,polite,39,3,0.2467837780714035
methodA,truesmile,polite,39,4,0.3201168477535248
methodA,truesmile,polite,39,5,0.3770308792591095
methodA,truesmile,polite,39,6,0.412183940410614
methodA,truesmile,polite,39,7,0.41249099373817444
methodA,truesmile,polite,39,8,0.5056242346763611
methodA,truesmile,polite,39,9,0.5980513095855713
methodA,truesmile,polite,39,10,0.682284414768219
methodA,truesmile,polite,39,11,0.698882520198822
methodA,truesmile,polite,39,12,0.6937119960784912
methodA,truesmile,polite,39,13,0.7556079626083374
methodA,truesmile,polite,39,14,0.8239315748214722
methodA,truesmile,polite,39,15,0.832148551940918
methodA,truesmile,polite,39,16,0.8610895872116089
methodA,truesmile,polite,39,17,0.8682596683502197
methodA,truesmile,polite,39,18,0.8267436027526855
methodA,truesmile,polite,39,19,0.8278347253799438
methodA,ambiguous,polite,39,0,0.06425686925649643
methodA,ambiguous,polite,39,1,0.06259887665510178
methodA,ambiguous,polite,39,2,0.07972650229930878
methodA,ambiguous,polite,39,3,0.12103686481714249
methodA,ambiguous,polite,39,4,0.1651943027973175
methodA,ambiguous,polite,39,5,0.19912895560264587
methodA,ambiguous,polite,39,6,0.23931577801704407
methodA,ambiguous,polite,39,7,0.26451510190963745
methodA,ambiguous,polite,39,8,0.3847668766975403
methodA,ambiguous,polite,39,9,0.46759718656539917
methodA,ambiguous,polite,39,10,0.5522974133491516
methodA,ambiguous,polite,39,11,0.5940731763839722
methodA,ambiguous,polite,39,12,0.5847607851028442
methodA,ambiguous,polite,39,13,0.635191023349762
methodA,ambiguous,polite,39,14,0.6914618015289307
methodA,ambiguous,polite,39,15,0.6737582087516785
methodA,ambiguous,polite,39,16,0.7052865624427795
methodA,ambiguous,polite,39,17,0.720115602016449
methodA,ambiguous,polite,39,18,0.7224013209342957
methodA,ambiguous,polite,39,19,0.7317362427711487
methodA,polite,polite,4,0,0.13257166743278503
methodA,polite,polite,4,1,0.1286775767803192
methodA,polite,polite,4,2,0.2609787881374359
methodA,polite,polite,4,3,0.3308389484882355
methodA,polite,polite,4,4,0.3962670564651489
methodA,polite,polite,4,5,0.38406848907470703
methodA,polite,polite,4,6,0.3787042200565338
methodA,polite,polite,4,7,0.38465628027915955
methodA,polite,polite,4,8,0.39704543352127075
methodA,polite,polite,4,9,0.4377290606498718
methodA,polite,polite,4,10,0.42879894375801086
methodA,polite,polite,4,11,0.42884644865989685
methodA,polite,polite,4,12,0.370544970035553
methodA,polite,polite,4,13,0.39292076230049133
methodA,polite,polite,4,14,0.4593968987464905
methodA,polite,polite,4,15,0.45147353410720825
methodA,polite,polite,4,16,0.3856344223022461
methodA,polite,polite,4,17,0.3460477590560913
methodA,polite,polite,4,18,0.46247488260269165
methodA,polite,polite,4,19,0.41789430379867554
methodA,truesmile,polite,4,0,0.16697487235069275
methodA,truesmile,polite,4,1,0.15900105237960815
methodA,truesmile,polite,4,2,0.2958456873893738
methodA,truesmile,polite,4,3,0.43443533778190613
methodA,truesmile,polite,4,4,0.4964491128921509
methodA,truesmile,polite,4,5,0.5232202410697937
methodA,truesmile,polite,4,6,0.5378366708755493
methodA,truesmile,polite,4,7,0.5539463758468628
methodA,truesmile,polite,4,8,0.5839214324951172
methodA,truesmile,polite,4,9,0.6184103488922119
methodA,truesmile,polite,4,10,0.6252329349517822
methodA,truesmile,polite,4,11,0.6185171008110046
methodA,truesmile,polite,4,12,0.5718399286270142
methodA,truesmile,polite,4,13,0.5309250950813293
methodA,truesmile,polite,4,14,0.5974332690238953
methodA,truesmile,polite,4,15,0.6330947279930115
methodA,truesmile,polite,4,16,0.5809367895126343
methodA,truesmile,polite,4,17,0.5718427300453186
methodA,truesmile,polite,4,18,0.6343351006507874
methodA,truesmile,polite,4,19,0.60832679271698
methodA,ambiguous,polite,4,0,0.13563358783721924
methodA,ambiguous,polite,4,1,0.1311327964067459
methodA,ambiguous,polite,4,2,0.2675328850746155
methodA,ambiguous,polite,4,3,0.34423762559890747
methodA,ambiguous,polite,4,4,0.4071906805038452
methodA,ambiguous,polite,4,5,0.40782254934310913
methodA,ambiguous,polite,4,6,0.40273046493530273
methodA,ambiguous,polite,4,7,0.4164617657661438
methodA,ambiguous,polite,4,8,0.4395316541194916
methodA,ambiguous,polite,4,9,0.48441430926322937
methodA,ambiguous,polite,4,10,0.48792847990989685
methodA,ambiguous,polite,4,11,0.49620893597602844
methodA,ambiguous,polite,4,12,0.41632914543151855
methodA,ambiguous,polite,4,13,0.4411678910255432
methodA,ambiguous,polite,4,14,0.5108301639556885
methodA,ambiguous,polite,4,15,0.510887861251831
methodA,ambiguous,polite,4,16,0.4393129050731659
methodA,ambiguous,polite,4,17,0.4076453745365143
methodA,ambiguous,polite,4,18,0.5045250654220581
methodA,ambiguous,polite,4,19,0.4581220746040344
methodA,polite,polite,40,0,0.23503637313842773
methodA,polite,polite,40,1,0.2513786554336548
methodA,polite,polite,40,2,0.34866705536842346
methodA,polite,polite,40,3,0.32336321473121643
methodA,polite,polite,40,4,0.2545054256916046
methodA,polite,polite,40,5,0.40648025274276733
methodA,polite,polite,40,6,0.4019911289215088
methodA,polite,polite,40,7,0.4215549826622009
methodA,polite,polite,40,8,0.4046994745731354
methodA,polite,polite,40,9,0.47863149642944336
methodA,polite,polite,40,10,0.4869755208492279
methodA,polite,polite,40,11,0.5057806372642517
methodA,polite,polite,40,12,0.49547019600868225
methodA,polite,polite,40,13,0.47133517265319824
methodA,polite,polite,40,14,0.49627095460891724
methodA,polite,polite,40,15,0.5212639570236206
methodA,polite,polite,40,16,0.5190339684486389
methodA,polite,polite,40,17,0.5260840058326721
methodA,polite,polite,40,18,0.5587202310562134
methodA,polite,polite,40,19,0.5525156855583191
methodA,truesmile,polite,40,0,0.252170205116272
methodA,truesmile,polite,40,1,0.29060667753219604
methodA,truesmile,polite,40,2,0.36852648854255676
methodA,truesmile,polite,40,3,0.36573246121406555
methodA,truesmile,polite,40,4,0.359920471906662
methodA,truesmile,polite,40,5,0.5280657410621643
methodA,truesmile,polite,40,6,0.5223414897918701
methodA,truesmile,polite,40,7,0.5273443460464478
methodA,truesmile,polite,40,8,0.4924284815788269
methodA,truesmile,polite,40,9,0.5927553176879883
methodA,truesmile,polite,40,10,0.6262441873550415
methodA,truesmile,polite,40,11,0.6013988256454468
methodA,truesmile,polite,40,12,0.6228089332580566
methodA,truesmile,polite,40,13,0.5946965217590332
methodA,truesmile,polite,40,14,0.5782740712165833
methodA,truesmile,polite,40,15,0.6094657182693481
methodA,truesmile,polite,40,16,0.588768720626831
methodA,truesmile,polite,40,17,0.5856350064277649
methodA,truesmile,polite,40,18,0.6000139117240906
methodA,truesmile,polite,40,19,0.6195827126502991
methodA,ambiguous,polite,40,0,0.23421381413936615
methodA,ambiguous,polite,40,1,0.25037965178489685
methodA,ambiguous,polite,40,2,0.34847667813301086
methodA,ambiguous,polite,40,3,0.3314265310764313
methodA,ambiguous,polite,40,4,0.26404446363449097
methodA,ambiguous,polite,40,5,0.4195575416088104
methodA,ambiguous,polite,40,6,0.4160177707672119
methodA,ambiguous,polite,40,7,0.43953990936279297
methodA,ambiguous,polite,40,8,0.41570353507995605
methodA,ambiguous,polite,40,9,0.4817080795764923
methodA,ambiguous,polite,40,10,0.5014969706535339
methodA,ambiguous,polite,40,11,0.5119369626045227
methodA,ambiguous,polite,40,12,0.4944441020488739
methodA,ambiguous,polite,40,13,0.4726483225822449
methodA,ambiguous,polite,40,14,0.49136725068092346
methodA,ambiguous,polite,40,15,0.5130546689033508
methodA,ambiguous,polite,40,16,0.5078432559967041
methodA,ambiguous,polite,40,17,0.5107873678207397
methodA,ambiguous,polite,40,18,0.5368460416793823
methodA,ambiguous,polite,40,19,0.5369467735290527
methodA,polite,polite,41,0,0.04145774617791176
methodA,polite,polite,41,1,0.07309256494045258
methodA,polite,polite,41,2,0.13868890702724457
methodA,polite,polite,41,3,0.25428858399391174
methodA,polite,polite,41,4,0.30100977420806885
methodA,polite,polite,41,5,0.31828200817108154
methodA,polite,polite,41,6,0.349051296710968
methodA,polite,polite,41,7,0.3016635775566101
methodA,polite,polite,41,8,0.36772438883781433
methodA,polite,polite,41,9,0.5280873775482178
methodA,polite,polite,41,10,0.5406467914581299
methodA,polite,polite,41,11,0.504636287689209
methodA,polite,polite,41,12,0.47011855244636536
methodA,polite,polite,41,13,0.45275214314460754
methodA,polite,polite,41,14,0.4689340591430664
methodA,polite,polite,41,15,0.4493076205253601
methodA,polite,polite,41,16,0.4187960624694824
methodA,polite,polite,41,17,0.49250736832618713
methodA,polite,polite,41,18,0.39658239483833313
methodA,polite,polite,41,19,0.43385404348373413
methodA,truesmile,polite,41,0,0.10065983235836029
methodA,truesmile,polite,41,1,0.12256652116775513
methodA,truesmile,polite,41,2,0.20073890686035156
methodA,truesmile,polite,41,3,0.32032057642936707
methodA,truesmile,polite,41,4,0.37233975529670715
methodA,truesmile,polite,41,5,0.43112391233444214
methodA,truesmile,polite,41,6,0.47165200114250183
methodA,truesmile,polite,41,7,0.4419475793838501
methodA,truesmile,polite,41,8,0.47431689500808716
methodA,truesmile,polite,41,9,0.5886110663414001
methodA,truesmile,polite,41,10,0.5616002678871155
methodA,truesmile,polite,41,11,0.5575892329216003
methodA,truesmile,polite,41,12,0.5276310443878174
methodA,truesmile,polite,41,13,0.5265442132949829
methodA,truesmile,polite,41,14,0.5939981341362
methodA,truesmile,polite,41,15,0.5871990323066711
methodA,truesmile,polite,41,16,0.5447654724121094
methodA,truesmile,polite,41,17,0.562614381313324
methodA,truesmile,polite,41,18,0.50152188539505
methodA,truesmile,polite,41,19,0.48040464520454407
methodA,ambiguous,polite,41,0,0.04505014419555664
methodA,ambiguous,polite,41,1,0.07339734584093094
methodA,ambiguous,polite,41,2,0.1415667086839676
methodA,ambiguous,polite,41,3,0.25527679920196533
methodA,ambiguous,polite,41,4,0.29872676730155945
methodA,ambiguous,polite,41,5,0.3211910128593445
methodA,ambiguous,polite,41,6,0.3531422019004822
methodA,ambiguous,polite,41,7,0.3109518885612488
methodA,ambiguous,polite,41,8,0.3796342611312866
methodA,ambiguous,polite,41,9,0.5371650457382202
methodA,ambiguous,polite,41,10,0.5392724275588989
methodA,ambiguous,polite,41,11,0.49117234349250793
methodA,ambiguous,polite,41,12,0.44073858857154846
methodA,ambiguous,polite,41,13,0.44683757424354553
methodA,ambiguous,polite,41,14,0.4828770160675049
methodA,ambiguous,polite,41,15,0.46569985151290894
methodA,ambiguous,polite,41,16,0.44645705819129944
methodA,ambiguous,polite,41,17,0.5088903903961182
methodA,ambiguous,polite,41,18,0.4105944037437439
methodA,ambiguous,polite,41,19,0.4448844790458679
methodA,polite,polite,42,0,0.09456711262464523
methodA,polite,polite,42,1,0.07037977129220963
methodA,polite,polite,42,2,0.08943012356758118
methodA,polite,polite,42,3,0.2033081352710724
methodA,polite,polite,42,4,0.3087559640407562
methodA,polite,polite,42,5,0.33873769640922546
methodA,polite,polite,42,6,0.33141085505485535
methodA,polite,polite,42,7,0.40472865104675293
methodA,polite,polite,42,8,0.42011409997940063
methodA,polite,polite,42,9,0.3979971408843994
methodA,polite,polite,42,10,0.39910000562667847
methodA,polite,polite,42,11,0.456808865070343
methodA,polite,polite,42,12,0.486337274312973
methodA,polite,polite,42,13,0.5445387959480286
methodA,polite,polite,42,14,0.48699599504470825
methodA,polite,polite,42,15,0.4337216019630432
methodA,polite,polite,42,16,0.4522477984428406
methodA,polite,polite,42,17,0.4842677116394043
methodA,polite,polite,42,18,0.5309655070304871
methodA,polite,polite,42,19,0.5835372805595398
methodA,truesmile,polite,42,0,0.15199866890907288
methodA,truesmile,polite,42,1,0.12051626294851303
methodA,truesmile,polite,42,2,0.16675622761249542
methodA,truesmile,polite,42,3,0.28327804803848267
methodA,truesmile,polite,42,4,0.3899458944797516
methodA,truesmile,polite,42,5,0.4519316554069519
methodA,truesmile,polite,42,6,0.5183688998222351
methodA,truesmile,polite,42,7,0.5723264217376709
methodA,truesmile,polite,42,8,0.6047150492668152
methodA,truesmile,polite,42,9,0.6092866063117981
methodA,truesmile,polite,42,10,0.6126851439476013
methodA,truesmile,polite,42,11,0.6360064744949341
methodA,truesmile,polite,42,12,0.6794489026069641
methodA,truesmile,polite,42,13,0.7249508500099182
methodA,truesmile,polite,42,14,0.6962723135948181
methodA,truesmile,polite,42,15,0.6987912058830261
methodA,truesmile,polite,42,16,0.7288787364959717
methodA,truesmile,polite,42,17,0.7046828866004944
methodA,truesmile,polite,42,18,0.6806008815765381
methodA,truesmile,polite,42,19,0.7296130061149597
methodA,ambiguous,polite,42,0,0.09505004435777664
methodA,ambiguous,polite,42,1,0.07239983230829239
methodA,ambiguous,polite,42,2,0.08700494468212128
methodA,ambiguous,polite,42,3,0.20770251750946045
methodA,ambiguous,polite,42,4,0.31473299860954285
methodA,ambiguous,polite,42,5,0.33498096466064453
methodA,ambiguous,polite,42,6,0.34545567631721497
methodA,ambiguous,polite,42,7,0.4323560893535614
methodA,ambiguous,polite,42,8,0.4496781527996063
methodA,ambiguous,polite,42,9,0.42815670371055603
methodA,ambiguous,polite,42,10,0.4218973219394684
methodA,ambiguous,polite,42,11,0.4605107307434082
methodA,ambiguous,polite,42,12,0.5003409385681152
methodA,ambiguous,polite,42,13,0.5511050820350647
methodA,ambiguous,polite,42,14,0.49425262212753296
methodA,ambiguous,polite,42,15,0.4487118124961853
methodA,ambiguous,polite,42,16,0.4836154878139496
methodA,ambiguous,polite,42,17,0.49752941727638245
methodA,ambiguous,polite,42,18,0.5243036150932312
methodA,ambiguous,polite,42,19,0.5814696550369263
methodA,polite,polite,43,0,0.08160550147294998
methodA,polite,polite,43,1,0.18387067317962646
methodA,polite,polite,43,2,0.21831366419792175
methodA,polite,polite,43,3,0.21362660825252533
methodA,polite,polite,43,4,0.235652893781662
methodA,polite,polite,43,5,0.27345892786979675
methodA,polite,polite,43,6,0.23043380677700043
methodA,polite,polite,43,7,0.3552917540073395
methodA,polite,polite,43,8,0.3928544223308563
methodA,polite,polite,43,9,0.38563302159309387
methodA,polite,polite,43,10,0.37700045108795166
methodA,polite,polite,43,11,0.3929302990436554
methodA,polite,polite,43,12,0.4129422605037689
methodA,polite,polite,43,13,0.36166295409202576
methodA,polite,polite,43,14,0.3555585741996765
methodA,polite,polite,43,15,0.327823281288147
methodA,polite,polite,43,16,0.3248349726200104
methodA,polite,polite,43,17,0.36146873235702515
methodA,polite,polite,43,18,0.3590795695781708
methodA,polite,polite,43,19,0.3649374842643738
methodA,truesmile,polite,43,0,0.10992733389139175
methodA,truesmile,polite,43,1,0.20323672890663147
methodA,truesmile,polite,43,2,0.2663416266441345
methodA,truesmile,polite,43,3,0.29749131202697754
methodA,truesmile,polite,43,4,0.33621323108673096
methodA,truesmile,polite,43,5,0.4017896354198456
methodA,truesmile,polite,43,6,0.4004756808280945
methodA,truesmile,polite,43,7,0.43801426887512207
methodA,truesmile,polite,43,8,0.4951685070991516
methodA,truesmile,polite,43,9,0.5163727402687073
methodA,truesmile,polite,43,10,0.546087920665741
methodA,truesmile,polite,43,11,0.5549347400665283
methodA,truesmile,polite,43,12,0.5713953971862793
methodA,truesmile,polite,43,13,0.5245820879936218
methodA,truesmile,polite,43,14,0.5301628112792969
methodA,truesmile,polite,43,15,0.5664008259773254
methodA,truesmile,polite,43,16,0.5592716336250305
methodA,truesmile,polite,43,17,0.5489068627357483
methodA,truesmile,polite,43,18,0.523548424243927
methodA,truesmile,polite,43,19,0.5235562324523926
methodA,ambiguous,polite,43,0,0.08528002351522446
methodA,ambiguous,polite,43,1,0.18661276996135712
methodA,ambiguous,polite,43,2,0.22146432101726532
methodA,ambiguous,polite,43,3,0.22007817029953003
methodA,ambiguous,polite,43,4,0.24246276915073395
methodA,ambiguous,polite,43,5,0.2912237048149109
methodA,ambiguous,polite,43,6,0.2556816637516022
methodA,ambiguous,polite,43,7,0.35792306065559387
methodA,ambiguous,polite,43,8,0.39498820900917053
methodA,ambiguous,polite,43,9,0.38790759444236755
methodA,ambiguous,polite,43,10,0.37421321868896484
methodA,ambiguous,polite,43,11,0.37849292159080505
methodA,ambiguous,polite,43,12,0.42062658071517944
methodA,ambiguous,polite,43,13,0.37911805510520935
methodA,ambiguous,polite,43,14,0.38982143998146057
methodA,ambiguous,polite,43,15,0.36610662937164307
methodA,ambiguous,polite,43,16,0.3606908917427063
methodA,ambiguous,polite,43,17,0.3974120616912842
methodA,ambiguous,polite,43,18,0.3880672752857208
methodA,ambiguous,polite,43,19,0.3849433362483978
methodA,polite,polite,45,0,0.07824759930372238
methodA,polite,polite,45,1,0.05905679240822792
methodA,polite,polite,45,2,0.4043891429901123
methodA,polite,polite,45,3,0.5345319509506226
methodA,polite,polite,45,4,0.49301788210868835
methodA,polite,polite,45,5,0.5463536381721497
methodA,polite,polite,45,6,0.4580046534538269
methodA,polite,polite,45,7,0.5370731353759766
methodA,polite,polite,45,8,0.6614815592765808
methodA,polite,polite,45,9,0.6600272059440613
methodA,polite,polite,45,10,0.6150640845298767
methodA,polite,polite,45,11,0.6177725791931152
methodA,polite,polite,45,12,0.5304333567619324
methodA,polite,polite,45,13,0.48665815591812134
methodA,polite,polite,45,14,0.4841333329677582
methodA,polite,polite,45,15,0.5717658996582031
methodA,polite,polite,45,16,0.7026513814926147
methodA,polite,polite,45,17,0.46152374148368835
methodA,polite,polite,45,18,0.31766247749328613
methodA,polite,polite,45,19,0.3560863435268402
methodA,truesmile,polite,45,0,0.11708681285381317
methodA,truesmile,polite,45,1,0.11325710266828537
methodA,truesmile,polite,45,2,0.4614725112915039
methodA,truesmile,polite,45,3,0.5941976308822632
methodA,truesmile,polite,45,4,0.6190060973167419
methodA,truesmile,polite,45,5,0.661648690700531
methodA,truesmile,polite,45,6,0.6382889151573181
methodA,truesmile,polite,45,7,0.7261635065078735
methodA,truesmile,polite,45,8,0.795651376247406
methodA,truesmile,polite,45,9,0.7917696237564087
methodA,truesmile,polite,45,10,0.7773725986480713
methodA,truesmile,polite,45,11,0.7906147241592407
methodA,truesmile,polite,45,12,0.7313549518585205
methodA,truesmile,polite,45,13,0.7049325704574585
methodA,truesmile,polite,45,14,0.7206001281738281
methodA,truesmile,polite,45,15,0.7992566823959351
methodA,truesmile,polite,45,16,0.879493236541748
methodA,truesmile,polite,45,17,0.7035053968429565
methodA,truesmile,polite,45,18,0.5159887075424194
methodA,truesmile,polite,45,19,0.5960585474967957
methodA,ambiguous,polite,45,0,0.08158057183027267
methodA,ambiguous,polite,45,1,0.061926860362291336
methodA,ambiguous,polite,45,2,0.4042416512966156
methodA,ambiguous,polite,45,3,0.541558563709259
methodA,ambiguous,polite,45,4,0.4988701641559601
methodA,ambiguous,polite,45,5,0.5524719953536987
methodA,ambiguous,polite,45,6,0.47713032364845276
methodA,ambiguous,polite,45,7,0.5671430230140686
methodA,ambiguous,polite,45,8,0.6722908616065979
methodA,ambiguous,polite,45,9,0.6487007737159729
methodA,ambiguous,polite,45,10,0.6183261871337891
methodA,ambiguous,polite,45,11,0.6320386528968811
methodA,ambiguous,polite,45,12,0.5755331516265869
methodA,ambiguous,polite,45,13,0.5455065369606018
methodA,ambiguous,polite,45,14,0.5351074934005737
methodA,ambiguous,polite,45,15,0.6059207320213318
methodA,ambiguous,polite,45,16,0.7328646779060364
methodA,ambiguous,polite,45,17,0.4978623390197754
methodA,ambiguous,polite,45,18,0.36154165863990784
methodA,ambiguous,polite,45,19,0.4034869968891144
methodA,polite,polite,47,0,0.08660378307104111
methodA,polite,polite,47,1,0.09301770478487015
methodA,polite,polite,47,2,0.323269248008728
methodA,polite,polite,47,3,0.37226787209510803
methodA,polite,polite,47,4,0.4590495526790619
methodA,polite,polite,47,5,0.5559752583503723
methodA,polite,polite,47,6,0.4719454050064087
methodA,polite,polite,47,7,0.564003586769104
methodA,polite,polite,47,8,0.7040265798568726
methodA,polite,polite,47,9,0.7253555655479431
methodA,polite,polite,47,10,0.7831956148147583
methodA,polite,polite,47,11,0.7953482270240784
methodA,polite,polite,47,12,0.8511196970939636
methodA,polite,polite,47,13,0.8198658227920532
methodA,polite,polite,47,14,0.7769293785095215
methodA,polite,polite,47,15,0.5988322496414185
methodA,polite,polite,47,16,0.5786960124969482
methodA,polite,polite,47,17,0.6112613081932068
methodA,polite,polite,47,18,0.6557772159576416
methodA,polite,polite,47,19,0.6479511857032776
methodA,truesmile,polite,47,0,0.1223820149898529
methodA,truesmile,polite,47,1,0.12676456570625305
methodA,truesmile,polite,47,2,0.3647776246070862
methodA,truesmile,polite,47,3,0.4366145133972168
methodA,truesmile,polite,47,4,0.5393776893615723
methodA,truesmile,polite,47,5,0.6306485533714294
methodA,truesmile,polite,47,6,0.5881203413009644
methodA,truesmile,polite,47,7,0.6371507048606873
methodA,truesmile,polite,47,8,0.7777420878410339
methodA,truesmile,polite,47,9,0.8192930817604065
methodA,truesmile,polite,47,10,0.8589746356010437
methodA,truesmile,polite,47,11,0.8770232796669006
methodA,truesmile,polite,47,12,0.9678348898887634
methodA,truesmile,polite,47,13,0.9512403011322021
methodA,truesmile,polite,47,14,0.932689905166626
methodA,truesmile,polite,47,15,0.8031430244445801
methodA,truesmile,polite,47,16,0.7616503834724426
methodA,truesmile,polite,47,17,0.7413356900215149
methodA,truesmile,polite,47,18,0.7241107225418091
methodA,truesmile,polite,47,19,0.7217555642127991
methodA,ambiguous,polite,47,0,0.09350841492414474
methodA,ambiguous,polite,47,1,0.09732357412576675
methodA,ambiguous,polite,47,2,0.32712826132774353
methodA,ambiguous,polite,47,3,0.38026177883148193
methodA,ambiguous,polite,47,4,0.4598713517189026
methodA,ambiguous,polite,47,5,0.5635311603546143
methodA,ambiguous,polite,47,6,0.4793492555618286
methodA,ambiguous,polite,47,7,0.5495737195014954
methodA,ambiguous,polite,47,8,0.678199052810669
methodA,ambiguous,polite,47,9,0.6953348517417908
methodA,ambiguous,polite,47,10,0.7378658652305603
methodA,ambiguous,polite,47,11,0.7511903643608093
methodA,ambiguous,polite,47,12,0.8371355533599854
methodA,ambiguous,polite,47,13,0.8116871118545532
methodA,ambiguous,polite,47,14,0.7542476654052734
methodA,ambiguous,polite,47,15,0.6035594940185547
methodA,ambiguous,polite,47,16,0.6088645458221436
methodA,ambiguous,polite,47,17,0.6025012135505676
methodA,ambiguous,polite,47,18,0.6504138112068176
methodA,ambiguous,polite,47,19,0.6488998532295227
methodA,polite,polite,49,0,0.11100803315639496
methodA,polite,polite,49,1,0.07848136872053146
methodA,polite,polite,49,2,0.15777063369750977
methodA,polite,polite,49,3,0.3109636604785919
methodA,polite,polite,49,4,0.3062233626842499
methodA,polite,polite,49,5,0.31170448660850525
methodA,polite,polite,49,6,0.30875861644744873
methodA,polite,polite,49,7,0.29871782660484314
methodA,polite,polite,49,8,0.3344033360481262
methodA,polite,polite,49,9,0.35959741473197937
methodA,polite,polite,49,10,0.3365873098373413
methodA,polite,polite,49,11,0.34898367524147034
methodA,polite,polite,49,12,0.36209914088249207
methodA,polite,polite,49,13,0.37377309799194336
methodA,polite,polite,49,14,0.38851815462112427
methodA,polite,polite,49,15,0.3653848171234131
methodA,polite,polite,49,16,0.38868340849876404
methodA,polite,polite,49,17,0.40365201234817505
methodA,polite,polite,49,18,0.3808489739894867
methodA,polite,polite,49,19,0.40339112281799316
methodA,truesmile,polite,49,0,0.14466838538646698
methodA,truesmile,polite,49,1,0.12164172530174255
methodA,truesmile,polite,49,2,0.21964038908481598
methodA,truesmile,polite,49,3,0.3509027063846588
methodA,truesmile,polite,49,4,0.36693525314331055
methodA,truesmile,polite,49,5,0.4258536696434021
methodA,truesmile,polite,49,6,0.4624456763267517
methodA,truesmile,polite,49,7,0.47626441717147827
methodA,truesmile,polite,49,8,0.5301584005355835
methodA,truesmile,polite,49,9,0.5587146878242493
methodA,truesmile,polite,49,10,0.5692832469940186
methodA,truesmile,polite,49,11,0.5566772222518921
methodA,truesmile,polite,49,12,0.5709611177444458
methodA,truesmile,polite,49,13,0.5623524785041809
methodA,truesmile,polite,49,14,0.5814327001571655
methodA,truesmile,polite,49,15,0.5979357361793518
methodA,truesmile,polite,49,16,0.5957505702972412
methodA,truesmile,polite,49,17,0.607142984867096
methodA,truesmile,polite,49,18,0.5750576257705688
methodA,truesmile,polite,49,19,0.6081888675689697
methodA,ambiguous,polite,49,0,0.11448841542005539
methodA,ambiguous,polite,49,1,0.07962547987699509
methodA,ambiguous,polite,49,2,0.15942998230457306
methodA,ambiguous,polite,49,3,0.30421432852745056
methodA,ambiguous,polite,49,4,0.3020097017288208
methodA,ambiguous,polite,49,5,0.32843437790870667
methodA,ambiguous,polite,49,6,0.3359248638153076
methodA,ambiguous,polite,49,7,0.3360694944858551
methodA,ambiguous,polite,49,8,0.39117690920829773
methodA,ambiguous,polite,49,9,0.4248373210430145
methodA,ambiguous,polite,49,10,0.40908828377723694
methodA,ambiguous,polite,49,11,0.4333489239215851
methodA,ambiguous,polite,49,12,0.43289586901664734
methodA,ambiguous,polite,49,13,0.4295863211154938
methodA,ambiguous,polite,49,14,0.445840060710907
methodA,ambiguous,polite,49,15,0.4232056736946106
methodA,ambiguous,polite,49,16,0.44700995087623596
methodA,ambiguous,polite,49,17,0.4653346538543701
methodA,ambiguous,polite,49,18,0.4510672390460968
methodA,ambiguous,polite,49,19,0.4586242139339447
methodA,polite,polite,5,0,0.0759735256433487
methodA,polite,polite,5,1,0.18488356471061707
methodA,polite,polite,5,2,0.2831021547317505
methodA,polite,polite,5,3,0.2869304418563843
methodA,polite,polite,5,4,0.33593976497650146
methodA,polite,polite,5,5,0.3395938277244568
methodA,polite,polite,5,6,0.3406006991863251
methodA,polite,polite,5,7,0.42696765065193176
methodA,polite,polite,5,8,0.39074239134788513
methodA,polite,polite,5,9,0.3568969964981079
methodA,polite,polite,5,10,0.3566066324710846
methodA,polite,polite,5,11,0.46280375123023987
methodA,polite,polite,5,12,0.3834592401981354
methodA,polite,polite,5,13,0.38228222727775574
methodA,polite,polite,5,14,0.44492432475090027
methodA,polite,polite,5,15,0.4268726110458374
methodA,polite,polite,5,16,0.4048726558685303
methodA,polite,polite,5,17,0.3647000789642334
methodA,polite,polite,5,18,0.37878596782684326
methodA,polite,polite,5,19,0.40429067611694336
methodA,truesmile,polite,5,0,0.1328132301568985
methodA,truesmile,polite,5,1,0.2113647162914276
methodA,truesmile,polite,5,2,0.3327530324459076
methodA,truesmile,polite,5,3,0.3591918349266052
methodA,truesmile,polite,5,4,0.40872231125831604
methodA,truesmile,polite,5,5,0.4409860074520111
methodA,truesmile,polite,5,6,0.4897671043872833
methodA,truesmile,polite,5,7,0.5991458296775818
methodA,truesmile,polite,5,8,0.587230920791626
methodA,truesmile,polite,5,9,0.5647375583648682
methodA,truesmile,polite,5,10,0.5616639852523804
methodA,truesmile,polite,5,11,0.6392707228660583
methodA,truesmile,polite,5,12,0.5984392762184143
methodA,truesmile,polite,5,13,0.578575849533081
methodA,truesmile,polite,5,14,0.620728075504303
methodA,truesmile,polite,5,15,0.6234777569770813
methodA,truesmile,polite,5,16,0.619531512260437
methodA,truesmile,polite,5,17,0.5527973771095276
methodA,truesmile,polite,5,18,0.5611592531204224
methodA,truesmile,polite,5,19,0.6084232926368713
methodA,ambiguous,polite,5,0,0.07795245945453644
methodA,ambiguous,polite,5,1,0.18597900867462158
methodA,ambiguous,polite,5,2,0.2856196165084839
methodA,ambiguous,polite,5,3,0.2939610779285431
methodA,ambiguous,polite,5,4,0.34441572427749634
methodA,ambiguous,polite,5,5,0.3556283116340637
methodA,ambiguous,polite,5,6,0.36238953471183777
methodA,ambiguous,polite,5,7,0.46627160906791687
methodA,ambiguous,polite,5,8,0.4457353353500366
methodA,ambiguous,polite,5,9,0.4188804626464844
methodA,ambiguous,polite,5,10,0.40112006664276123
methodA,ambiguous,polite,5,11,0.47722548246383667
methodA,ambiguous,polite,5,12,0.41546696424484253
methodA,ambiguous,polite,5,13,0.41017502546310425
methodA,ambiguous,polite,5,14,0.4617641866207123
methodA,ambiguous,polite,5,15,0.45740026235580444
methodA,ambiguous,polite,5,16,0.4282425045967102
methodA,ambiguous,polite,5,17,0.3938322961330414
methodA,ambiguous,polite,5,18,0.39087873697280884
methodA,ambiguous,polite,5,19,0.4140571355819702
methodA,polite,polite,6,0,0.1599353700876236
methodA,polite,polite,6,1,0.12686657905578613
methodA,polite,polite,6,2,0.2768207788467407
methodA,polite,polite,6,3,0.32966428995132446
methodA,polite,polite,6,4,0.37421709299087524
methodA,polite,polite,6,5,0.41280364990234375
methodA,polite,polite,6,6,0.38791602849960327
methodA,polite,polite,6,7,0.3625204861164093
methodA,polite,polite,6,8,0.36491236090660095
methodA,polite,polite,6,9,0.35285845398902893
methodA,polite,polite,6,10,0.3341831862926483
methodA,polite,polite,6,11,0.37742507457733154
methodA,polite,polite,6,12,0.3802816569805145
methodA,polite,polite,6,13,0.3978298008441925
methodA,polite,polite,6,14,0.36909276247024536
methodA,polite,polite,6,15,0.36413323879241943
methodA,polite,polite,6,16,0.4030773639678955
methodA,polite,polite,6,17,0.38794079422950745
methodA,polite,polite,6,18,0.35814476013183594
methodA,polite,polite,6,19,0.33869925141334534
methodA,truesmile,polite,6,0,0.18070398271083832
methodA,truesmile,polite,6,1,0.157346710562706
methodA,truesmile,polite,6,2,0.3157052993774414
methodA,truesmile,polite,6,3,0.42080748081207275
methodA,truesmile,polite,6,4,0.4874223470687866
methodA,truesmile,polite,6,5,0.5467912554740906
methodA,truesmile,polite,6,6,0.5509142279624939
methodA,truesmile,polite,6,7,0.5225643515586853
methodA,truesmile,polite,6,8,0.5305863618850708
methodA,truesmile,polite,6,9,0.5387617945671082
methodA,truesmile,polite,6,10,0.5558806657791138
methodA,truesmile,polite,6,11,0.5498887300491333
methodA,truesmile,polite,6,12,0.5773751139640808
methodA,truesmile,polite,6,13,0.6206071972846985
methodA,truesmile,polite,6,14,0.6150457859039307
methodA,truesmile,polite,6,15,0.6393085718154907
methodA,truesmile,polite,6,16,0.6713182926177979
methodA,truesmile,polite,6,17,0.6268928647041321
methodA,truesmile,polite,6,18,0.5726382732391357
methodA,truesmile,polite,6,19,0.5330731868743896
methodA,ambiguous,polite,6,0,0.1589488834142685
methodA,ambiguous,polite,6,1,0.12597747147083282
methodA,ambiguous,polite,6,2,0.2832210063934326
methodA,ambiguous,polite,6,3,0.34388187527656555
methodA,ambiguous,polite,6,4,0.37979844212532043
methodA,ambiguous,polite,6,5,0.4330223798751831
methodA,ambiguous,polite,6,6,0.3950461745262146
methodA,ambiguous,polite,6,7,0.3765328526496887
methodA,ambiguous,polite,6,8,0.375003457069397
methodA,ambiguous,polite,6,9,0.38317328691482544
methodA,ambiguous,polite,6,10,0.3702467381954193
methodA,ambiguous,polite,6,11,0.40674740076065063
methodA,ambiguous,polite,6,12,0.4143856465816498
methodA,ambiguous,polite,6,13,0.4483206272125244
methodA,ambiguous,polite,6,14,0.4372521936893463
methodA,ambiguous,polite,6,15,0.4315021336078644
methodA,ambiguous,polite,6,16,0.4617617130279541
methodA,ambiguous,polite,6,17,0.43851256370544434
methodA,ambiguous,polite,6,18,0.4193112254142761
methodA,ambiguous,polite,6,19,0.3698190152645111
methodA,polite,polite,7,0,0.09928259253501892
methodA,polite,polite,7,1,0.0789080560207367
methodA,polite,polite,7,2,0.22434186935424805
methodA,polite,polite,7,3,0.5987120866775513
methodA,polite,polite,7,4,0.6383919715881348
methodA,polite,polite,7,5,0.5878031253814697
methodA,polite,polite,7,6,0.6520569920539856
methodA,polite,polite,7,7,0.662621259689331
methodA,polite,polite,7,8,0.5969578623771667
methodA,polite,polite,7,9,0.6043270826339722
methodA,polite,polite,7,10,0.5548705458641052
methodA,polite,polite,7,11,0.5178457498550415
methodA,polite,polite,7,12,0.49367251992225647
methodA,polite,polite,7,13,0.41523849964141846
methodA,polite,polite,7,14,0.4327608048915863
methodA,polite,polite,7,15,0.49964234232902527
methodA,polite,polite,7,16,0.5234555006027222
methodA,polite,polite,7,17,0.5601864457130432
methodA,polite,polite,7,18,0.5756842494010925
methodA,polite,polite,7,19,0.5982519388198853
methodA,truesmile,polite,7,0,0.15174108743667603
methodA,truesmile,polite,7,1,0.13573165237903595
methodA,truesmile,polite,7,2,0.28001463413238525
methodA,truesmile,polite,7,3,0.577760636806488
methodA,truesmile,polite,7,4,0.6113010048866272
methodA,truesmile,polite,7,5,0.5315646529197693
methodA,truesmile,polite,7,6,0.5730301737785339
methodA,truesmile,polite,7,7,0.5781347155570984
methodA,truesmile,polite,7,8,0.5134879350662231
methodA,truesmile,polite,7,9,0.5572329759597778
methodA,truesmile,polite,7,10,0.5099174976348877
methodA,truesmile,polite,7,11,0.5142424702644348
methodA,truesmile,polite,7,12,0.5007938146591187
methodA,truesmile,polite,7,13,0.49680033326148987
methodA,truesmile,polite,7,14,0.4890991151332855
methodA,truesmile,polite,7,15,0.4834969937801361
methodA,truesmile,polite,7,16,0.4651738703250885
methodA,truesmile,polite,7,17,0.5106093883514404
methodA,truesmile,polite,7,18,0.5451489686965942
methodA,truesmile,polite,7,19,0.5613744854927063
methodA,ambiguous,polite,7,0,0.09924592822790146
methodA,ambiguous,polite,7,1,0.07699789851903915
methodA,ambiguous,polite,7,2,0.22597864270210266
methodA,ambiguous,polite,7,3,0.5938665270805359
methodA,ambiguous,polite,7,4,0.6228620409965515
methodA,ambiguous,polite,7,5,0.568731963634491
methodA,ambiguous,polite,7,6,0.6205100417137146
methodA,ambiguous,polite,7,7,0.6077475547790527
methodA,ambiguous,polite,7,8,0.5373679995536804
methodA,ambiguous,polite,7,9,0.5463831424713135
methodA,ambiguous,polite,7,10,0.5050719976425171
methodA,ambiguous,polite,7,11,0.5098171830177307
methodA,ambiguous,polite,7,12,0.4814920723438263
methodA,ambiguous,polite,7,13,0.4189211428165436
methodA,ambiguous,polite,7,14,0.4374822974205017
methodA,ambiguous,polite,7,15,0.48040345311164856
methodA,ambiguous,polite,7,16,0.4946504235267639
methodA,ambiguous,polite,7,17,0.5417322516441345
methodA,ambiguous,polite,7,18,0.5661357045173645
methodA,ambiguous,polite,7,19,0.5715066194534302
methodA,polite,polite,8,0,0.10032029449939728
methodA,polite,polite,8,1,0.11038725823163986
methodA,polite,polite,8,2,0.10762230306863785
methodA,polite,polite,8,3,0.16452118754386902
methodA,polite,polite,8,4,0.2120768129825592
methodA,polite,polite,8,5,0.21595452725887299
methodA,polite,polite,8,6,0.42123648524284363
methodA,polite,polite,8,7,0.4948086142539978
methodA,polite,polite,8,8,0.39429327845573425
methodA,polite,polite,8,9,0.33984988927841187
methodA,polite,polite,8,10,0.2747824788093567
methodA,polite,polite,8,11,0.28703179955482483
methodA,polite,polite,8,12,0.2811151146888733
methodA,polite,polite,8,13,0.3429313004016876
methodA,polite,polite,8,14,0.26402774453163147
methodA,polite,polite,8,15,0.2768663465976715
methodA,polite,polite,8,16,0.2991456389427185
methodA,polite,polite,8,17,0.26006361842155457
methodA,polite,polite,8,18,0.31319761276245117
methodA,polite,polite,8,19,0.3306772708892822
methodA,truesmile,polite,8,0,0.14574246108531952
methodA,truesmile,polite,8,1,0.15854115784168243
methodA,truesmile,polite,8,2,0.2071823626756668
methodA,truesmile,polite,8,3,0.29115408658981323
methodA,truesmile,polite,8,4,0.3462396264076233
methodA,truesmile,polite,8,5,0.40684789419174194
methodA,truesmile,polite,8,6,0.5535841584205627
methodA,truesmile,polite,8,7,0.608762264251709
methodA,truesmile,polite,8,8,0.5596871972084045
methodA,truesmile,polite,8,9,0.5322816371917725
methodA,truesmile,polite,8,10,0.5102141499519348
methodA,truesmile,polite,8,11,0.5169630646705627
methodA,truesmile,polite,8,12,0.5344498753547668
methodA,truesmile,polite,8,13,0.5921492576599121
methodA,truesmile,polite,8,14,0.5328193306922913
methodA,truesmile,polite,8,15,0.5672069787979126
methodA,truesmile,polite,8,16,0.5810137391090393
methodA,truesmile,polite,8,17,0.5329739451408386
methodA,truesmile,polite,8,18,0.540833592414856
methodA,truesmile,polite,8,19,0.543185830116272
methodA,ambiguous,polite,8,0,0.10427824407815933
methodA,ambiguous,polite,8,1,0.111786849796772
methodA,ambiguous,polite,8,2,0.11208737641572952
methodA,ambiguous,polite,8,3,0.17894303798675537
methodA,ambiguous,polite,8,4,0.22037771344184875
methodA,ambiguous,polite,8,5,0.23898884654045105
methodA,ambiguous,polite,8,6,0.4330541789531708
methodA,ambiguous,polite,8,7,0.5205764174461365
methodA,ambiguous,polite,8,8,0.43766456842422485
methodA,ambiguous,polite,8,9,0.39301326870918274
methodA,ambiguous,polite,8,10,0.347858190536499
methodA,ambiguous,polite,8,11,0.373445600271225
methodA,ambiguous,polite,8,12,0.34491613507270813
methodA,ambiguous,polite,8,13,0.4033733308315277
methodA,ambiguous,polite,8,14,0.35134902596473694
methodA,ambiguous,polite,8,15,0.365557998418808
methodA,ambiguous,polite,8,16,0.3756893575191498
methodA,ambiguous,polite,8,17,0.33634182810783386
methodA,ambiguous,polite,8,18,0.39195653796195984
methodA,ambiguous,polite,8,19,0.3802846372127533
methodA,polite,polite,9,0,0.11768370866775513
methodA,polite,polite,9,1,0.06494348496198654
methodA,polite,polite,9,2,0.23599795997142792
methodA,polite,polite,9,3,0.2828124761581421
methodA,polite,polite,9,4,0.3819534182548523
methodA,polite,polite,9,5,0.4648019075393677
methodA,polite,polite,9,6,0.5006920099258423
methodA,polite,polite,9,7,0.5590919852256775
methodA,polite,polite,9,8,0.4792501628398895
methodA,polite,polite,9,9,0.5689599514007568
methodA,polite,polite,9,10,0.545444905757904
methodA,polite,polite,9,11,0.606357753276825
methodA,polite,polite,9,12,0.5814746022224426
methodA,polite,polite,9,13,0.5874965190887451
methodA,polite,polite,9,14,0.6036850810050964
methodA,polite,polite,9,15,0.5764840245246887
methodA,polite,polite,9,16,0.6136090755462646
methodA,polite,polite,9,17,0.5806806683540344
methodA,polite,polite,9,18,0.5843207836151123
methodA,polite,polite,9,19,0.5986464023590088
methodA,truesmile,polite,9,0,0.1517091989517212
methodA,truesmile,polite,9,1,0.11658302694559097
methodA,truesmile,polite,9,2,0.2812041640281677
methodA,truesmile,polite,9,3,0.3513774573802948
methodA,truesmile,polite,9,4,0.4906560778617859
methodA,truesmile,polite,9,5,0.5629504919052124
methodA,truesmile,polite,9,6,0.593802273273468
methodA,truesmile,polite,9,7,0.6843389272689819
methodA,truesmile,polite,9,8,0.5911177396774292
methodA,truesmile,polite,9,9,0.6535558104515076
methodA,truesmile,polite,9,10,0.6736234426498413
methodA,truesmile,polite,9,11,0.7225949764251709
methodA,truesmile,polite,9,12,0.6729018688201904
methodA,truesmile,polite,9,13,0.6716194748878479
methodA,truesmile,polite,9,14,0.7016857862472534
methodA,truesmile,polite,9,15,0.6776494979858398
methodA,truesmile,polite,9,16,0.6687560677528381
methodA,truesmile,polite,9,17,0.6419693231582642
methodA,truesmile,polite,9,18,0.6263949275016785
methodA,truesmile,polite,9,19,0.656159520149231
methodA,ambiguous,polite,9,0,0.11746563017368317
methodA,ambiguous,polite,9,1,0.06651172041893005
methodA,ambiguous,polite,9,2,0.24085845053195953
methodA,ambiguous,polite,9,3,0.28937801718711853
methodA,ambiguous,polite,9,4,0.39473196864128113
methodA,ambiguous,polite,9,5,0.4804598391056061
methodA,ambiguous,polite,9,6,0.5043622255325317
methodA,ambiguous,polite,9,7,0.5752418637275696
methodA,ambiguous,polite,9,8,0.49924910068511963
methodA,ambiguous,polite,9,9,0.5617864727973938
methodA,ambiguous,polite,9,10,0.5753371715545654
methodA,ambiguous,polite,9,11,0.6439361572265625
methodA,ambiguous,polite,9,12,0.6060991883277893
methodA,ambiguous,polite,9,13,0.618393063545227
methodA,ambiguous,polite,9,14,0.6531031727790833
methodA,ambiguous,polite,9,15,0.5975760817527771
methodA,ambiguous,polite,9,16,0.6266430020332336
methodA,ambiguous,polite,9,17,0.5870663523674011
methodA,ambiguous,polite,9,18,0.5851607918739319
methodA,ambiguous,polite,9,19,0.5880865454673767
methodA,polite,truesmile,0,0,0.22599489986896515
methodA,polite,truesmile,0,1,0.2172808051109314
methodA,polite,truesmile,0,2,0.37671077251434326
methodA,polite,truesmile,0,3,0.520544171333313
methodA,polite,truesmile,0,4,0.527889609336853
methodA,polite,truesmile,0,5,0.6314154863357544
methodA,polite,truesmile,0,6,0.7129253149032593
methodA,polite,truesmile,0,7,0.7614457607269287
methodA,polite,truesmile,0,8,0.7782008647918701
methodA,polite,truesmile,0,9,0.8132155537605286
methodA,polite,truesmile,0,10,0.8388303518295288
methodA,polite,truesmile,0,11,0.866469144821167
methodA,polite,truesmile,0,12,0.8499465584754944
methodA,polite,truesmile,0,13,0.8096185922622681
methodA,polite,truesmile,0,14,0.8126994371414185
methodA,polite,truesmile,0,15,0.7978748679161072
methodA,polite,truesmile,0,16,0.80457603931427
methodA,polite,truesmile,0,17,0.8456400632858276
methodA,polite,truesmile,0,18,0.7951282858848572
methodA,polite,truesmile,0,19,0.8038017749786377
methodA,truesmile,truesmile,0,0,0.22204279899597168
methodA,truesmile,truesmile,0,1,0.20479251444339752
methodA,truesmile,truesmile,0,2,0.35978031158447266
methodA,truesmile,truesmile,0,3,0.45197394490242004
methodA,truesmile,truesmile,0,4,0.4653176963329315
methodA,truesmile,truesmile,0,5,0.5021347403526306
methodA,truesmile,truesmile,0,6,0.5405226349830627
methodA,truesmile,truesmile,0,7,0.5899869799613953
methodA,truesmile,truesmile,0,8,0.5774902701377869
methodA,truesmile,truesmile,0,9,0.5666464567184448
methodA,truesmile,truesmile,0,10,0.5905731320381165
methodA,truesmile,truesmile,0,11,0.6438943147659302
methodA,truesmile,truesmile,0,12,0.6322889924049377
methodA,truesmile,truesmile,0,13,0.6111423373222351
methodA,truesmile,truesmile,0,14,0.6301737427711487
methodA,truesmile,truesmile,0,15,0.6145850419998169
methodA,truesmile,truesmile,0,16,0.613204300403595
methodA,truesmile,truesmile,0,17,0.6362726092338562
methodA,truesmile,truesmile,0,18,0.6133880019187927
methodA,truesmile,truesmile,0,19,0.6343637704849243
methodA,ambiguous,truesmile,0,0,0.22362081706523895
methodA,ambiguous,truesmile,0,1,0.21589753031730652
methodA,ambiguous,truesmile,0,2,0.37178897857666016
methodA,ambiguous,truesmile,0,3,0.5047629475593567
methodA,ambiguous,truesmile,0,4,0.508746862411499
methodA,ambiguous,truesmile,0,5,0.60231614112854
methodA,ambiguous,truesmile,0,6,0.6776370406150818
methodA,ambiguous,truesmile,0,7,0.7122200131416321
methodA,ambiguous,truesmile,0,8,0.7179638147354126
methodA,ambiguous,truesmile,0,9,0.7380298376083374
methodA,ambiguous,truesmile,0,10,0.7632785439491272
methodA,ambiguous,truesmile,0,11,0.7910516262054443
methodA,ambiguous,truesmile,0,12,0.7723578214645386
methodA,ambiguous,truesmile,0,13,0.7280285954475403
methodA,ambiguous,truesmile,0,14,0.7281266450881958
methodA,ambiguous,truesmile,0,15,0.7163286805152893
methodA,ambiguous,truesmile,0,16,0.737334668636322
methodA,ambiguous,truesmile,0,17,0.7804993391036987
methodA,ambiguous,truesmile,0,18,0.7281924486160278
methodA,ambiguous,truesmile,0,19,0.7483924031257629
methodA,polite,truesmile,1,0,0.22385680675506592
methodA,polite,truesmile,1,1,0.3615744709968567
methodA,polite,truesmile,1,2,0.5495362877845764
methodA,polite,truesmile,1,3,0.5495800375938416
methodA,polite,truesmile,1,4,0.6747127175331116
methodA,polite,truesmile,1,5,0.6685241460800171
methodA,polite,truesmile,1,6,0.6972630023956299
methodA,polite,truesmile,1,7,0.6673513650894165
methodA,polite,truesmile,1,8,0.6694377064704895
methodA,polite,truesmile,1,9,0.6976258158683777
methodA,polite,truesmile,1,10,0.692019522190094
methodA,polite,truesmile,1,11,0.6986508965492249
methodA,polite,truesmile,1,12,0.6383947134017944
methodA,polite,truesmile,1,13,0.6550906300544739
methodA,polite,truesmile,1,14,0.6724786758422852
methodA,polite,truesmile,1,15,0.7289412617683411
methodA,polite,truesmile,1,16,0.6612173914909363
methodA,polite,truesmile,1,17,0.8581269383430481
methodA,polite,truesmile,1,18,0.6409531831741333
methodA,polite,truesmile,1,19,0.7325948476791382
methodA,truesmile,truesmile,1,0,0.18829089403152466
methodA,truesmile,truesmile,1,1,0.3202706575393677
methodA,truesmile,truesmile,1,2,0.49504750967025757
methodA,truesmile,truesmile,1,3,0.4808655381202698
methodA,truesmile,truesmile,1,4,0.5554202198982239
methodA,truesmile,truesmile,1,5,0.5147927403450012
methodA,truesmile,truesmile,1,6,0.5166663527488708
methodA,truesmile,truesmile,1,7,0.4728700816631317
methodA,truesmile,truesmile,1,8,0.4699172377586365
methodA,truesmile,truesmile,1,9,0.4836650788784027
methodA,truesmile,truesmile,1,10,0.49261829257011414
methodA,truesmile,truesmile,1,11,0.5329194664955139
methodA,truesmile,truesmile,1,12,0.4583183825016022
methodA,truesmile,truesmile,1,13,0.4724333882331848
methodA,truesmile,truesmile,1,14,0.4796598255634308
methodA,truesmile,truesmile,1,15,0.48586466908454895
methodA,truesmile,truesmile,1,16,0.43199777603149414
methodA,truesmile,truesmile,1,17,0.6833557486534119
methodA,truesmile,truesmile,1,18,0.4492115378379822
methodA,truesmile,truesmile,1,19,0.545174241065979
methodA,ambiguous,truesmile,1,0,0.2259717583656311
methodA,ambiguous,truesmile,1,1,0.36273956298828125
methodA,ambiguous,truesmile,1,2,0.5458855032920837
methodA,ambiguous,truesmile,1,3,0.5374282598495483
methodA,ambiguous,truesmile,1,4,0.6599127054214478
methodA,ambiguous,truesmile,1,5,0.65371173620224
methodA,ambiguous,truesmile,1,6,0.6675301790237427
methodA,ambiguous,truesmile,1,7,0.6117833256721497
methodA,ambiguous,truesmile,1,8,0.6088102459907532
methodA,ambiguous,truesmile,1,9,0.6367696523666382
methodA,ambiguous,truesmile,1,10,0.6250454187393188
methodA,ambiguous,truesmile,1,11,0.6434588432312012
methodA,ambiguous,truesmile,1,12,0.59055495262146
methodA,ambiguous,truesmile,1,13,0.639582633972168
methodA,ambiguous,truesmile,1,14,0.6558161377906799
methodA,ambiguous,truesmile,1,15,0.7081634402275085
methodA,ambiguous,truesmile,1,16,0.6285569071769714
methodA,ambiguous,truesmile,1,17,0.8123394250869751
methodA,ambiguous,truesmile,1,18,0.6073639392852783
methodA,ambiguous,truesmile,1,19,0.6879081726074219
methodA,polite,truesmile,2,0,0.12886521220207214
methodA,polite,truesmile,2,1,0.16283905506134033
methodA,polite,truesmile,2,2,0.32755064964294434
methodA,polite,truesmile,2,3,0.3138226270675659
methodA,polite,truesmile,2,4,0.41837242245674133
methodA,polite,truesmile,2,5,0.42631393671035767
methodA,polite,truesmile,2,6,0.4344661831855774
methodA,polite,truesmile,2,7,0.4329639971256256
methodA,polite,truesmile,2,8,0.4648940861225128
methodA,polite,truesmile,2,9,0.41285568475723267
methodA,polite,truesmile,2,10,0.42003560066223145
methodA,polite,truesmile,2,11,0.4156034290790558
methodA,polite,truesmile,2,12,0.4759006202220917
methodA,polite,truesmile,2,13,0.5321110486984253
methodA,polite,truesmile,2,14,0.602030873298645
methodA,polite,truesmile,2,15,0.5939149856567383
methodA,polite,truesmile,2,16,0.5937150716781616
methodA,polite,truesmile,2,17,0.5859068036079407
methodA,polite,truesmile,2,18,0.6165366768836975
methodA,polite,truesmile,2,19,0.6101395487785339
methodA,truesmile,truesmile,2,0,0.1260858029127121
methodA,truesmile,truesmile,2,1,0.16080529987812042
methodA,truesmile,truesmile,2,2,0.34241923689842224
methodA,truesmile,truesmile,2,3,0.3402353823184967
methodA,truesmile,truesmile,2,4,0.3644137680530548
methodA,truesmile,truesmile,2,5,0.34800469875335693
methodA,truesmile,truesmile,2,6,0.36956819891929626
methodA,truesmile,truesmile,2,7,0.3626696765422821
methodA,truesmile,truesmile,2,8,0.38406702876091003
methodA,truesmile,truesmile,2,9,0.3961092233657837
methodA,truesmile,truesmile,2,10,0.40536895394325256
methodA,truesmile,truesmile,2,11,0.42858007550239563
methodA,truesmile,truesmile,2,12,0.4353896379470825
methodA,truesmile,truesmile,2,13,0.4853707551956177
methodA,truesmile,truesmile,2,14,0.5570014119148254
methodA,truesmile,truesmile,2,15,0.5138099789619446
methodA,truesmile,truesmile,2,16,0.516246497631073
methodA,truesmile,truesmile,2,17,0.5296481847763062
methodA,truesmile,truesmile,2,18,0.5814929604530334
methodA,truesmile,truesmile,2,19,0.5678243637084961
methodA,ambiguous,truesmile,2,0,0.12841850519180298
methodA,ambiguous,truesmile,2,1,0.1615082174539566
methodA,ambiguous,truesmile,2,2,0.32765182852745056
methodA,ambiguous,truesmile,2,3,0.3120448887348175
methodA,ambiguous,truesmile,2,4,0.4007459282875061
methodA,ambiguous,truesmile,2,5,0.3928825259208679
methodA,ambiguous,truesmile,2,6,0.40085482597351074
methodA,ambiguous,truesmile,2,7,0.3878486752510071
methodA,ambiguous,truesmile,2,8,0.41040825843811035
methodA,ambiguous,truesmile,2,9,0.36886557936668396
methodA,ambiguous,truesmile,2,10,0.378418892621994
methodA,ambiguous,truesmile,2,11,0.40728580951690674
methodA,ambiguous,truesmile,2,12,0.44241616129875183
methodA,ambiguous,truesmile,2,13,0.5406138300895691
methodA,ambiguous,truesmile,2,14,0.6222772002220154
methodA,ambiguous,truesmile,2,15,0.5940639972686768
methodA,ambiguous,truesmile,2,16,0.6021804809570312
methodA,ambiguous,truesmile,2,17,0.5931100249290466
methodA,ambiguous,truesmile,2,18,0.5988833904266357
methodA,ambiguous,truesmile,2,19,0.6032358407974243
methodA,polite,truesmile,3,0,0.23098739981651306
methodA,polite,truesmile,3,1,0.20385174453258514
methodA,polite,truesmile,3,2,0.3465910851955414
methodA,polite,truesmile,3,3,0.41970008611679077
methodA,polite,truesmile,3,4,0.4890511929988861
methodA,polite,truesmile,3,5,0.5132731199264526
methodA,polite,truesmile,3,6,0.5435454249382019
methodA,polite,truesmile,3,7,0.5980328917503357
methodA,polite,truesmile,3,8,0.6003024578094482
methodA,polite,truesmile,3,9,0.6627907752990723
methodA,polite,truesmile,3,10,0.6485244631767273
methodA,polite,truesmile,3,11,0.6525356769561768
methodA,polite,truesmile,3,12,0.6767093539237976
methodA,polite,truesmile,3,13,0.6450080275535583
methodA,polite,truesmile,3,14,0.6707795858383179
methodA,polite,truesmile,3,15,0.6614869832992554
methodA,polite,truesmile,3,16,0.6658694744110107
methodA,polite,truesmile,3,17,0.6644228100776672
methodA,polite,truesmile,3,18,0.6469957232475281
methodA,polite,truesmile,3,19,0.6609504818916321
methodA,truesmile,truesmile,3,0,0.19674624502658844
methodA,truesmile,truesmile,3,1,0.17996317148208618
methodA,truesmile,truesmile,3,2,0.3264525830745697
methodA,truesmile,truesmile,3,3,0.3673819303512573
methodA,truesmile,truesmile,3,4,0.4258432686328888
methodA,truesmile,truesmile,3,5,0.43615207076072693
methodA,truesmile,truesmile,3,6,0.4590424597263336
methodA,truesmile,truesmile,3,7,0.4800461530685425
methodA,truesmile,truesmile,3,8,0.4759407937526703
methodA,truesmile,truesmile,3,9,0.5040186643600464
methodA,truesmile,truesmile,3,10,0.4610525965690613
methodA,truesmile,truesmile,3,11,0.4537045657634735
methodA,truesmile,truesmile,3,12,0.4788515567779541
methodA,truesmile,truesmile,3,13,0.49947455525398254
methodA,truesmile,truesmile,3,14,0.5332863926887512
methodA,truesmile,truesmile,3,15,0.5314571261405945
methodA,truesmile,truesmile,3,16,0.5525000691413879
methodA,truesmile,truesmile,3,17,0.5374673008918762
methodA,truesmile,truesmile,3,18,0.49080634117126465
methodA,truesmile,truesmile,3,19,0.5257826447486877
methodA,ambiguous,truesmile,3,0,0.23275110125541687
methodA,ambiguous,truesmile,3,1,0.20440106093883514
methodA,ambiguous,truesmile,3,2,0.35020193457603455
methodA,ambiguous,truesmile,3,3,0.4146943688392639
methodA,ambiguous,truesmile,3,4,0.4821380078792572
methodA,ambiguous,truesmile,3,5,0.5066120624542236
methodA,ambiguous,truesmile,3,6,0.5293663740158081
methodA,ambiguous,truesmile,3,7,0.563819408416748
methodA,ambiguous,truesmile,3,8,0.5521430969238281
methodA,ambiguous,truesmile,3,9,0.5963249802589417
methodA,ambiguous,truesmile,3,10,0.5820338726043701
methodA,ambiguous,truesmile,3,11,0.5890933871269226
methodA,ambiguous,truesmile,3,12,0.6135221719741821
methodA,ambiguous,truesmile,3,13,0.5872251391410828
methodA,ambiguous,truesmile,3,14,0.6066679358482361
methodA,ambiguous,truesmile,3,15,0.5988608002662659
methodA,ambiguous,truesmile,3,16,0.609629213809967
methodA,ambiguous,truesmile,3,17,0.6052407622337341
methodA,ambiguous,truesmile,3,18,0.5915285348892212
methodA,ambiguous,truesmile,3,19,0.5972161293029785
methodA,polite,truesmile,4,0,0.21852967143058777
methodA,polite,truesmile,4,1,0.19900630414485931
methodA,polite,truesmile,4,2,0.460938036441803
methodA,polite,truesmile,4,3,0.8028784990310669
methodA,polite,truesmile,4,4,0.8360255360603333
methodA,polite,truesmile,4,5,0.8864292502403259
methodA,polite,truesmile,4,6,0.8956321477890015
methodA,polite,truesmile,4,7,0.8939406871795654
methodA,polite,truesmile,4,8,0.9161608219146729
methodA,polite,truesmile,4,9,0.8260869979858398
methodA,polite,truesmile,4,10,0.8278491497039795
methodA,polite,truesmile,4,11,0.8239811062812805
methodA,polite,truesmile,4,12,0.7811212539672852
methodA,polite,truesmile,4,13,0.8043513894081116
methodA,polite,truesmile,4,14,0.7917575240135193
methodA,polite,truesmile,4,15,0.7743852138519287
methodA,polite,truesmile,4,16,0.7808501124382019
methodA,polite,truesmile,4,17,0.7426851987838745
methodA,polite,truesmile,4,18,0.7099774479866028
methodA,polite,truesmile,4,19,0.7262207269668579
methodA,truesmile,truesmile,4,0,0.21415098011493683
methodA,truesmile,truesmile,4,1,0.17922696471214294
methodA,truesmile,truesmile,4,2,0.4403873383998871
methodA,truesmile,truesmile,4,3,0.7181814908981323
methodA,truesmile,truesmile,4,4,0.751272976398468
methodA,truesmile,truesmile,4,5,0.7887400984764099
methodA,truesmile,truesmile,4,6,0.8015251159667969
methodA,truesmile,truesmile,4,7,0.7858222723007202
methodA,truesmile,truesmile,4,8,0.7812719941139221
methodA,truesmile,truesmile,4,9,0.6704104542732239
methodA,truesmile,truesmile,4,10,0.6257656216621399
methodA,truesmile,truesmile,4,11,0.6283354163169861
methodA,truesmile,truesmile,4,12,0.5787424445152283
methodA,truesmile,truesmile,4,13,0.6269733905792236
methodA,truesmile,truesmile,4,14,0.640214204788208
methodA,truesmile,truesmile,4,15,0.6014522910118103
methodA,truesmile,truesmile,4,16,0.5867277383804321
methodA,truesmile,truesmile,4,17,0.5289614200592041
methodA,truesmile,truesmile,4,18,0.5271749496459961
methodA,truesmile,truesmile,4,19,0.5521425008773804
methodA,ambiguous,truesmile,4,0,0.2212492823600769
methodA,ambiguous,truesmile,4,1,0.199508398771286
methodA,ambiguous,truesmile,4,2,0.46239373087882996
methodA,ambiguous,truesmile,4,3,0.7918925881385803
methodA,ambiguous,truesmile,4,4,0.8224676251411438
methodA,ambiguous,truesmile,4,5,0.8672624230384827
methodA,ambiguous,truesmile,4,6,0.8691619038581848
methodA,ambiguous,truesmile,4,7,0.8492060899734497
methodA,ambiguous,truesmile,4,8,0.8547331690788269
methodA,ambiguous,truesmile,4,9,0.7564839720726013
methodA,ambiguous,truesmile,4,10,0.7491528391838074
methodA,ambiguous,truesmile,4,11,0.7502892017364502
methodA,ambiguous,truesmile,4,12,0.7136241793632507
methodA,ambiguous,truesmile,4,13,0.7480319142341614
methodA,ambiguous,truesmile,4,14,0.7487028241157532
methodA,ambiguous,truesmile,4,15,0.733741044998169
methodA,ambiguous,truesmile,4,16,0.7363409399986267
methodA,ambiguous,truesmile,4,17,0.6954649090766907
methodA,ambiguous,truesmile,4,18,0.6622280478477478
methodA,ambiguous,truesmile,4,19,0.6814968585968018
methodA,polite,truesmile,5,0,0.3815735876560211
methodA,polite,truesmile,5,1,0.15970225632190704
methodA,polite,truesmile,5,2,0.36447057127952576
methodA,polite,truesmile,5,3,0.3841403126716614
methodA,polite,truesmile,5,4,0.47873395681381226
methodA,polite,truesmile,5,5,0.5209441184997559
methodA,polite,truesmile,5,6,0.5866072773933411
methodA,polite,truesmile,5,7,0.5833542943000793
methodA,polite,truesmile,5,8,0.6210153698921204
methodA,polite,truesmile,5,9,0.5941518545150757
methodA,polite,truesmile,5,10,0.5865405201911926
methodA,polite,truesmile,5,11,0.5715636014938354
methodA,polite,truesmile,5,12,0.6070674061775208
methodA,polite,truesmile,5,13,0.667441725730896
methodA,polite,truesmile,5,14,0.7012748718261719
methodA,polite,truesmile,5,15,0.7273589968681335
methodA,polite,truesmile,5,16,0.7733338475227356
methodA,polite,truesmile,5,17,0.7166175842285156
methodA,polite,truesmile,5,18,0.6460713148117065
methodA,polite,truesmile,5,19,0.6214231848716736
methodA,truesmile,truesmile,5,0,0.3550646901130676
methodA,truesmile,truesmile,5,1,0.1452770233154297
methodA,truesmile,truesmile,5,2,0.3182647228240967
methodA,truesmile,truesmile,5,3,0.38277336955070496
methodA,truesmile,truesmile,5,4,0.4612227976322174
methodA,truesmile,truesmile,5,5,0.5005960464477539
methodA,truesmile,truesmile,5,6,0.5614853501319885
methodA,truesmile,truesmile,5,7,0.6025209426879883
methodA,truesmile,truesmile,5,8,0.642135739326477
methodA,truesmile,truesmile,5,9,0.5859948396682739
methodA,truesmile,truesmile,5,10,0.5645691156387329
methodA,truesmile,truesmile,5,11,0.5473958849906921
methodA,truesmile,truesmile,5,12,0.564711332321167
methodA,truesmile,truesmile,5,13,0.599821150302887
methodA,truesmile,truesmile,5,14,0.61212158203125
methodA,truesmile,truesmile,5,15,0.6220287084579468
methodA,truesmile,truesmile,5,16,0.6739763021469116
methodA,truesmile,truesmile,5,17,0.6939627528190613
methodA,truesmile,truesmile,5,18,0.5858249664306641
methodA,truesmile,truesmile,5,19,0.5488359928131104
methodA,ambiguous,truesmile,5,0,0.3821881413459778
methodA,ambiguous,truesmile,5,1,0.1595710664987564
methodA,ambiguous,truesmile,5,2,0.3668780028820038
methodA,ambiguous,truesmile,5,3,0.37837982177734375
methodA,ambiguous,truesmile,5,4,0.47361838817596436
methodA,ambiguous,truesmile,5,5,0.508375346660614
methodA,ambiguous,truesmile,5,6,0.5743539333343506
methodA,ambiguous,truesmile,5,7,0.5898537635803223
methodA,ambiguous,truesmile,5,8,0.6402102708816528
methodA,ambiguous,truesmile,5,9,0.5961821675300598
methodA,ambiguous,truesmile,5,10,0.5797697901725769
methodA,ambiguous,truesmile,5,11,0.5828303098678589
methodA,ambiguous,truesmile,5,12,0.5999019742012024
methodA,ambiguous,truesmile,5,13,0.6805007457733154
methodA,ambiguous,truesmile,5,14,0.7226844429969788
methodA,ambiguous,truesmile,5,15,0.7411356568336487
methodA,ambiguous,truesmile,5,16,0.7700842618942261
methodA,ambiguous,truesmile,5,17,0.7228685021400452
methodA,ambiguous,truesmile,5,18,0.6595419049263
methodA,ambiguous,truesmile,5,19,0.6237053871154785
methodA,polite,ambiguous,0,0,0.08667075634002686
methodA,polite,ambiguous,0,1,0.07254322618246078
methodA,polite,ambiguous,0,2,0.09907424449920654
methodA,polite,ambiguous,0,3,0.12313155829906464
methodA,polite,ambiguous,0,4,0.18638785183429718
methodA,polite,ambiguous,0,5,0.2995508015155792
methodA,polite,ambiguous,0,6,0.40293970704078674
methodA,polite,ambiguous,0,7,0.4953734278678894
methodA,polite,ambiguous,0,8,0.5216413140296936
methodA,polite,ambiguous,0,9,0.545779824256897
methodA,polite,ambiguous,0,10,0.5503983497619629
methodA,polite,ambiguous,0,11,0.5707629323005676
methodA,polite,ambiguous,0,12,0.5606733560562134
methodA,polite,ambiguous,0,13,0.5406360626220703
methodA,polite,ambiguous,0,14,0.5340855121612549
methodA,polite,ambiguous,0,15,0.5374639630317688
methodA,polite,ambiguous,0,16,0.5494330525398254
methodA,polite,ambiguous,0,17,0.5470020771026611
methodA,polite,ambiguous,0,18,0.5321289896965027
methodA,polite,ambiguous,0,19,0.5036802291870117
methodA,truesmile,ambiguous,0,0,0.1253756880760193
methodA,truesmile,ambiguous,0,1,0.11930068582296371
methodA,truesmile,ambiguous,0,2,0.17329074442386627
methodA,truesmile,ambiguous,0,3,0.2536809742450714
methodA,truesmile,ambiguous,0,4,0.31799569725990295
methodA,truesmile,ambiguous,0,5,0.40704044699668884
methodA,truesmile,ambiguous,0,6,0.5061367750167847
methodA,truesmile,ambiguous,0,7,0.5669571757316589
methodA,truesmile,ambiguous,0,8,0.5814887881278992
methodA,truesmile,ambiguous,0,9,0.5971606969833374
methodA,truesmile,ambiguous,0,10,0.5935534834861755
methodA,truesmile,ambiguous,0,11,0.5945504307746887
methodA,truesmile,ambiguous,0,12,0.5523516535758972
methodA,truesmile,ambiguous,0,13,0.5498456358909607
methodA,truesmile,ambiguous,0,14,0.5417103171348572
methodA,truesmile,ambiguous,0,15,0.5736941695213318
methodA,truesmile,ambiguous,0,16,0.5929574966430664
methodA,truesmile,ambiguous,0,17,0.5779819488525391
methodA,truesmile,ambiguous,0,18,0.5351174473762512
methodA,truesmile,ambiguous,0,19,0.5363123416900635
methodA,ambiguous,ambiguous,0,0,0.08317838609218597
methodA,ambiguous,ambiguous,0,1,0.07027258723974228
methodA,ambiguous,ambiguous,0,2,0.09834722429513931
methodA,ambiguous,ambiguous,0,3,0.13217401504516602
methodA,ambiguous,ambiguous,0,4,0.19299857318401337
methodA,ambiguous,ambiguous,0,5,0.28926995396614075
methodA,ambiguous,ambiguous,0,6,0.3996718227863312
methodA,ambiguous,ambiguous,0,7,0.49683451652526855
methodA,ambiguous,ambiguous,0,8,0.5224671959877014
methodA,ambiguous,ambiguous,0,9,0.530636727809906
methodA,ambiguous,ambiguous,0,10,0.5326024889945984
methodA,ambiguous,ambiguous,0,11,0.5474021434783936
methodA,ambiguous,ambiguous,0,12,0.5214404463768005
methodA,ambiguous,ambiguous,0,13,0.49906688928604126
methodA,ambiguous,ambiguous,0,14,0.49837037920951843
methodA,ambiguous,ambiguous,0,15,0.49265140295028687
methodA,ambiguous,ambiguous,0,16,0.49706214666366577
methodA,ambiguous,ambiguous,0,17,0.4998666048049927
methodA,ambiguous,ambiguous,0,18,0.4951554238796234
methodA,ambiguous,ambiguous,0,19,0.4649350643157959
methodA,polite,ambiguous,1,0,0.07984460145235062
methodA,polite,ambiguous,1,1,0.08883878588676453
methodA,polite,ambiguous,1,2,0.2780943512916565
methodA,polite,ambiguous,1,3,0.2886185646057129
methodA,polite,ambiguous,1,4,0.3301749527454376
methodA,polite,ambiguous,1,5,0.33754459023475647
methodA,polite,ambiguous,1,6,0.4172933101654053
methodA,polite,ambiguous,1,7,0.4193180203437805
methodA,polite,ambiguous,1,8,0.5076702833175659
methodA,polite,ambiguous,1,9,0.5901041030883789
methodA,polite,ambiguous,1,10,0.6515628695487976
methodA,polite,ambiguous,1,11,0.7116105556488037
methodA,polite,ambiguous,1,12,0.7180442810058594
methodA,polite,ambiguous,1,13,0.6854393482208252
methodA,polite,ambiguous,1,14,0.675045371055603
methodA,polite,ambiguous,1,15,0.6721628308296204
methodA,polite,ambiguous,1,16,0.660449206829071
methodA,polite,ambiguous,1,17,0.5882439017295837
methodA,polite,ambiguous,1,18,0.6054816842079163
methodA,polite,ambiguous,1,19,0.6351456642150879
methodA,truesmile,ambiguous,1,0,0.11740848422050476
methodA,truesmile,ambiguous,1,1,0.12691669166088104
methodA,truesmile,ambiguous,1,2,0.3066508173942566
methodA,truesmile,ambiguous,1,3,0.3480839729309082
methodA,truesmile,ambiguous,1,4,0.4215356111526489
methodA,truesmile,ambiguous,1,5,0.4519345462322235
methodA,truesmile,ambiguous,1,6,0.5265036225318909
methodA,truesmile,ambiguous,1,7,0.4950092136859894
methodA,truesmile,ambiguous,1,8,0.5643922686576843
methodA,truesmile,ambiguous,1,9,0.620659351348877
methodA,truesmile,ambiguous,1,10,0.6605090498924255
methodA,truesmile,ambiguous,1,11,0.6735987067222595
methodA,truesmile,ambiguous,1,12,0.699100911617279
methodA,truesmile,ambiguous,1,13,0.6891695261001587
methodA,truesmile,ambiguous,1,14,0.697762668132782
methodA,truesmile,ambiguous,1,15,0.7107504606246948
methodA,truesmile,ambiguous,1,16,0.6829777359962463
methodA,truesmile,ambiguous,1,17,0.6019867062568665
methodA,truesmile,ambiguous,1,18,0.6143704056739807
methodA,truesmile,ambiguous,1,19,0.6178114414215088
methodA,ambiguous,ambiguous,1,0,0.07916929572820663
methodA,ambiguous,ambiguous,1,1,0.09026322513818741
methodA,ambiguous,ambiguous,1,2,0.2766168713569641
methodA,ambiguous,ambiguous,1,3,0.2918999493122101
methodA,ambiguous,ambiguous,1,4,0.332889199256897
methodA,ambiguous,ambiguous,1,5,0.34668487310409546
methodA,ambiguous,ambiguous,1,6,0.42757904529571533
methodA,ambiguous,ambiguous,1,7,0.40460914373397827
methodA,ambiguous,ambiguous,1,8,0.4891517162322998
methodA,ambiguous,ambiguous,1,9,0.5523678660392761
methodA,ambiguous,ambiguous,1,10,0.6040784120559692
methodA,ambiguous,ambiguous,1,11,0.6492028832435608
methodA,ambiguous,ambiguous,1,12,0.6631848812103271
methodA,ambiguous,ambiguous,1,13,0.6308063864707947
methodA,ambiguous,ambiguous,1,14,0.6244589686393738
methodA,ambiguous,ambiguous,1,15,0.6218056082725525
methodA,ambiguous,ambiguous,1,16,0.6320748925209045
methodA,ambiguous,ambiguous,1,17,0.5610268712043762
methodA,ambiguous,ambiguous,1,18,0.5839097499847412
methodA,ambiguous,ambiguous,1,19,0.6209917068481445
methodA,polite,ambiguous,10,0,0.17114877700805664
methodA,polite,ambiguous,10,1,0.059961628168821335
methodA,polite,ambiguous,10,2,0.375186562538147
methodA,polite,ambiguous,10,3,0.5427480340003967
methodA,polite,ambiguous,10,4,0.7013875842094421
methodA,polite,ambiguous,10,5,0.6997785568237305
methodA,polite,ambiguous,10,6,0.687722384929657
methodA,polite,ambiguous,10,7,0.6675961017608643
methodA,polite,ambiguous,10,8,0.6711196899414062
methodA,polite,ambiguous,10,9,0.662680983543396
methodA,polite,ambiguous,10,10,0.6519565582275391
methodA,polite,ambiguous,10,11,0.6214306950569153
methodA,polite,ambiguous,10,12,0.5839481353759766
methodA,polite,ambiguous,10,13,0.5607457160949707
methodA,polite,ambiguous,10,14,0.5478895902633667
methodA,polite,ambiguous,10,15,0.5531025528907776
methodA,polite,ambiguous,10,16,0.5352263450622559
methodA,polite,ambiguous,10,17,0.544891357421875
methodA,polite,ambiguous,10,18,0.5797799825668335
methodA,polite,ambiguous,10,19,0.5611850619316101
methodA,truesmile,ambiguous,10,0,0.2027451992034912
methodA,truesmile,ambiguous,10,1,0.11120270192623138
methodA,truesmile,ambiguous,10,2,0.4075784981250763
methodA,truesmile,ambiguous,10,3,0.5314879417419434
methodA,truesmile,ambiguous,10,4,0.6734227538108826
methodA,truesmile,ambiguous,10,5,0.6851983070373535
methodA,truesmile,ambiguous,10,6,0.6760150790214539
methodA,truesmile,ambiguous,10,7,0.6777569055557251
methodA,truesmile,ambiguous,10,8,0.6974026560783386
methodA,truesmile,ambiguous,10,9,0.7023177146911621
methodA,truesmile,ambiguous,10,10,0.696269154548645
methodA,truesmile,ambiguous,10,11,0.7020534873008728
methodA,truesmile,ambiguous,10,12,0.7041983604431152
methodA,truesmile,ambiguous,10,13,0.7122437953948975
methodA,truesmile,ambiguous,10,14,0.7230079174041748
methodA,truesmile,ambiguous,10,15,0.7434942126274109
methodA,truesmile,ambiguous,10,16,0.7379531860351562
methodA,truesmile,ambiguous,10,17,0.7474038004875183
methodA,truesmile,ambiguous,10,18,0.7311956286430359
methodA,truesmile,ambiguous,10,19,0.7248212099075317
methodA,ambiguous,ambiguous,10,0,0.16663439571857452
methodA,ambiguous,ambiguous,10,1,0.05820225551724434
methodA,ambiguous,ambiguous,10,2,0.369966059923172
methodA,ambiguous,ambiguous,10,3,0.5301089286804199
methodA,ambiguous,ambiguous,10,4,0.6870865225791931
methodA,ambiguous,ambiguous,10,5,0.681308388710022
methodA,ambiguous,ambiguous,10,6,0.655727207660675
methodA,ambiguous,ambiguous,10,7,0.6202218532562256
methodA,ambiguous,ambiguous,10,8,0.6124844551086426
methodA,ambiguous,ambiguous,10,9,0.5961642265319824
methodA,ambiguous,ambiguous,10,10,0.5820809602737427
methodA,ambiguous,ambiguous,10,11,0.5607131123542786
methodA,ambiguous,ambiguous,10,12,0.5493424534797668
methodA,ambiguous,ambiguous,10,13,0.5404537916183472
methodA,ambiguous,ambiguous,10,14,0.5416439175605774
methodA,ambiguous,ambiguous,10,15,0.5351373553276062
methodA,ambiguous,ambiguous,10,16,0.5455945134162903
methodA,ambiguous,ambiguous,10,17,0.558611273765564
methodA,ambiguous,ambiguous,10,18,0.5724725723266602
methodA,ambiguous,ambiguous,10,19,0.5668475031852722
methodA,polite,ambiguous,11,0,0.1635964810848236
methodA,polite,ambiguous,11,1,0.11532595008611679
methodA,polite,ambiguous,11,2,0.2036168873310089
methodA,polite,ambiguous,11,3,0.1861051321029663
methodA,polite,ambiguous,11,4,0.2896564304828644
methodA,polite,ambiguous,11,5,0.4222787916660309
methodA,polite,ambiguous,11,6,0.48988673090934753
methodA,polite,ambiguous,11,7,0.5147870779037476
methodA,polite,ambiguous,11,8,0.5327215194702148
methodA,polite,ambiguous,11,9,0.5199130773544312
methodA,polite,ambiguous,11,10,0.5798461437225342
methodA,polite,ambiguous,11,11,0.5985206961631775
methodA,polite,ambiguous,11,12,0.6505532264709473
methodA,polite,ambiguous,11,13,0.6852033734321594
methodA,polite,ambiguous,11,14,0.6636468172073364
methodA,polite,ambiguous,11,15,0.6134357452392578
methodA,polite,ambiguous,11,16,0.6541261076927185
methodA,polite,ambiguous,11,17,0.6571936011314392
methodA,polite,ambiguous,11,18,0.6566503047943115
methodA,polite,ambiguous,11,19,0.6624118685722351
methodA,truesmile,ambiguous,11,0,0.19103486835956573
methodA,truesmile,ambiguous,11,1,0.1446632295846939
methodA,truesmile,ambiguous,11,2,0.23468470573425293
methodA,truesmile,ambiguous,11,3,0.2875904440879822
methodA,truesmile,ambiguous,11,4,0.3914710581302643
methodA,truesmile,ambiguous,11,5,0.5396963953971863
methodA,truesmile,ambiguous,11,6,0.5746698975563049
methodA,truesmile,ambiguous,11,7,0.5767097473144531
methodA,truesmile,ambiguous,11,8,0.5843231081962585
methodA,truesmile,ambiguous,11,9,0.5891006588935852
methodA,truesmile,ambiguous,11,10,0.6729692220687866
methodA,truesmile,ambiguous,11,11,0.705051839351654
methodA,truesmile,ambiguous,11,12,0.7413895130157471
methodA,truesmile,ambiguous,11,13,0.7476913928985596
methodA,truesmile,ambiguous,11,14,0.7303813695907593
methodA,truesmile,ambiguous,11,15,0.7044833302497864
methodA,truesmile,ambiguous,11,16,0.6971721649169922
methodA,truesmile,ambiguous,11,17,0.7040110230445862
methodA,truesmile,ambiguous,11,18,0.667814314365387
methodA,truesmile,ambiguous,11,19,0.6971365809440613
methodA,ambiguous,ambiguous,11,0,0.15637047588825226
methodA,ambiguous,ambiguous,11,1,0.11066743731498718
methodA,ambiguous,ambiguous,11,2,0.20699182152748108
methodA,ambiguous,ambiguous,11,3,0.19110052287578583
methodA,ambiguous,ambiguous,11,4,0.2926323413848877
methodA,ambiguous,ambiguous,11,5,0.44181281328201294
methodA,ambiguous,ambiguous,11,6,0.48289430141448975
methodA,ambiguous,ambiguous,11,7,0.497389018535614
methodA,ambiguous,ambiguous,11,8,0.5137854218482971
methodA,ambiguous,ambiguous,11,9,0.4828983247280121
methodA,ambiguous,ambiguous,11,10,0.5492523312568665
methodA,ambiguous,ambiguous,11,11,0.5586204528808594
methodA,ambiguous,ambiguous,11,12,0.6155805587768555
methodA,ambiguous,ambiguous,11,13,0.6397343277931213
methodA,ambiguous,ambiguous,11,14,0.6131718158721924
methodA,ambiguous,ambiguous,11,15,0.5605109333992004
methodA,ambiguous,ambiguous,11,16,0.6118320822715759
methodA,ambiguous,ambiguous,11,17,0.6055311560630798
methodA,ambiguous,ambiguous,11,18,0.6184643507003784
methodA,ambiguous,ambiguous,11,19,0.6304289102554321
methodA,polite,ambiguous,12,0,0.18902236223220825
methodA,polite,ambiguous,12,1,0.09822294861078262
methodA,polite,ambiguous,12,2,0.17178969085216522
methodA,polite,ambiguous,12,3,0.24983364343643188
methodA,polite,ambiguous,12,4,0.35555848479270935
methodA,polite,ambiguous,12,5,0.4257020056247711
methodA,polite,ambiguous,12,6,0.5929740071296692
methodA,polite,ambiguous,12,7,0.5753985643386841
methodA,polite,ambiguous,12,8,0.5602160692214966
methodA,polite,ambiguous,12,9,0.5603653788566589
methodA,polite,ambiguous,12,10,0.5698807239532471
methodA,polite,ambiguous,12,11,0.5328716039657593
methodA,polite,ambiguous,12,12,0.5262929797172546
methodA,polite,ambiguous,12,13,0.5990450978279114
methodA,polite,ambiguous,12,14,0.6258164644241333
methodA,polite,ambiguous,12,15,0.6387825608253479
methodA,polite,ambiguous,12,16,0.6268495321273804
methodA,polite,ambiguous,12,17,0.6362701654434204
methodA,polite,ambiguous,12,18,0.6211633682250977
methodA,polite,ambiguous,12,19,0.5795665383338928
methodA,truesmile,ambiguous,12,0,0.19813606142997742
methodA,truesmile,ambiguous,12,1,0.12532049417495728
methodA,truesmile,ambiguous,12,2,0.2176952064037323
methodA,truesmile,ambiguous,12,3,0.2593318223953247
methodA,truesmile,ambiguous,12,4,0.3679366409778595
methodA,truesmile,ambiguous,12,5,0.369196355342865
methodA,truesmile,ambiguous,12,6,0.5031881928443909
methodA,truesmile,ambiguous,12,7,0.47643470764160156
methodA,truesmile,ambiguous,12,8,0.46265465021133423
methodA,truesmile,ambiguous,12,9,0.4695379137992859
methodA,truesmile,ambiguous,12,10,0.4602668285369873
methodA,truesmile,ambiguous,12,11,0.43641728162765503
methodA,truesmile,ambiguous,12,12,0.44568774104118347
methodA,truesmile,ambiguous,12,13,0.5650950074195862
methodA,truesmile,ambiguous,12,14,0.5942556262016296
methodA,truesmile,ambiguous,12,15,0.6126905679702759
methodA,truesmile,ambiguous,12,16,0.5682827234268188
methodA,truesmile,ambiguous,12,17,0.5402641296386719
methodA,truesmile,ambiguous,12,18,0.5242677330970764
methodA,truesmile,ambiguous,12,19,0.5198690295219421
methodA,ambiguous,ambiguous,12,0,0.18343816697597504
methodA,ambiguous,ambiguous,12,1,0.09502916783094406
methodA,ambiguous,ambiguous,12,2,0.17167985439300537
methodA,ambiguous,ambiguous,12,3,0.2412770390510559
methodA,ambiguous,ambiguous,12,4,0.3452780246734619
methodA,ambiguous,ambiguous,12,5,0.39977341890335083
methodA,ambiguous,ambiguous,12,6,0.5472462773323059
methodA,ambiguous,ambiguous,12,7,0.513269305229187
methodA,ambiguous,ambiguous,12,8,0.4929065406322479
methodA,ambiguous,ambiguous,12,9,0.48094531893730164
methodA,ambiguous,ambiguous,12,10,0.4795300364494324
methodA,ambiguous,ambiguous,12,11,0.46373024582862854
methodA,ambiguous,ambiguous,12,12,0.4572640061378479
methodA,ambiguous,ambiguous,12,13,0.549328088760376
methodA,ambiguous,ambiguous,12,14,0.571402370929718
methodA,ambiguous,ambiguous,12,15,0.5776614546775818
methodA,ambiguous,ambiguous,12,16,0.5680664777755737
methodA,ambiguous,ambiguous,12,17,0.5654903650283813
methodA,ambiguous,ambiguous,12,18,0.5497024655342102
methodA,ambiguous,ambiguous,12,19,0.5235574245452881
methodA,polite,ambiguous,14,0,0.14339199662208557
methodA,polite,ambiguous,14,1,0.04405707120895386
methodA,polite,ambiguous,14,2,0.10378168523311615
methodA,polite,ambiguous,14,3,0.14889484643936157
methodA,polite,ambiguous,14,4,0.2036343216896057
methodA,polite,ambiguous,14,5,0.27914589643478394
methodA,polite,ambiguous,14,6,0.3446323275566101
methodA,polite,ambiguous,14,7,0.7188453078269958
methodA,polite,ambiguous,14,8,0.7209488153457642
methodA,polite,ambiguous,14,9,0.6875033378601074
methodA,polite,ambiguous,14,10,0.6830103397369385
methodA,polite,ambiguous,14,11,0.6722943186759949
methodA,polite,ambiguous,14,12,0.6751613020896912
methodA,polite,ambiguous,14,13,0.6442406177520752
methodA,polite,ambiguous,14,14,0.6698145270347595
methodA,polite,ambiguous,14,15,0.6599411964416504
methodA,polite,ambiguous,14,16,0.6490790843963623
methodA,polite,ambiguous,14,17,0.6192286014556885
methodA,polite,ambiguous,14,18,0.6108740568161011
methodA,polite,ambiguous,14,19,0.5857768058776855
methodA,truesmile,ambiguous,14,0,0.19215892255306244
methodA,truesmile,ambiguous,14,1,0.10145433992147446
methodA,truesmile,ambiguous,14,2,0.18278442323207855
methodA,truesmile,ambiguous,14,3,0.24474790692329407
methodA,truesmile,ambiguous,14,4,0.3185482323169708
methodA,truesmile,ambiguous,14,5,0.40756404399871826
methodA,truesmile,ambiguous,14,6,0.43887749314308167
methodA,truesmile,ambiguous,14,7,0.6472289562225342
methodA,truesmile,ambiguous,14,8,0.637310266494751
methodA,truesmile,ambiguous,14,9,0.6134764552116394
methodA,truesmile,ambiguous,14,10,0.5832105875015259
methodA,truesmile,ambiguous,14,11,0.5784284472465515
methodA,truesmile,ambiguous,14,12,0.6161394715309143
methodA,truesmile,ambiguous,14,13,0.6360393166542053
methodA,truesmile,ambiguous,14,14,0.6750124096870422
methodA,truesmile,ambiguous,14,15,0.6827151775360107
methodA,truesmile,ambiguous,14,16,0.6858780980110168
methodA,truesmile,ambiguous,14,17,0.6312945485115051
methodA,truesmile,ambiguous,14,18,0.6094552278518677
methodA,truesmile,ambiguous,14,19,0.5912559628486633
methodA,ambiguous,ambiguous,14,0,0.1419496238231659
methodA,ambiguous,ambiguous,14,1,0.04356244206428528
methodA,ambiguous,ambiguous,14,2,0.10161720961332321
methodA,ambiguous,ambiguous,14,3,0.1476873904466629
methodA,ambiguous,ambiguous,14,4,0.20241527259349823
methodA,ambiguous,ambiguous,14,5,0.2757737934589386
methodA,ambiguous,ambiguous,14,6,0.3359963595867157
methodA,ambiguous,ambiguous,14,7,0.6691359281539917
methodA,ambiguous,ambiguous,14,8,0.657136082649231
methodA,ambiguous,ambiguous,14,9,0.6193519830703735
methodA,ambiguous,ambiguous,14,10,0.6140832304954529
methodA,ambiguous,ambiguous,14,11,0.6055703163146973
methodA,ambiguous,ambiguous,14,12,0.6157645583152771
methodA,ambiguous,ambiguous,14,13,0.5903177857398987
methodA,ambiguous,ambiguous,14,14,0.6065142750740051
methodA,ambiguous,ambiguous,14,15,0.5970803499221802
methodA,ambiguous,ambiguous,14,16,0.6128649115562439
methodA,ambiguous,ambiguous,14,17,0.5731445550918579
methodA,ambiguous,ambiguous,14,18,0.5551493167877197
methodA,ambiguous,ambiguous,14,19,0.5366617441177368
methodA,polite,ambiguous,15,0,0.09624180942773819
methodA,polite,ambiguous,15,1,0.04627011716365814
methodA,polite,ambiguous,15,2,0.17268462479114532
methodA,polite,ambiguous,15,3,0.36089175939559937
methodA,polite,ambiguous,15,4,0.4125829339027405
methodA,polite,ambiguous,15,5,0.42877429723739624
methodA,polite,ambiguous,15,6,0.4451030492782593
methodA,polite,ambiguous,15,7,0.3839024603366852
methodA,polite,ambiguous,15,8,0.4900904595851898
methodA,polite,ambiguous,15,9,0.5352588891983032
methodA,polite,ambiguous,15,10,0.4357448220252991
methodA,polite,ambiguous,15,11,0.3951466679573059
methodA,polite,ambiguous,15,12,0.3961341381072998
methodA,polite,ambiguous,15,13,0.42601677775382996
methodA,polite,ambiguous,15,14,0.40095338225364685
methodA,polite,ambiguous,15,15,0.3827747404575348
methodA,polite,ambiguous,15,16,0.446964293718338
methodA,polite,ambiguous,15,17,0.5135177969932556
methodA,polite,ambiguous,15,18,0.5245509147644043
methodA,polite,ambiguous,15,19,0.5314903259277344
methodA,truesmile,ambiguous,15,0,0.12871582806110382
methodA,truesmile,ambiguous,15,1,0.09786363691091537
methodA,truesmile,ambiguous,15,2,0.19519254565238953
methodA,truesmile,ambiguous,15,3,0.39807066321372986
methodA,truesmile,ambiguous,15,4,0.4771891236305237
methodA,truesmile,ambiguous,15,5,0.5619210004806519
methodA,truesmile,ambiguous,15,6,0.5860663056373596
methodA,truesmile,ambiguous,15,7,0.5449331402778625
methodA,truesmile,ambiguous,15,8,0.6420742273330688
methodA,truesmile,ambiguous,15,9,0.7346834540367126
methodA,truesmile,ambiguous,15,10,0.654086709022522
methodA,truesmile,ambiguous,15,11,0.6000939011573792
methodA,truesmile,ambiguous,15,12,0.5857845544815063
methodA,truesmile,ambiguous,15,13,0.6052813529968262
methodA,truesmile,ambiguous,15,14,0.5583212375640869
methodA,truesmile,ambiguous,15,15,0.5568375587463379
methodA,truesmile,ambiguous,15,16,0.5639514923095703
methodA,truesmile,ambiguous,15,17,0.5723955631256104
methodA,truesmile,ambiguous,15,18,0.540310800075531
methodA,truesmile,ambiguous,15,19,0.5525130033493042
methodA,ambiguous,ambiguous,15,0,0.09631878137588501
methodA,ambiguous,ambiguous,15,1,0.045324377715587616
methodA,ambiguous,ambiguous,15,2,0.16931995749473572
methodA,ambiguous,ambiguous,15,3,0.358540803194046
methodA,ambiguous,ambiguous,15,4,0.4100166857242584
methodA,ambiguous,ambiguous,15,5,0.4384373128414154
methodA,ambiguous,ambiguous,15,6,0.44757387042045593
methodA,ambiguous,ambiguous,15,7,0.3905964195728302
methodA,ambiguous,ambiguous,15,8,0.4876369535923004
methodA,ambiguous,ambiguous,15,9,0.5554342269897461
methodA,ambiguous,ambiguous,15,10,0.4595046937465668
methodA,ambiguous,ambiguous,15,11,0.4140477478504181
methodA,ambiguous,ambiguous,15,12,0.4073149263858795
methodA,ambiguous,ambiguous,15,13,0.3939031958580017
methodA,ambiguous,ambiguous,15,14,0.34449946880340576
methodA,ambiguous,ambiguous,15,15,0.34403902292251587
methodA,ambiguous,ambiguous,15,16,0.40336424112319946
methodA,ambiguous,ambiguous,15,17,0.4440629780292511
methodA,ambiguous,ambiguous,15,18,0.450537770986557
methodA,ambiguous,ambiguous,15,19,0.46911850571632385
methodA,polite,ambiguous,16,0,0.0749754086136818
methodA,polite,ambiguous,16,1,0.04090060293674469
methodA,polite,ambiguous,16,2,0.12177432328462601
methodA,polite,ambiguous,16,3,0.20772244036197662
methodA,polite,ambiguous,16,4,0.394150048494339
methodA,polite,ambiguous,16,5,0.5206550359725952
methodA,polite,ambiguous,16,6,0.5750653743743896
methodA,polite,ambiguous,16,7,0.5973554849624634
methodA,polite,ambiguous,16,8,0.5773176550865173
methodA,polite,ambiguous,16,9,0.5616530776023865
methodA,polite,ambiguous,16,10,0.5150231122970581
methodA,polite,ambiguous,16,11,0.5335089564323425
methodA,polite,ambiguous,16,12,0.5334109663963318
methodA,polite,ambiguous,16,13,0.5368201732635498
methodA,polite,ambiguous,16,14,0.47262415289878845
methodA,polite,ambiguous,16,15,0.528550386428833
methodA,polite,ambiguous,16,16,0.5785733461380005
methodA,polite,ambiguous,16,17,0.5956588387489319
methodA,polite,ambiguous,16,18,0.5716875195503235
methodA,polite,ambiguous,16,19,0.5591337084770203
methodA,truesmile,ambiguous,16,0,0.11977773904800415
methodA,truesmile,ambiguous,16,1,0.10053826868534088
methodA,truesmile,ambiguous,16,2,0.18761038780212402
methodA,truesmile,ambiguous,16,3,0.27353644371032715
methodA,truesmile,ambiguous,16,4,0.4110511243343353
methodA,truesmile,ambiguous,16,5,0.5391444563865662
methodA,truesmile,ambiguous,16,6,0.5908958315849304
methodA,truesmile,ambiguous,16,7,0.6023018956184387
methodA,truesmile,ambiguous,16,8,0.5630793571472168
methodA,truesmile,ambiguous,16,9,0.5975618958473206
methodA,truesmile,ambiguous,16,10,0.5735715627670288
methodA,truesmile,ambiguous,16,11,0.5807256698608398
methodA,truesmile,ambiguous,16,12,0.6436439156532288
methodA,truesmile,ambiguous,16,13,0.6074550747871399
methodA,truesmile,ambiguous,16,14,0.5348336696624756
methodA,truesmile,ambiguous,16,15,0.5876718759536743
methodA,truesmile,ambiguous,16,16,0.6309996843338013
methodA,truesmile,ambiguous,16,17,0.6392624974250793
methodA,truesmile,ambiguous,16,18,0.6143710613250732
methodA,truesmile,ambiguous,16,19,0.612673282623291
methodA,ambiguous,ambiguous,16,0,0.07417291402816772
methodA,ambiguous,ambiguous,16,1,0.03915315493941307
methodA,ambiguous,ambiguous,16,2,0.11573182791471481
methodA,ambiguous,ambiguous,16,3,0.19645102322101593
methodA,ambiguous,ambiguous,16,4,0.3716624975204468
methodA,ambiguous,ambiguous,16,5,0.4885495901107788
methodA,ambiguous,ambiguous,16,6,0.5405220985412598
methodA,ambiguous,ambiguous,16,7,0.5482555627822876
methodA,ambiguous,ambiguous,16,8,0.5049391984939575
methodA,ambiguous,ambiguous,16,9,0.5028164386749268
methodA,ambiguous,ambiguous,16,10,0.46815213561058044
methodA,ambiguous,ambiguous,16,11,0.48935049772262573
methodA,ambiguous,ambiguous,16,12,0.508507251739502
methodA,ambiguous,ambiguous,16,13,0.5236960053443909
methodA,ambiguous,ambiguous,16,14,0.43337109684944153
methodA,ambiguous,ambiguous,16,15,0.5073007345199585
methodA,ambiguous,ambiguous,16,16,0.5421345829963684
methodA,ambiguous,ambiguous,16,17,0.5459586977958679
methodA,ambiguous,ambiguous,16,18,0.5492987632751465
methodA,ambiguous,ambiguous,16,19,0.525467038154602
methodA,polite,ambiguous,17,0,0.0636255294084549
methodA,polite,ambiguous,17,1,0.05086101219058037
methodA,polite,ambiguous,17,2,0.14600467681884766
methodA,polite,ambiguous,17,3,0.2816166281700134
methodA,polite,ambiguous,17,4,0.38027364015579224
methodA,polite,ambiguous,17,5,0.4516744315624237
methodA,polite,ambiguous,17,6,0.44697219133377075
methodA,polite,ambiguous,17,7,0.43216413259506226
methodA,polite,ambiguous,17,8,0.46406906843185425
methodA,polite,ambiguous,17,9,0.4820835292339325
methodA,polite,ambiguous,17,10,0.4766528308391571
methodA,polite,ambiguous,17,11,0.46963027119636536
methodA,polite,ambiguous,17,12,0.4895388185977936
methodA,polite,ambiguous,17,13,0.4603026211261749
methodA,polite,ambiguous,17,14,0.42118024826049805
methodA,polite,ambiguous,17,15,0.3984810411930084
methodA,polite,ambiguous,17,16,0.39574113488197327
methodA,polite,ambiguous,17,17,0.43326810002326965
methodA,polite,ambiguous,17,18,0.398539274930954
methodA,polite,ambiguous,17,19,0.3839561641216278
methodA,truesmile,ambiguous,17,0,0.11958126723766327
methodA,truesmile,ambiguous,17,1,0.10908770561218262
methodA,truesmile,ambiguous,17,2,0.2107945680618286
methodA,truesmile,ambiguous,17,3,0.3146318197250366
methodA,truesmile,ambiguous,17,4,0.3880877196788788
methodA,truesmile,ambiguous,17,5,0.4629973769187927
methodA,truesmile,ambiguous,17,6,0.4523531496524811
methodA,truesmile,ambiguous,17,7,0.4570264518260956
methodA,truesmile,ambiguous,17,8,0.5023276209831238
methodA,truesmile,ambiguous,17,9,0.515223503112793
methodA,truesmile,ambiguous,17,10,0.48140016198158264
methodA,truesmile,ambiguous,17,11,0.4917060434818268
methodA,truesmile,ambiguous,17,12,0.5271335244178772
methodA,truesmile,ambiguous,17,13,0.5341281890869141
methodA,truesmile,ambiguous,17,14,0.529504120349884
methodA,truesmile,ambiguous,17,15,0.5486856698989868
methodA,truesmile,ambiguous,17,16,0.5446844696998596
methodA,truesmile,ambiguous,17,17,0.5229455232620239
methodA,truesmile,ambiguous,17,18,0.4942096769809723
methodA,truesmile,ambiguous,17,19,0.4699397385120392
methodA,ambiguous,ambiguous,17,0,0.062422629445791245
methodA,ambiguous,ambiguous,17,1,0.04985358566045761
methodA,ambiguous,ambiguous,17,2,0.14444364607334137
methodA,ambiguous,ambiguous,17,3,0.26146435737609863
methodA,ambiguous,ambiguous,17,4,0.35225823521614075
methodA,ambiguous,ambiguous,17,5,0.41033926606178284
methodA,ambiguous,ambiguous,17,6,0.40015947818756104
methodA,ambiguous,ambiguous,17,7,0.37596839666366577
methodA,ambiguous,ambiguous,17,8,0.39500245451927185
methodA,ambiguous,ambiguous,17,9,0.4068467319011688
methodA,ambiguous,ambiguous,17,10,0.39520156383514404
methodA,ambiguous,ambiguous,17,11,0.3837687075138092
methodA,ambiguous,ambiguous,17,12,0.4217112064361572
methodA,ambiguous,ambiguous,17,13,0.39380407333374023
methodA,ambiguous,ambiguous,17,14,0.363298237323761
methodA,ambiguous,ambiguous,17,15,0.3549913763999939
methodA,ambiguous,ambiguous,17,16,0.3633795380592346
methodA,ambiguous,ambiguous,17,17,0.3900454640388489
methodA,ambiguous,ambiguous,17,18,0.34827691316604614
methodA,ambiguous,ambiguous,17,19,0.3391988277435303
methodA,polite,ambiguous,18,0,0.07926691323518753
methodA,polite,ambiguous,18,1,0.04709611460566521
methodA,polite,ambiguous,18,2,0.11506978422403336
methodA,polite,ambiguous,18,3,0.24622203409671783
methodA,polite,ambiguous,18,4,0.3497810661792755
methodA,polite,ambiguous,18,5,0.43711063265800476
methodA,polite,ambiguous,18,6,0.40156397223472595
methodA,polite,ambiguous,18,7,0.4763002097606659
methodA,polite,ambiguous,18,8,0.5188945531845093
methodA,polite,ambiguous,18,9,0.5539397597312927
methodA,polite,ambiguous,18,10,0.5729269981384277
methodA,polite,ambiguous,18,11,0.5877156853675842
methodA,polite,ambiguous,18,12,0.5904790759086609
methodA,polite,ambiguous,18,13,0.5839152336120605
methodA,polite,ambiguous,18,14,0.5887303948402405
methodA,polite,ambiguous,18,15,0.5816869139671326
methodA,polite,ambiguous,18,16,0.6003616452217102
methodA,polite,ambiguous,18,17,0.5776410102844238
methodA,polite,ambiguous,18,18,0.5664665102958679
methodA,polite,ambiguous,18,19,0.5589761137962341
methodA,truesmile,ambiguous,18,0,0.13002753257751465
methodA,truesmile,ambiguous,18,1,0.10016606748104095
methodA,truesmile,ambiguous,18,2,0.19170987606048584
methodA,truesmile,ambiguous,18,3,0.3217357099056244
methodA,truesmile,ambiguous,18,4,0.4754510223865509
methodA,truesmile,ambiguous,18,5,0.5014289021492004
methodA,truesmile,ambiguous,18,6,0.43323665857315063
methodA,truesmile,ambiguous,18,7,0.44486701488494873
methodA,truesmile,ambiguous,18,8,0.4734724462032318
methodA,truesmile,ambiguous,18,9,0.4807812571525574
methodA,truesmile,ambiguous,18,10,0.48562097549438477
methodA,truesmile,ambiguous,18,11,0.5190809965133667
methodA,truesmile,ambiguous,18,12,0.5229018330574036
methodA,truesmile,ambiguous,18,13,0.5280437469482422
methodA,truesmile,ambiguous,18,14,0.5525234341621399
methodA,truesmile,ambiguous,18,15,0.5619304776191711
methodA,truesmile,ambiguous,18,16,0.5730740427970886
methodA,truesmile,ambiguous,18,17,0.5628802180290222
methodA,truesmile,ambiguous,18,18,0.5315245389938354
methodA,truesmile,ambiguous,18,19,0.5518139004707336
methodA,ambiguous,ambiguous,18,0,0.07730080187320709
methodA,ambiguous,ambiguous,18,1,0.04645651951432228
methodA,ambiguous,ambiguous,18,2,0.11233346909284592
methodA,ambiguous,ambiguous,18,3,0.24263860285282135
methodA,ambiguous,ambiguous,18,4,0.35944679379463196
methodA,ambiguous,ambiguous,18,5,0.4407728314399719
methodA,ambiguous,ambiguous,18,6,0.37786880135536194
methodA,ambiguous,ambiguous,18,7,0.42498600482940674
methodA,ambiguous,ambiguous,18,8,0.4517688751220703
methodA,ambiguous,ambiguous,18,9,0.4720516502857208
methodA,ambiguous,ambiguous,18,10,0.49674123525619507
methodA,ambiguous,ambiguous,18,11,0.5197888016700745
methodA,ambiguous,ambiguous,18,12,0.5273839235305786
methodA,ambiguous,ambiguous,18,13,0.5258504748344421
methodA,ambiguous,ambiguous,18,14,0.5443418025970459
methodA,ambiguous,ambiguous,18,15,0.544654369354248
methodA,ambiguous,ambiguous,18,16,0.5639634132385254
methodA,ambiguous,ambiguous,18,17,0.5286410450935364
methodA,ambiguous,ambiguous,18,18,0.5150342583656311
methodA,ambiguous,ambiguous,18,19,0.517004668712616
methodA,polite,ambiguous,19,0,0.31177642941474915
methodA,polite,ambiguous,19,1,0.15339718759059906
methodA,polite,ambiguous,19,2,0.1945917308330536
methodA,polite,ambiguous,19,3,0.378223717212677
methodA,polite,ambiguous,19,4,0.3812030553817749
methodA,polite,ambiguous,19,5,0.4541335105895996
methodA,polite,ambiguous,19,6,0.5275188684463501
methodA,polite,ambiguous,19,7,0.5191138982772827
methodA,polite,ambiguous,19,8,0.5448259711265564
methodA,polite,ambiguous,19,9,0.5772702097892761
methodA,polite,ambiguous,19,10,0.5769529342651367
methodA,polite,ambiguous,19,11,0.6265366077423096
methodA,polite,ambiguous,19,12,0.6207917332649231
methodA,polite,ambiguous,19,13,0.5953834056854248
methodA,polite,ambiguous,19,14,0.603884220123291
methodA,polite,ambiguous,19,15,0.6084399223327637
methodA,polite,ambiguous,19,16,0.604425847530365
methodA,polite,ambiguous,19,17,0.6420786380767822
methodA,polite,ambiguous,19,18,0.68592369556427
methodA,polite,ambiguous,19,19,0.6651624441146851
methodA,truesmile,ambiguous,19,0,0.3487313389778137
methodA,truesmile,ambiguous,19,1,0.2046070247888565
methodA,truesmile,ambiguous,19,2,0.24379867315292358
methodA,truesmile,ambiguous,19,3,0.3931024670600891
methodA,truesmile,ambiguous,19,4,0.42740267515182495
methodA,truesmile,ambiguous,19,5,0.4701971113681793
methodA,truesmile,ambiguous,19,6,0.5639951825141907
methodA,truesmile,ambiguous,19,7,0.5392124652862549
methodA,truesmile,ambiguous,19,8,0.5559020042419434
methodA,truesmile,ambiguous,19,9,0.5704140663146973
methodA,truesmile,ambiguous,19,10,0.5490390658378601
methodA,truesmile,ambiguous,19,11,0.5911555290222168
methodA,truesmile,ambiguous,19,12,0.5757954716682434
methodA,truesmile,ambiguous,19,13,0.5617092251777649
methodA,truesmile,ambiguous,19,14,0.5828143358230591
methodA,truesmile,ambiguous,19,15,0.5763157606124878
methodA,truesmile,ambiguous,19,16,0.546812117099762
methodA,truesmile,ambiguous,19,17,0.5906901955604553
methodA,truesmile,ambiguous,19,18,0.6456366777420044
methodA,truesmile,ambiguous,19,19,0.6134504079818726
methodA,ambiguous,ambiguous,19,0,0.3107471168041229
methodA,ambiguous,ambiguous,19,1,0.15090298652648926
methodA,ambiguous,ambiguous,19,2,0.19313211739063263
methodA,ambiguous,ambiguous,19,3,0.3790808320045471
methodA,ambiguous,ambiguous,19,4,0.37318065762519836
methodA,ambiguous,ambiguous,19,5,0.43783020973205566
methodA,ambiguous,ambiguous,19,6,0.5213011503219604
methodA,ambiguous,ambiguous,19,7,0.5068854689598083
methodA,ambiguous,ambiguous,19,8,0.5179997086524963
methodA,ambiguous,ambiguous,19,9,0.5351710915565491
methodA,ambiguous,ambiguous,19,10,0.5334091782569885
methodA,ambiguous,ambiguous,19,11,0.564724862575531
methodA,ambiguous,ambiguous,19,12,0.5608419179916382
methodA,ambiguous,ambiguous,19,13,0.546028196811676
methodA,ambiguous,ambiguous,19,14,0.5659387707710266
methodA,ambiguous,ambiguous,19,15,0.5660634636878967
methodA,ambiguous,ambiguous,19,16,0.5764906406402588
methodA,ambiguous,ambiguous,19,17,0.6211040616035461
methodA,ambiguous,ambiguous,19,18,0.6462523937225342
methodA,ambiguous,ambiguous,19,19,0.6378187537193298
methodA,polite,ambiguous,2,0,0.09767626971006393
methodA,polite,ambiguous,2,1,0.18018263578414917
methodA,polite,ambiguous,2,2,0.5554088950157166
methodA,polite,ambiguous,2,3,0.5759871006011963
methodA,polite,ambiguous,2,4,0.5327487587928772
methodA,polite,ambiguous,2,5,0.5649670958518982
methodA,polite,ambiguous,2,6,0.5983820557594299
methodA,polite,ambiguous,2,7,0.6760932803153992
methodA,polite,ambiguous,2,8,0.678857684135437
methodA,polite,ambiguous,2,9,0.6856368184089661
methodA,polite,ambiguous,2,10,0.7522634267807007
methodA,polite,ambiguous,2,11,0.7625436186790466
methodA,polite,ambiguous,2,12,0.7238196730613708
methodA,polite,ambiguous,2,13,0.7129878997802734
methodA,polite,ambiguous,2,14,0.6883647441864014
methodA,polite,ambiguous,2,15,0.6623848080635071
methodA,polite,ambiguous,2,16,0.6758288145065308
methodA,polite,ambiguous,2,17,0.7680633068084717
methodA,polite,ambiguous,2,18,0.7313398718833923
methodA,polite,ambiguous,2,19,0.7467021346092224
methodA,truesmile,ambiguous,2,0,0.1379735916852951
methodA,truesmile,ambiguous,2,1,0.19092267751693726
methodA,truesmile,ambiguous,2,2,0.5697094202041626
methodA,truesmile,ambiguous,2,3,0.5879269242286682
methodA,truesmile,ambiguous,2,4,0.5566592812538147
methodA,truesmile,ambiguous,2,5,0.5915718078613281
methodA,truesmile,ambiguous,2,6,0.5692421793937683
methodA,truesmile,ambiguous,2,7,0.6453216075897217
methodA,truesmile,ambiguous,2,8,0.6423241496086121
methodA,truesmile,ambiguous,2,9,0.6434658169746399
methodA,truesmile,ambiguous,2,10,0.6846791505813599
methodA,truesmile,ambiguous,2,11,0.6987003087997437
methodA,truesmile,ambiguous,2,12,0.7003688216209412
methodA,truesmile,ambiguous,2,13,0.6745686531066895
methodA,truesmile,ambiguous,2,14,0.6613788604736328
methodA,truesmile,ambiguous,2,15,0.644344687461853
methodA,truesmile,ambiguous,2,16,0.6585709452629089
methodA,truesmile,ambiguous,2,17,0.7502877712249756
methodA,truesmile,ambiguous,2,18,0.7097384929656982
methodA,truesmile,ambiguous,2,19,0.7336960434913635
methodA,ambiguous,ambiguous,2,0,0.09639967232942581
methodA,ambiguous,ambiguous,2,1,0.18146410584449768
methodA,ambiguous,ambiguous,2,2,0.557244598865509
methodA,ambiguous,ambiguous,2,3,0.5673469305038452
methodA,ambiguous,ambiguous,2,4,0.5144223570823669
methodA,ambiguous,ambiguous,2,5,0.5366385579109192
methodA,ambiguous,ambiguous,2,6,0.5678228735923767
methodA,ambiguous,ambiguous,2,7,0.625949501991272
methodA,ambiguous,ambiguous,2,8,0.6137871146202087
methodA,ambiguous,ambiguous,2,9,0.6142239570617676
methodA,ambiguous,ambiguous,2,10,0.677013635635376
methodA,ambiguous,ambiguous,2,11,0.6975375413894653
methodA,ambiguous,ambiguous,2,12,0.6762574315071106
methodA,ambiguous,ambiguous,2,13,0.6593359708786011
methodA,ambiguous,ambiguous,2,14,0.6501169204711914
methodA,ambiguous,ambiguous,2,15,0.6339272260665894
methodA,ambiguous,ambiguous,2,16,0.6537339687347412
methodA,ambiguous,ambiguous,2,17,0.732362687587738
methodA,ambiguous,ambiguous,2,18,0.7012146711349487
methodA,ambiguous,ambiguous,2,19,0.7141961455345154
methodA,polite,ambiguous,21,0,0.09612458944320679
methodA,polite,ambiguous,21,1,0.15572889149188995
methodA,polite,ambiguous,21,2,0.2639943063259125
methodA,polite,ambiguous,21,3,0.32549670338630676
methodA,polite,ambiguous,21,4,0.37876713275909424
methodA,polite,ambiguous,21,5,0.42715364694595337
methodA,polite,ambiguous,21,6,0.44408008456230164
methodA,polite,ambiguous,21,7,0.48350316286087036
methodA,polite,ambiguous,21,8,0.5372734069824219
methodA,polite,ambiguous,21,9,0.547808825969696
methodA,polite,ambiguous,21,10,0.5899375677108765
methodA,polite,ambiguous,21,11,0.5713332295417786
methodA,polite,ambiguous,21,12,0.5818802714347839
methodA,polite,ambiguous,21,13,0.6136610507965088
methodA,polite,ambiguous,21,14,0.6307525038719177
methodA,polite,ambiguous,21,15,0.6217069029808044
methodA,polite,ambiguous,21,16,0.609255313873291
methodA,polite,ambiguous,21,17,0.6338650584220886
methodA,polite,ambiguous,21,18,0.6146608591079712
methodA,polite,ambiguous,21,19,0.63774174451828
methodA,truesmile,ambiguous,21,0,0.13074608147144318
methodA,truesmile,ambiguous,21,1,0.1850455105304718
methodA,truesmile,ambiguous,21,2,0.2707434892654419
methodA,truesmile,ambiguous,21,3,0.3978089690208435
methodA,truesmile,ambiguous,21,4,0.48545128107070923
methodA,truesmile,ambiguous,21,5,0.5572554469108582
methodA,truesmile,ambiguous,21,6,0.5855187773704529
methodA,truesmile,ambiguous,21,7,0.6115971207618713
methodA,truesmile,ambiguous,21,8,0.6468130350112915
methodA,truesmile,ambiguous,21,9,0.6374018788337708
methodA,truesmile,ambiguous,21,10,0.7016587853431702
methodA,truesmile,ambiguous,21,11,0.674071729183197
methodA,truesmile,ambiguous,21,12,0.7199357151985168
methodA,truesmile,ambiguous,21,13,0.7299616932868958
methodA,truesmile,ambiguous,21,14,0.7430476546287537
methodA,truesmile,ambiguous,21,15,0.7204271554946899
methodA,truesmile,ambiguous,21,16,0.7233307957649231
methodA,truesmile,ambiguous,21,17,0.7295057773590088
methodA,truesmile,ambiguous,21,18,0.6980931758880615
methodA,truesmile,ambiguous,21,19,0.7187548279762268
methodA,ambiguous,ambiguous,21,0,0.09611969441175461
methodA,ambiguous,ambiguous,21,1,0.15605144202709198
methodA,ambiguous,ambiguous,21,2,0.2647377848625183
methodA,ambiguous,ambiguous,21,3,0.3259473443031311
methodA,ambiguous,ambiguous,21,4,0.38657647371292114
methodA,ambiguous,ambiguous,21,5,0.43163591623306274
methodA,ambiguous,ambiguous,21,6,0.4544031023979187
methodA,ambiguous,ambiguous,21,7,0.4869805574417114
methodA,ambiguous,ambiguous,21,8,0.524323582649231
methodA,ambiguous,ambiguous,21,9,0.522104024887085
methodA,ambiguous,ambiguous,21,10,0.5618748068809509
methodA,ambiguous,ambiguous,21,11,0.547566294670105
methodA,ambiguous,ambiguous,21,12,0.5855588912963867
methodA,ambiguous,ambiguous,21,13,0.6007922291755676
methodA,ambiguous,ambiguous,21,14,0.6053683757781982
methodA,ambiguous,ambiguous,21,15,0.5998608469963074
methodA,ambiguous,ambiguous,21,16,0.6024444103240967
methodA,ambiguous,ambiguous,21,17,0.6235501170158386
methodA,ambiguous,ambiguous,21,18,0.6029406189918518
methodA,ambiguous,ambiguous,21,19,0.6232706308364868
methodA,polite,ambiguous,22,0,0.07865890860557556
methodA,polite,ambiguous,22,1,0.04683578386902809
methodA,polite,ambiguous,22,2,0.12559936940670013
methodA,polite,ambiguous,22,3,0.12778648734092712
methodA,polite,ambiguous,22,4,0.1687581092119217
methodA,polite,ambiguous,22,5,0.2558349072933197
methodA,polite,ambiguous,22,6,0.30011898279190063
methodA,polite,ambiguous,22,7,0.42072421312332153
methodA,polite,ambiguous,22,8,0.3506540060043335
methodA,polite,ambiguous,22,9,0.32011878490448
methodA,polite,ambiguous,22,10,0.34668731689453125
methodA,polite,ambiguous,22,11,0.3849954307079315
methodA,polite,ambiguous,22,12,0.4054771959781647
methodA,polite,ambiguous,22,13,0.39531344175338745
methodA,polite,ambiguous,22,14,0.39916983246803284
methodA,polite,ambiguous,22,15,0.41041240096092224
methodA,polite,ambiguous,22,16,0.3940942585468292
methodA,polite,ambiguous,22,17,0.3785155415534973
methodA,polite,ambiguous,22,18,0.3765307068824768
methodA,polite,ambiguous,22,19,0.3758581876754761
methodA,truesmile,ambiguous,22,0,0.11641760170459747
methodA,truesmile,ambiguous,22,1,0.10618441551923752
methodA,truesmile,ambiguous,22,2,0.1967765986919403
methodA,truesmile,ambiguous,22,3,0.2469632923603058
methodA,truesmile,ambiguous,22,4,0.3136751353740692
methodA,truesmile,ambiguous,22,5,0.3799855709075928
methodA,truesmile,ambiguous,22,6,0.4263785779476166
methodA,truesmile,ambiguous,22,7,0.5128558874130249
methodA,truesmile,ambiguous,22,8,0.483961284160614
methodA,truesmile,ambiguous,22,9,0.4819296598434448
methodA,truesmile,ambiguous,22,10,0.502424955368042
methodA,truesmile,ambiguous,22,11,0.522890567779541
methodA,truesmile,ambiguous,22,12,0.5514433979988098
methodA,truesmile,ambiguous,22,13,0.5544973015785217
methodA,truesmile,ambiguous,22,14,0.5524258017539978
methodA,truesmile,ambiguous,22,15,0.5790733098983765
methodA,truesmile,ambiguous,22,16,0.5801953077316284
methodA,truesmile,ambiguous,22,17,0.5734977722167969
methodA,truesmile,ambiguous,22,18,0.5503008365631104
methodA,truesmile,ambiguous,22,19,0.5538450479507446
methodA,ambiguous,ambiguous,22,0,0.07809241116046906
methodA,ambiguous,ambiguous,22,1,0.04560866206884384
methodA,ambiguous,ambiguous,22,2,0.1261143833398819
methodA,ambiguous,ambiguous,22,3,0.1334293633699417
methodA,ambiguous,ambiguous,22,4,0.17179177701473236
methodA,ambiguous,ambiguous,22,5,0.2471185177564621
methodA,ambiguous,ambiguous,22,6,0.29127299785614014
methodA,ambiguous,ambiguous,22,7,0.4245251715183258
methodA,ambiguous,ambiguous,22,8,0.34613457322120667
methodA,ambiguous,ambiguous,22,9,0.31027135252952576
methodA,ambiguous,ambiguous,22,10,0.3237791061401367
methodA,ambiguous,ambiguous,22,11,0.3684180974960327
methodA,ambiguous,ambiguous,22,12,0.38578328490257263
methodA,ambiguous,ambiguous,22,13,0.3942100703716278
methodA,ambiguous,ambiguous,22,14,0.3917425274848938
methodA,ambiguous,ambiguous,22,15,0.39733177423477173
methodA,ambiguous,ambiguous,22,16,0.3825192451477051
methodA,ambiguous,ambiguous,22,17,0.38517332077026367
methodA,ambiguous,ambiguous,22,18,0.38082557916641235
methodA,ambiguous,ambiguous,22,19,0.38123828172683716
methodA,polite,ambiguous,23,0,0.1582975685596466
methodA,polite,ambiguous,23,1,0.07716722786426544
methodA,polite,ambiguous,23,2,0.15324203670024872
methodA,polite,ambiguous,23,3,0.19727785885334015
methodA,polite,ambiguous,23,4,0.2485356479883194
methodA,polite,ambiguous,23,5,0.3052217662334442
methodA,polite,ambiguous,23,6,0.3282882571220398
methodA,polite,ambiguous,23,7,0.3289475440979004
methodA,polite,ambiguous,23,8,0.3436080515384674
methodA,polite,ambiguous,23,9,0.385752409696579
methodA,polite,ambiguous,23,10,0.4111177921295166
methodA,polite,ambiguous,23,11,0.4176580607891083
methodA,polite,ambiguous,23,12,0.43638738989830017
methodA,polite,ambiguous,23,13,0.45079517364501953
methodA,polite,ambiguous,23,14,0.4828523099422455
methodA,polite,ambiguous,23,15,0.5051345825195312
methodA,polite,ambiguous,23,16,0.5089269280433655
methodA,polite,ambiguous,23,17,0.4840186536312103
methodA,polite,ambiguous,23,18,0.4911882281303406
methodA,polite,ambiguous,23,19,0.5172719955444336
methodA,truesmile,ambiguous,23,0,0.18756568431854248
methodA,truesmile,ambiguous,23,1,0.11557086557149887
methodA,truesmile,ambiguous,23,2,0.20795530080795288
methodA,truesmile,ambiguous,23,3,0.26831504702568054
methodA,truesmile,ambiguous,23,4,0.33728736639022827
methodA,truesmile,ambiguous,23,5,0.41824379563331604
methodA,truesmile,ambiguous,23,6,0.4412699341773987
methodA,truesmile,ambiguous,23,7,0.4371470510959625
methodA,truesmile,ambiguous,23,8,0.47757238149642944
methodA,truesmile,ambiguous,23,9,0.5129628777503967
methodA,truesmile,ambiguous,23,10,0.5316663980484009
methodA,truesmile,ambiguous,23,11,0.5192911624908447
methodA,truesmile,ambiguous,23,12,0.5476891398429871
methodA,truesmile,ambiguous,23,13,0.5537608861923218
methodA,truesmile,ambiguous,23,14,0.5653631091117859
methodA,truesmile,ambiguous,23,15,0.6119429469108582
methodA,truesmile,ambiguous,23,16,0.6057470440864563
methodA,truesmile,ambiguous,23,17,0.5998607873916626
methodA,truesmile,ambiguous,23,18,0.6231242418289185
methodA,truesmile,ambiguous,23,19,0.6653348207473755
methodA,ambiguous,ambiguous,23,0,0.1549934595823288
methodA,ambiguous,ambiguous,23,1,0.07594910264015198
methodA,ambiguous,ambiguous,23,2,0.15009911358356476
methodA,ambiguous,ambiguous,23,3,0.1880171149969101
methodA,ambiguous,ambiguous,23,4,0.24192306399345398
methodA,ambiguous,ambiguous,23,5,0.2904093861579895
methodA,ambiguous,ambiguous,23,6,0.32563233375549316
methodA,ambiguous,ambiguous,23,7,0.338495671749115
methodA,ambiguous,ambiguous,23,8,0.36389222741127014
methodA,ambiguous,ambiguous,23,9,0.41304031014442444
methodA,ambiguous,ambiguous,23,10,0.431162565946579
methodA,ambiguous,ambiguous,23,11,0.4293263852596283
methodA,ambiguous,ambiguous,23,12,0.44235315918922424
methodA,ambiguous,ambiguous,23,13,0.45652884244918823
methodA,ambiguous,ambiguous,23,14,0.4923744797706604
methodA,ambiguous,ambiguous,23,15,0.5223348736763
methodA,ambiguous,ambiguous,23,16,0.518325924873352
methodA,ambiguous,ambiguous,23,17,0.4993385076522827
methodA,ambiguous,ambiguous,23,18,0.5150229930877686
methodA,ambiguous,ambiguous,23,19,0.5435547828674316
methodA,polite,ambiguous,24,0,0.25937598943710327
methodA,polite,ambiguous,24,1,0.3633590042591095
methodA,polite,ambiguous,24,2,0.39227521419525146
methodA,polite,ambiguous,24,3,0.41973888874053955
methodA,polite,ambiguous,24,4,0.4369766116142273
methodA,polite,ambiguous,24,5,0.40115582942962646
methodA,polite,ambiguous,24,6,0.4088749885559082
methodA,polite,ambiguous,24,7,0.48693418502807617
methodA,polite,ambiguous,24,8,0.4579683542251587
methodA,polite,ambiguous,24,9,0.47771039605140686
methodA,polite,ambiguous,24,10,0.4880496561527252
methodA,polite,ambiguous,24,11,0.5160524249076843
methodA,polite,ambiguous,24,12,0.5274172425270081
methodA,polite,ambiguous,24,13,0.5231161117553711
methodA,polite,ambiguous,24,14,0.5404224395751953
methodA,polite,ambiguous,24,15,0.5279069542884827
methodA,polite,ambiguous,24,16,0.5291973948478699
methodA,polite,ambiguous,24,17,0.5224846601486206
methodA,polite,ambiguous,24,18,0.5590009689331055
methodA,polite,ambiguous,24,19,0.6059130430221558
methodA,truesmile,ambiguous,24,0,0.2695530951023102
methodA,truesmile,ambiguous,24,1,0.37151530385017395
methodA,truesmile,ambiguous,24,2,0.3947974443435669
methodA,truesmile,ambiguous,24,3,0.41008004546165466
methodA,truesmile,ambiguous,24,4,0.4189419746398926
methodA,truesmile,ambiguous,24,5,0.4310471713542938
methodA,truesmile,ambiguous,24,6,0.46493539214134216
methodA,truesmile,ambiguous,24,7,0.535217821598053
methodA,truesmile,ambiguous,24,8,0.5675911903381348
methodA,truesmile,ambiguous,24,9,0.5793224573135376
methodA,truesmile,ambiguous,24,10,0.6174557209014893
methodA,truesmile,ambiguous,24,11,0.625806450843811
methodA,truesmile,ambiguous,24,12,0.6433100700378418
methodA,truesmile,ambiguous,24,13,0.6531906723976135
methodA,truesmile,ambiguous,24,14,0.6582368016242981
methodA,truesmile,ambiguous,24,15,0.6789072155952454
methodA,truesmile,ambiguous,24,16,0.6958799362182617
methodA,truesmile,ambiguous,24,17,0.654579222202301
methodA,truesmile,ambiguous,24,18,0.649222731590271
methodA,truesmile,ambiguous,24,19,0.7122893929481506
methodA,ambiguous,ambiguous,24,0,0.25744864344596863
methodA,ambiguous,ambiguous,24,1,0.3622688949108124
methodA,ambiguous,ambiguous,24,2,0.388854444026947
methodA,ambiguous,ambiguous,24,3,0.4104445278644562
methodA,ambiguous,ambiguous,24,4,0.42531079053878784
methodA,ambiguous,ambiguous,24,5,0.3940648138523102
methodA,ambiguous,ambiguous,24,6,0.4085069000720978
methodA,ambiguous,ambiguous,24,7,0.4890030324459076
methodA,ambiguous,ambiguous,24,8,0.46510300040245056
methodA,ambiguous,ambiguous,24,9,0.4827462136745453
methodA,ambiguous,ambiguous,24,10,0.4869121313095093
methodA,ambiguous,ambiguous,24,11,0.5113488435745239
methodA,ambiguous,ambiguous,24,12,0.5319940447807312
methodA,ambiguous,ambiguous,24,13,0.5158435106277466
methodA,ambiguous,ambiguous,24,14,0.5329815745353699
methodA,ambiguous,ambiguous,24,15,0.5139991641044617
methodA,ambiguous,ambiguous,24,16,0.5351211428642273
methodA,ambiguous,ambiguous,24,17,0.5249701142311096
methodA,ambiguous,ambiguous,24,18,0.5439032912254333
methodA,ambiguous,ambiguous,24,19,0.5985780954360962
methodA,polite,ambiguous,25,0,0.3668438196182251
methodA,polite,ambiguous,25,1,0.22701972723007202
methodA,polite,ambiguous,25,2,0.30156078934669495
methodA,polite,ambiguous,25,3,0.3706136643886566
methodA,polite,ambiguous,25,4,0.3754101097583771
methodA,polite,ambiguous,25,5,0.41277894377708435
methodA,polite,ambiguous,25,6,0.4424852132797241
methodA,polite,ambiguous,25,7,0.5446325540542603
methodA,polite,ambiguous,25,8,0.6291995644569397
methodA,polite,ambiguous,25,9,0.6490932106971741
methodA,polite,ambiguous,25,10,0.6824116110801697
methodA,polite,ambiguous,25,11,0.7286303043365479
methodA,polite,ambiguous,25,12,0.7343287467956543
methodA,polite,ambiguous,25,13,0.7475119829177856
methodA,polite,ambiguous,25,14,0.722644031047821
methodA,polite,ambiguous,25,15,0.6394266486167908
methodA,polite,ambiguous,25,16,0.6155927777290344
methodA,polite,ambiguous,25,17,0.6650915741920471
methodA,polite,ambiguous,25,18,0.6912376880645752
methodA,polite,ambiguous,25,19,0.710904061794281
methodA,truesmile,ambiguous,25,0,0.3878028690814972
methodA,truesmile,ambiguous,25,1,0.24678756296634674
methodA,truesmile,ambiguous,25,2,0.35314416885375977
methodA,truesmile,ambiguous,25,3,0.4046403169631958
methodA,truesmile,ambiguous,25,4,0.4368980824947357
methodA,truesmile,ambiguous,25,5,0.48587727546691895
methodA,truesmile,ambiguous,25,6,0.5241636037826538
methodA,truesmile,ambiguous,25,7,0.5957157015800476
methodA,truesmile,ambiguous,25,8,0.6454866528511047
methodA,truesmile,ambiguous,25,9,0.6785106062889099
methodA,truesmile,ambiguous,25,10,0.6948838829994202
methodA,truesmile,ambiguous,25,11,0.7419670224189758
methodA,truesmile,ambiguous,25,12,0.7705476880073547
methodA,truesmile,ambiguous,25,13,0.8311309218406677
methodA,truesmile,ambiguous,25,14,0.7969301342964172
methodA,truesmile,ambiguous,25,15,0.7696561813354492
methodA,truesmile,ambiguous,25,16,0.7652226090431213
methodA,truesmile,ambiguous,25,17,0.7674471139907837
methodA,truesmile,ambiguous,25,18,0.7540872693061829
methodA,truesmile,ambiguous,25,19,0.7536590695381165
methodA,ambiguous,ambiguous,25,0,0.36750054359436035
methodA,ambiguous,ambiguous,25,1,0.22589971125125885
methodA,ambiguous,ambiguous,25,2,0.3021268844604492
methodA,ambiguous,ambiguous,25,3,0.3719923198223114
methodA,ambiguous,ambiguous,25,4,0.3707817792892456
methodA,ambiguous,ambiguous,25,5,0.40397459268569946
methodA,ambiguous,ambiguous,25,6,0.4270704388618469
methodA,ambiguous,ambiguous,25,7,0.5114367008209229
methodA,ambiguous,ambiguous,25,8,0.579321563243866
methodA,ambiguous,ambiguous,25,9,0.5886673331260681
methodA,ambiguous,ambiguous,25,10,0.6142738461494446
methodA,ambiguous,ambiguous,25,11,0.6517983078956604
methodA,ambiguous,ambiguous,25,12,0.6744971871376038
methodA,ambiguous,ambiguous,25,13,0.6848546862602234
methodA,ambiguous,ambiguous,25,14,0.6647131443023682
methodA,ambiguous,ambiguous,25,15,0.6059057712554932
methodA,ambiguous,ambiguous,25,16,0.6018967032432556
methodA,ambiguous,ambiguous,25,17,0.642292857170105
methodA,ambiguous,ambiguous,25,18,0.6484914422035217
methodA,ambiguous,ambiguous,25,19,0.6720957159996033
methodA,polite,ambiguous,26,0,0.2212497889995575
methodA,polite,ambiguous,26,1,0.104853555560112
methodA,polite,ambiguous,26,2,0.16052761673927307
methodA,polite,ambiguous,26,3,0.6806743144989014
methodA,polite,ambiguous,26,4,0.69703608751297
methodA,polite,ambiguous,26,5,0.6507335305213928
methodA,polite,ambiguous,26,6,0.6475126147270203
methodA,polite,ambiguous,26,7,0.6613558530807495
methodA,polite,ambiguous,26,8,0.6261730790138245
methodA,polite,ambiguous,26,9,0.618363082408905
methodA,polite,ambiguous,26,10,0.6153656244277954
methodA,polite,ambiguous,26,11,0.6264935731887817
methodA,polite,ambiguous,26,12,0.6235555410385132
methodA,polite,ambiguous,26,13,0.6261236667633057
methodA,polite,ambiguous,26,14,0.5883391499519348
methodA,polite,ambiguous,26,15,0.542587399482727
methodA,polite,ambiguous,26,16,0.5902759432792664
methodA,polite,ambiguous,26,17,0.5861335396766663
methodA,polite,ambiguous,26,18,0.5451385974884033
methodA,polite,ambiguous,26,19,0.48462915420532227
methodA,truesmile,ambiguous,26,0,0.2591116428375244
methodA,truesmile,ambiguous,26,1,0.12469203025102615
methodA,truesmile,ambiguous,26,2,0.240944042801857
methodA,truesmile,ambiguous,26,3,0.6001116037368774
methodA,truesmile,ambiguous,26,4,0.6175317764282227
methodA,truesmile,ambiguous,26,5,0.5441243648529053
methodA,truesmile,ambiguous,26,6,0.5576833486557007
methodA,truesmile,ambiguous,26,7,0.5644605755805969
methodA,truesmile,ambiguous,26,8,0.5330234169960022
methodA,truesmile,ambiguous,26,9,0.5101945996284485
methodA,truesmile,ambiguous,26,10,0.5099017024040222
methodA,truesmile,ambiguous,26,11,0.5310360193252563
methodA,truesmile,ambiguous,26,12,0.5509093403816223
methodA,truesmile,ambiguous,26,13,0.5667731761932373
methodA,truesmile,ambiguous,26,14,0.5306404829025269
methodA,truesmile,ambiguous,26,15,0.5106164813041687
methodA,truesmile,ambiguous,26,16,0.6028633117675781
methodA,truesmile,ambiguous,26,17,0.613852858543396
methodA,truesmile,ambiguous,26,18,0.5540227890014648
methodA,truesmile,ambiguous,26,19,0.5566008687019348
methodA,ambiguous,ambiguous,26,0,0.21943992376327515
methodA,ambiguous,ambiguous,26,1,0.10313602536916733
methodA,ambiguous,ambiguous,26,2,0.16114570200443268
methodA,ambiguous,ambiguous,26,3,0.6676889657974243
methodA,ambiguous,ambiguous,26,4,0.6762444972991943
methodA,ambiguous,ambiguous,26,5,0.6183327436447144
methodA,ambiguous,ambiguous,26,6,0.6159850358963013
methodA,ambiguous,ambiguous,26,7,0.6167263984680176
methodA,ambiguous,ambiguous,26,8,0.5737807750701904
methodA,ambiguous,ambiguous,26,9,0.5600672960281372
methodA,ambiguous,ambiguous,26,10,0.5549864172935486
methodA,ambiguous,ambiguous,26,11,0.5719156861305237
methodA,ambiguous,ambiguous,26,12,0.5649142265319824
methodA,ambiguous,ambiguous,26,13,0.5619354248046875
methodA,ambiguous,ambiguous,26,14,0.5176010131835938
methodA,ambiguous,ambiguous,26,15,0.488488107919693
methodA,ambiguous,ambiguous,26,16,0.5383337140083313
methodA,ambiguous,ambiguous,26,17,0.5522574782371521
methodA,ambiguous,ambiguous,26,18,0.5219929218292236
methodA,ambiguous,ambiguous,26,19,0.4641072154045105
methodA,polite,ambiguous,27,0,0.06797909736633301
methodA,polite,ambiguous,27,1,0.03672488406300545
methodA,polite,ambiguous,27,2,0.06580808013677597
methodA,polite,ambiguous,27,3,0.13799850642681122
methodA,polite,ambiguous,27,4,0.180406853556633
methodA,polite,ambiguous,27,5,0.2002549022436142
methodA,polite,ambiguous,27,6,0.20308776199817657
methodA,polite,ambiguous,27,7,0.38129720091819763
methodA,polite,ambiguous,27,8,0.409431517124176
methodA,polite,ambiguous,27,9,0.3128230571746826
methodA,polite,ambiguous,27,10,0.2829437255859375
methodA,polite,ambiguous,27,11,0.2857089340686798
methodA,polite,ambiguous,27,12,0.2730775773525238
methodA,polite,ambiguous,27,13,0.2960008680820465
methodA,polite,ambiguous,27,14,0.3189295828342438
methodA,polite,ambiguous,27,15,0.31017130613327026
methodA,polite,ambiguous,27,16,0.3410504460334778
methodA,polite,ambiguous,27,17,0.34614884853363037
methodA,polite,ambiguous,27,18,0.34005385637283325
methodA,polite,ambiguous,27,19,0.34001508355140686
methodA,truesmile,ambiguous,27,0,0.10699155926704407
methodA,truesmile,ambiguous,27,1,0.09931494295597076
methodA,truesmile,ambiguous,27,2,0.15784823894500732
methodA,truesmile,ambiguous,27,3,0.2447814643383026
methodA,truesmile,ambiguous,27,4,0.3064136207103729
methodA,truesmile,ambiguous,27,5,0.3570077121257782
methodA,truesmile,ambiguous,27,6,0.3719501495361328
methodA,truesmile,ambiguous,27,7,0.4522801637649536
methodA,truesmile,ambiguous,27,8,0.47791561484336853
methodA,truesmile,ambiguous,27,9,0.4480438828468323
methodA,truesmile,ambiguous,27,10,0.4756998121738434
methodA,truesmile,ambiguous,27,11,0.46859049797058105
methodA,truesmile,ambiguous,27,12,0.4491504430770874
methodA,truesmile,ambiguous,27,13,0.4741964638233185
methodA,truesmile,ambiguous,27,14,0.4969988167285919
methodA,truesmile,ambiguous,27,15,0.5045536160469055
methodA,truesmile,ambiguous,27,16,0.5354825258255005
methodA,truesmile,ambiguous,27,17,0.545041561126709
methodA,truesmile,ambiguous,27,18,0.50614333152771
methodA,truesmile,ambiguous,27,19,0.5209601521492004
methodA,ambiguous,ambiguous,27,0,0.06875985860824585
methodA,ambiguous,ambiguous,27,1,0.03637634962797165
methodA,ambiguous,ambiguous,27,2,0.061665039509534836
methodA,ambiguous,ambiguous,27,3,0.12726907432079315
methodA,ambiguous,ambiguous,27,4,0.18419168889522552
methodA,ambiguous,ambiguous,27,5,0.19615299999713898
methodA,ambiguous,ambiguous,27,6,0.19596126675605774
methodA,ambiguous,ambiguous,27,7,0.3617786169052124
methodA,ambiguous,ambiguous,27,8,0.3881528377532959
methodA,ambiguous,ambiguous,27,9,0.30303990840911865
methodA,ambiguous,ambiguous,27,10,0.304712176322937
methodA,ambiguous,ambiguous,27,11,0.3113756775856018
methodA,ambiguous,ambiguous,27,12,0.2674313485622406
methodA,ambiguous,ambiguous,27,13,0.31667450070381165
methodA,ambiguous,ambiguous,27,14,0.3414042294025421
methodA,ambiguous,ambiguous,27,15,0.3269698917865753
methodA,ambiguous,ambiguous,27,16,0.3394928574562073
methodA,ambiguous,ambiguous,27,17,0.3431167006492615
methodA,ambiguous,ambiguous,27,18,0.34683915972709656
methodA,ambiguous,ambiguous,27,19,0.3493444323539734
methodA,polite,ambiguous,28,0,0.2513228952884674
methodA,polite,ambiguous,28,1,0.30394238233566284
methodA,polite,ambiguous,28,2,0.41579771041870117
methodA,polite,ambiguous,28,3,0.512436032295227
methodA,polite,ambiguous,28,4,0.5138168931007385
methodA,polite,ambiguous,28,5,0.518090009689331
methodA,polite,ambiguous,28,6,0.5739230513572693
methodA,polite,ambiguous,28,7,0.5741142630577087
methodA,polite,ambiguous,28,8,0.5812535285949707
methodA,polite,ambiguous,28,9,0.5752407312393188
methodA,polite,ambiguous,28,10,0.5829681158065796
methodA,polite,ambiguous,28,11,0.6554554104804993
methodA,polite,ambiguous,28,12,0.6260795593261719
methodA,polite,ambiguous,28,13,0.6507570743560791
methodA,polite,ambiguous,28,14,0.6044718623161316
methodA,polite,ambiguous,28,15,0.6558009386062622
methodA,polite,ambiguous,28,16,0.629634439945221
methodA,polite,ambiguous,28,17,0.6238112449645996
methodA,polite,ambiguous,28,18,0.6204426288604736
methodA,polite,ambiguous,28,19,0.5130770802497864
methodA,truesmile,ambiguous,28,0,0.26331064105033875
methodA,truesmile,ambiguous,28,1,0.3061724901199341
methodA,truesmile,ambiguous,28,2,0.42424336075782776
methodA,truesmile,ambiguous,28,3,0.512640655040741
methodA,truesmile,ambiguous,28,4,0.5192585587501526
methodA,truesmile,ambiguous,28,5,0.5492467880249023
methodA,truesmile,ambiguous,28,6,0.5922641754150391
methodA,truesmile,ambiguous,28,7,0.5801878571510315
methodA,truesmile,ambiguous,28,8,0.5801737904548645
methodA,truesmile,ambiguous,28,9,0.5825374126434326
methodA,truesmile,ambiguous,28,10,0.582370400428772
methodA,truesmile,ambiguous,28,11,0.658324658870697
methodA,truesmile,ambiguous,28,12,0.6413604617118835
methodA,truesmile,ambiguous,28,13,0.675896167755127
methodA,truesmile,ambiguous,28,14,0.6383211612701416
methodA,truesmile,ambiguous,28,15,0.7074382901191711
methodA,truesmile,ambiguous,28,16,0.6505911946296692
methodA,truesmile,ambiguous,28,17,0.6749378442764282
methodA,truesmile,ambiguous,28,18,0.6710367202758789
methodA,truesmile,ambiguous,28,19,0.6236401796340942
methodA,ambiguous,ambiguous,28,0,0.24775849282741547
methodA,ambiguous,ambiguous,28,1,0.3031086027622223
methodA,ambiguous,ambiguous,28,2,0.41366881132125854
methodA,ambiguous,ambiguous,28,3,0.5003277063369751
methodA,ambiguous,ambiguous,28,4,0.4974149167537689
methodA,ambiguous,ambiguous,28,5,0.4991638958454132
methodA,ambiguous,ambiguous,28,6,0.5644376873970032
methodA,ambiguous,ambiguous,28,7,0.5598533749580383
methodA,ambiguous,ambiguous,28,8,0.5611419081687927
methodA,ambiguous,ambiguous,28,9,0.5453631281852722
methodA,ambiguous,ambiguous,28,10,0.5471760630607605
methodA,ambiguous,ambiguous,28,11,0.622869074344635
methodA,ambiguous,ambiguous,28,12,0.5888119339942932
methodA,ambiguous,ambiguous,28,13,0.59340500831604
methodA,ambiguous,ambiguous,28,14,0.55633145570755
methodA,ambiguous,ambiguous,28,15,0.6033536791801453
methodA,ambiguous,ambiguous,28,16,0.5792357921600342
methodA,ambiguous,ambiguous,28,17,0.5726243853569031
methodA,ambiguous,ambiguous,28,18,0.5689811110496521
methodA,ambiguous,ambiguous,28,19,0.49330800771713257
methodA,polite,ambiguous,3,0,0.14190629124641418
methodA,polite,ambiguous,3,1,0.15359710156917572
methodA,polite,ambiguous,3,2,0.3341416120529175
methodA,polite,ambiguous,3,3,0.29450473189353943
methodA,polite,ambiguous,3,4,0.3348851501941681
methodA,polite,ambiguous,3,5,0.42128944396972656
methodA,polite,ambiguous,3,6,0.40331485867500305
methodA,polite,ambiguous,3,7,0.3651089072227478
methodA,polite,ambiguous,3,8,0.36037907004356384
methodA,polite,ambiguous,3,9,0.37410247325897217
methodA,polite,ambiguous,3,10,0.3609597086906433
methodA,polite,ambiguous,3,11,0.3491476774215698
methodA,polite,ambiguous,3,12,0.4043315649032593
methodA,polite,ambiguous,3,13,0.4338306784629822
methodA,polite,ambiguous,3,14,0.4379010796546936
methodA,polite,ambiguous,3,15,0.4681628346443176
methodA,polite,ambiguous,3,16,0.4831789433956146
methodA,polite,ambiguous,3,17,0.5373216867446899
methodA,polite,ambiguous,3,18,0.5121897459030151
methodA,polite,ambiguous,3,19,0.45196619629859924
methodA,truesmile,ambiguous,3,0,0.1497407704591751
methodA,truesmile,ambiguous,3,1,0.18431851267814636
methodA,truesmile,ambiguous,3,2,0.3758085072040558
methodA,truesmile,ambiguous,3,3,0.32286396622657776
methodA,truesmile,ambiguous,3,4,0.36947423219680786
methodA,truesmile,ambiguous,3,5,0.4663350284099579
methodA,truesmile,ambiguous,3,6,0.4488488733768463
methodA,truesmile,ambiguous,3,7,0.4396020472049713
methodA,truesmile,ambiguous,3,8,0.44723716378211975
methodA,truesmile,ambiguous,3,9,0.48582741618156433
methodA,truesmile,ambiguous,3,10,0.47407516837120056
methodA,truesmile,ambiguous,3,11,0.45937973260879517
methodA,truesmile,ambiguous,3,12,0.48811137676239014
methodA,truesmile,ambiguous,3,13,0.5486418008804321
methodA,truesmile,ambiguous,3,14,0.6144397854804993
methodA,truesmile,ambiguous,3,15,0.673524796962738
methodA,truesmile,ambiguous,3,16,0.6476683020591736
methodA,truesmile,ambiguous,3,17,0.6435496807098389
methodA,truesmile,ambiguous,3,18,0.6073576211929321
methodA,truesmile,ambiguous,3,19,0.5654939413070679
methodA,ambiguous,ambiguous,3,0,0.14299021661281586
methodA,ambiguous,ambiguous,3,1,0.15264785289764404
methodA,ambiguous,ambiguous,3,2,0.33095407485961914
methodA,ambiguous,ambiguous,3,3,0.2912638485431671
methodA,ambiguous,ambiguous,3,4,0.3307633697986603
methodA,ambiguous,ambiguous,3,5,0.4063255488872528
methodA,ambiguous,ambiguous,3,6,0.3938680589199066
methodA,ambiguous,ambiguous,3,7,0.3461102247238159
methodA,ambiguous,ambiguous,3,8,0.3659127950668335
methodA,ambiguous,ambiguous,3,9,0.3698253631591797
methodA,ambiguous,ambiguous,3,10,0.35605528950691223
methodA,ambiguous,ambiguous,3,11,0.33307963609695435
methodA,ambiguous,ambiguous,3,12,0.37878361344337463
methodA,ambiguous,ambiguous,3,13,0.4121944010257721
methodA,ambiguous,ambiguous,3,14,0.47349753975868225
methodA,ambiguous,ambiguous,3,15,0.4877467155456543
methodA,ambiguous,ambiguous,3,16,0.5013613700866699
methodA,ambiguous,ambiguous,3,17,0.5293034911155701
methodA,ambiguous,ambiguous,3,18,0.48459652066230774
methodA,ambiguous,ambiguous,3,19,0.44250503182411194
methodA,polite,ambiguous,4,0,0.09291283041238785
methodA,polite,ambiguous,4,1,0.07547300308942795
methodA,polite,ambiguous,4,2,0.15430638194084167
methodA,polite,ambiguous,4,3,0.17983387410640717
methodA,polite,ambiguous,4,4,0.25483331084251404
methodA,polite,ambiguous,4,5,0.29545465111732483
methodA,polite,ambiguous,4,6,0.3152851164340973
methodA,polite,ambiguous,4,7,0.3409685492515564
methodA,polite,ambiguous,4,8,0.37954628467559814
methodA,polite,ambiguous,4,9,0.3694079518318176
methodA,polite,ambiguous,4,10,0.31915274262428284
methodA,polite,ambiguous,4,11,0.3336813151836395
methodA,polite,ambiguous,4,12,0.34186282753944397
methodA,polite,ambiguous,4,13,0.342148095369339
methodA,polite,ambiguous,4,14,0.3742292821407318
methodA,polite,ambiguous,4,15,0.37399420142173767
methodA,polite,ambiguous,4,16,0.3884072005748749
methodA,polite,ambiguous,4,17,0.3418445289134979
methodA,polite,ambiguous,4,18,0.34154218435287476
methodA,polite,ambiguous,4,19,0.34163379669189453
methodA,truesmile,ambiguous,4,0,0.13203442096710205
methodA,truesmile,ambiguous,4,1,0.1186879426240921
methodA,truesmile,ambiguous,4,2,0.20856691896915436
methodA,truesmile,ambiguous,4,3,0.29647088050842285
methodA,truesmile,ambiguous,4,4,0.39258480072021484
methodA,truesmile,ambiguous,4,5,0.43936416506767273
methodA,truesmile,ambiguous,4,6,0.4675140976905823
methodA,truesmile,ambiguous,4,7,0.4712196886539459
methodA,truesmile,ambiguous,4,8,0.5107828974723816
methodA,truesmile,ambiguous,4,9,0.5509684085845947
methodA,truesmile,ambiguous,4,10,0.5295985341072083
methodA,truesmile,ambiguous,4,11,0.5161408185958862
methodA,truesmile,ambiguous,4,12,0.5535750389099121
methodA,truesmile,ambiguous,4,13,0.5599483847618103
methodA,truesmile,ambiguous,4,14,0.5685024261474609
methodA,truesmile,ambiguous,4,15,0.5962264537811279
methodA,truesmile,ambiguous,4,16,0.6180254817008972
methodA,truesmile,ambiguous,4,17,0.5787137746810913
methodA,truesmile,ambiguous,4,18,0.5787217020988464
methodA,truesmile,ambiguous,4,19,0.5823553204536438
methodA,ambiguous,ambiguous,4,0,0.09092960506677628
methodA,ambiguous,ambiguous,4,1,0.07326002418994904
methodA,ambiguous,ambiguous,4,2,0.149370014667511
methodA,ambiguous,ambiguous,4,3,0.1821732521057129
methodA,ambiguous,ambiguous,4,4,0.26307040452957153
methodA,ambiguous,ambiguous,4,5,0.29021579027175903
methodA,ambiguous,ambiguous,4,6,0.31248754262924194
methodA,ambiguous,ambiguous,4,7,0.33835452795028687
methodA,ambiguous,ambiguous,4,8,0.3630485534667969
methodA,ambiguous,ambiguous,4,9,0.37695521116256714
methodA,ambiguous,ambiguous,4,10,0.3290824592113495
methodA,ambiguous,ambiguous,4,11,0.3295701742172241
methodA,ambiguous,ambiguous,4,12,0.35343387722969055
methodA,ambiguous,ambiguous,4,13,0.3491381108760834
methodA,ambiguous,ambiguous,4,14,0.3715972304344177
methodA,ambiguous,ambiguous,4,15,0.4014718234539032
methodA,ambiguous,ambiguous,4,16,0.41320401430130005
methodA,ambiguous,ambiguous,4,17,0.37454673647880554
methodA,ambiguous,ambiguous,4,18,0.37345603108406067
methodA,ambiguous,ambiguous,4,19,0.3638654351234436
methodA,polite,ambiguous,5,0,0.10013137012720108
methodA,polite,ambiguous,5,1,0.12342876195907593
methodA,polite,ambiguous,5,2,0.18692797422409058
methodA,polite,ambiguous,5,3,0.2504110634326935
methodA,polite,ambiguous,5,4,0.29276689887046814
methodA,polite,ambiguous,5,5,0.30665791034698486
methodA,polite,ambiguous,5,6,0.32563507556915283
methodA,polite,ambiguous,5,7,0.3662429451942444
methodA,polite,ambiguous,5,8,0.45267170667648315
methodA,polite,ambiguous,5,9,0.45956099033355713
methodA,polite,ambiguous,5,10,0.4779168367385864
methodA,polite,ambiguous,5,11,0.4869129955768585
methodA,polite,ambiguous,5,12,0.4653318524360657
methodA,polite,ambiguous,5,13,0.5184717178344727
methodA,polite,ambiguous,5,14,0.507789671421051
methodA,polite,ambiguous,5,15,0.5369252562522888
methodA,polite,ambiguous,5,16,0.5139423608779907
methodA,polite,ambiguous,5,17,0.5031965970993042
methodA,polite,ambiguous,5,18,0.5532820224761963
methodA,polite,ambiguous,5,19,0.5295988917350769
methodA,truesmile,ambiguous,5,0,0.15673168003559113
methodA,truesmile,ambiguous,5,1,0.1576056182384491
methodA,truesmile,ambiguous,5,2,0.24325138330459595
methodA,truesmile,ambiguous,5,3,0.3364768922328949
methodA,truesmile,ambiguous,5,4,0.39172327518463135
methodA,truesmile,ambiguous,5,5,0.446254700422287
methodA,truesmile,ambiguous,5,6,0.4893229305744171
methodA,truesmile,ambiguous,5,7,0.5328978896141052
methodA,truesmile,ambiguous,5,8,0.5847510099411011
methodA,truesmile,ambiguous,5,9,0.5792660117149353
methodA,truesmile,ambiguous,5,10,0.6173657774925232
methodA,truesmile,ambiguous,5,11,0.61258864402771
methodA,truesmile,ambiguous,5,12,0.6196028590202332
methodA,truesmile,ambiguous,5,13,0.6473175287246704
methodA,truesmile,ambiguous,5,14,0.6590055823326111
methodA,truesmile,ambiguous,5,15,0.7200691103935242
methodA,truesmile,ambiguous,5,16,0.7071195840835571
methodA,truesmile,ambiguous,5,17,0.6730153560638428
methodA,truesmile,ambiguous,5,18,0.6783595681190491
methodA,truesmile,ambiguous,5,19,0.6863811016082764
methodA,ambiguous,ambiguous,5,0,0.10109865665435791
methodA,ambiguous,ambiguous,5,1,0.12387477606534958
methodA,ambiguous,ambiguous,5,2,0.1853802502155304
methodA,ambiguous,ambiguous,5,3,0.24313220381736755
methodA,ambiguous,ambiguous,5,4,0.28874170780181885
methodA,ambiguous,ambiguous,5,5,0.29172617197036743
methodA,ambiguous,ambiguous,5,6,0.3199600875377655
methodA,ambiguous,ambiguous,5,7,0.39275869727134705
methodA,ambiguous,ambiguous,5,8,0.47391003370285034
methodA,ambiguous,ambiguous,5,9,0.48182666301727295
methodA,ambiguous,ambiguous,5,10,0.4828939735889435
methodA,ambiguous,ambiguous,5,11,0.4733102023601532
methodA,ambiguous,ambiguous,5,12,0.47593197226524353
methodA,ambiguous,ambiguous,5,13,0.5275408625602722
methodA,ambiguous,ambiguous,5,14,0.51131671667099
methodA,ambiguous,ambiguous,5,15,0.5327107310295105
methodA,ambiguous,ambiguous,5,16,0.5140250325202942
methodA,ambiguous,ambiguous,5,17,0.5102089643478394
methodA,ambiguous,ambiguous,5,18,0.5673799514770508
methodA,ambiguous,ambiguous,5,19,0.5511663556098938
methodA,polite,ambiguous,6,0,0.11816489696502686
methodA,polite,ambiguous,6,1,0.09446591138839722
methodA,polite,ambiguous,6,2,0.27163830399513245
methodA,polite,ambiguous,6,3,0.3789561986923218
methodA,polite,ambiguous,6,4,0.5041496753692627
methodA,polite,ambiguous,6,5,0.6068915724754333
methodA,polite,ambiguous,6,6,0.5537090301513672
methodA,polite,ambiguous,6,7,0.5407410860061646
methodA,polite,ambiguous,6,8,0.5801010131835938
methodA,polite,ambiguous,6,9,0.551460862159729
methodA,polite,ambiguous,6,10,0.5490093231201172
methodA,polite,ambiguous,6,11,0.5858432054519653
methodA,polite,ambiguous,6,12,0.591155469417572
methodA,polite,ambiguous,6,13,0.6380247473716736
methodA,polite,ambiguous,6,14,0.688454270362854
methodA,polite,ambiguous,6,15,0.7209075093269348
methodA,polite,ambiguous,6,16,0.7282288670539856
methodA,polite,ambiguous,6,17,0.7683738470077515
methodA,polite,ambiguous,6,18,0.7804891467094421
methodA,polite,ambiguous,6,19,0.7654667496681213
methodA,truesmile,ambiguous,6,0,0.13292784988880157
methodA,truesmile,ambiguous,6,1,0.12304423749446869
methodA,truesmile,ambiguous,6,2,0.3268135190010071
methodA,truesmile,ambiguous,6,3,0.4095865786075592
methodA,truesmile,ambiguous,6,4,0.5458451509475708
methodA,truesmile,ambiguous,6,5,0.6346886157989502
methodA,truesmile,ambiguous,6,6,0.5940002202987671
methodA,truesmile,ambiguous,6,7,0.5794976949691772
methodA,truesmile,ambiguous,6,8,0.6113060712814331
methodA,truesmile,ambiguous,6,9,0.5787087082862854
methodA,truesmile,ambiguous,6,10,0.5629184246063232
methodA,truesmile,ambiguous,6,11,0.5886641144752502
methodA,truesmile,ambiguous,6,12,0.6171432733535767
methodA,truesmile,ambiguous,6,13,0.720341145992279
methodA,truesmile,ambiguous,6,14,0.7443014979362488
methodA,truesmile,ambiguous,6,15,0.7762681245803833
methodA,truesmile,ambiguous,6,16,0.7655390501022339
methodA,truesmile,ambiguous,6,17,0.7484014630317688
methodA,truesmile,ambiguous,6,18,0.7429413199424744
methodA,truesmile,ambiguous,6,19,0.7247476577758789
methodA,ambiguous,ambiguous,6,0,0.11667868494987488
methodA,ambiguous,ambiguous,6,1,0.09484992921352386
methodA,ambiguous,ambiguous,6,2,0.2673642635345459
methodA,ambiguous,ambiguous,6,3,0.3731061816215515
methodA,ambiguous,ambiguous,6,4,0.49484628438949585
methodA,ambiguous,ambiguous,6,5,0.5921176671981812
methodA,ambiguous,ambiguous,6,6,0.531152069568634
methodA,ambiguous,ambiguous,6,7,0.49567800760269165
methodA,ambiguous,ambiguous,6,8,0.5097507834434509
methodA,ambiguous,ambiguous,6,9,0.47448357939720154
methodA,ambiguous,ambiguous,6,10,0.4558451473712921
methodA,ambiguous,ambiguous,6,11,0.4965558648109436
methodA,ambiguous,ambiguous,6,12,0.5034746527671814
methodA,ambiguous,ambiguous,6,13,0.5441253185272217
methodA,ambiguous,ambiguous,6,14,0.5776967406272888
methodA,ambiguous,ambiguous,6,15,0.6152099370956421
methodA,ambiguous,ambiguous,6,16,0.633712887763977
methodA,ambiguous,ambiguous,6,17,0.6635357737541199
methodA,ambiguous,ambiguous,6,18,0.6691887974739075
methodA,ambiguous,ambiguous,6,19,0.6951438784599304
methodA,polite,ambiguous,7,0,0.15529456734657288
methodA,polite,ambiguous,7,1,0.13245375454425812
methodA,polite,ambiguous,7,2,0.32199475169181824
methodA,polite,ambiguous,7,3,0.2738564908504486
methodA,polite,ambiguous,7,4,0.27935728430747986
methodA,polite,ambiguous,7,5,0.32452794909477234
methodA,polite,ambiguous,7,6,0.3350527584552765
methodA,polite,ambiguous,7,7,0.3710559904575348
methodA,polite,ambiguous,7,8,0.4599967300891876
methodA,polite,ambiguous,7,9,0.5288147926330566
methodA,polite,ambiguous,7,10,0.5413536429405212
methodA,polite,ambiguous,7,11,0.5857546925544739
methodA,polite,ambiguous,7,12,0.5914214253425598
methodA,polite,ambiguous,7,13,0.5466393232345581
methodA,polite,ambiguous,7,14,0.5906140208244324
methodA,polite,ambiguous,7,15,0.5226964950561523
methodA,polite,ambiguous,7,16,0.5332160592079163
methodA,polite,ambiguous,7,17,0.5190683603286743
methodA,polite,ambiguous,7,18,0.4906330704689026
methodA,polite,ambiguous,7,19,0.48278483748435974
methodA,truesmile,ambiguous,7,0,0.16960182785987854
methodA,truesmile,ambiguous,7,1,0.1668674200773239
methodA,truesmile,ambiguous,7,2,0.35297584533691406
methodA,truesmile,ambiguous,7,3,0.3565223217010498
methodA,truesmile,ambiguous,7,4,0.4010789096355438
methodA,truesmile,ambiguous,7,5,0.4751291573047638
methodA,truesmile,ambiguous,7,6,0.5098540782928467
methodA,truesmile,ambiguous,7,7,0.551312267780304
methodA,truesmile,ambiguous,7,8,0.6076018214225769
methodA,truesmile,ambiguous,7,9,0.6012150645256042
methodA,truesmile,ambiguous,7,10,0.5317221283912659
methodA,truesmile,ambiguous,7,11,0.5549717545509338
methodA,truesmile,ambiguous,7,12,0.5152204036712646
methodA,truesmile,ambiguous,7,13,0.4988948702812195
methodA,truesmile,ambiguous,7,14,0.5593095421791077
methodA,truesmile,ambiguous,7,15,0.5298696160316467
methodA,truesmile,ambiguous,7,16,0.5617433786392212
methodA,truesmile,ambiguous,7,17,0.5316691994667053
methodA,truesmile,ambiguous,7,18,0.49549901485443115
methodA,truesmile,ambiguous,7,19,0.4944753050804138
methodA,ambiguous,ambiguous,7,0,0.15683907270431519
methodA,ambiguous,ambiguous,7,1,0.13184231519699097
methodA,ambiguous,ambiguous,7,2,0.31942617893218994
methodA,ambiguous,ambiguous,7,3,0.2833446264266968
methodA,ambiguous,ambiguous,7,4,0.2969247102737427
methodA,ambiguous,ambiguous,7,5,0.3326576352119446
methodA,ambiguous,ambiguous,7,6,0.35408517718315125
methodA,ambiguous,ambiguous,7,7,0.4088677763938904
methodA,ambiguous,ambiguous,7,8,0.4774283766746521
methodA,ambiguous,ambiguous,7,9,0.4999343454837799
methodA,ambiguous,ambiguous,7,10,0.48153945803642273
methodA,ambiguous,ambiguous,7,11,0.5253083109855652
methodA,ambiguous,ambiguous,7,12,0.5275865793228149
methodA,ambiguous,ambiguous,7,13,0.49509698152542114
methodA,ambiguous,ambiguous,7,14,0.5157518982887268
methodA,ambiguous,ambiguous,7,15,0.44348251819610596
methodA,ambiguous,ambiguous,7,16,0.4615698754787445
methodA,ambiguous,ambiguous,7,17,0.45801734924316406
methodA,ambiguous,ambiguous,7,18,0.43062078952789307
methodA,ambiguous,ambiguous,7,19,0.437824547290802
methodA,polite,ambiguous,8,0,0.11017324030399323
methodA,polite,ambiguous,8,1,0.08414264023303986
methodA,polite,ambiguous,8,2,0.3354330360889435
methodA,polite,ambiguous,8,3,0.42616885900497437
methodA,polite,ambiguous,8,4,0.47124940156936646
methodA,polite,ambiguous,8,5,0.501672625541687
methodA,polite,ambiguous,8,6,0.49009671807289124
methodA,polite,ambiguous,8,7,0.5096433758735657
methodA,polite,ambiguous,8,8,0.42227602005004883
methodA,polite,ambiguous,8,9,0.439908504486084
methodA,polite,ambiguous,8,10,0.3819197118282318
methodA,polite,ambiguous,8,11,0.41929560899734497
methodA,polite,ambiguous,8,12,0.41943398118019104
methodA,polite,ambiguous,8,13,0.4260503351688385
methodA,polite,ambiguous,8,14,0.4624444246292114
methodA,polite,ambiguous,8,15,0.47397950291633606
methodA,polite,ambiguous,8,16,0.45701533555984497
methodA,polite,ambiguous,8,17,0.4315047562122345
methodA,polite,ambiguous,8,18,0.43552255630493164
methodA,polite,ambiguous,8,19,0.45041346549987793
methodA,truesmile,ambiguous,8,0,0.1325932890176773
methodA,truesmile,ambiguous,8,1,0.12011744827032089
methodA,truesmile,ambiguous,8,2,0.3754410445690155
methodA,truesmile,ambiguous,8,3,0.4808081388473511
methodA,truesmile,ambiguous,8,4,0.5422503352165222
methodA,truesmile,ambiguous,8,5,0.6132965683937073
methodA,truesmile,ambiguous,8,6,0.6300842761993408
methodA,truesmile,ambiguous,8,7,0.6231473684310913
methodA,truesmile,ambiguous,8,8,0.5748552083969116
methodA,truesmile,ambiguous,8,9,0.5995181798934937
methodA,truesmile,ambiguous,8,10,0.5776832699775696
methodA,truesmile,ambiguous,8,11,0.6037896275520325
methodA,truesmile,ambiguous,8,12,0.648068904876709
methodA,truesmile,ambiguous,8,13,0.6353148221969604
methodA,truesmile,ambiguous,8,14,0.6791565418243408
methodA,truesmile,ambiguous,8,15,0.7083025574684143
methodA,truesmile,ambiguous,8,16,0.7025832533836365
methodA,truesmile,ambiguous,8,17,0.6622858643531799
methodA,truesmile,ambiguous,8,18,0.622169554233551
methodA,truesmile,ambiguous,8,19,0.6241726279258728
methodA,ambiguous,ambiguous,8,0,0.10962553322315216
methodA,ambiguous,ambiguous,8,1,0.08251140266656876
methodA,ambiguous,ambiguous,8,2,0.3323240280151367
methodA,ambiguous,ambiguous,8,3,0.428882360458374
methodA,ambiguous,ambiguous,8,4,0.47315940260887146
methodA,ambiguous,ambiguous,8,5,0.5037286281585693
methodA,ambiguous,ambiguous,8,6,0.5001855492591858
methodA,ambiguous,ambiguous,8,7,0.520723283290863
methodA,ambiguous,ambiguous,8,8,0.4414338767528534
methodA,ambiguous,ambiguous,8,9,0.4543685019016266
methodA,ambiguous,ambiguous,8,10,0.40119314193725586
methodA,ambiguous,ambiguous,8,11,0.4247521460056305
methodA,ambiguous,ambiguous,8,12,0.4681418836116791
methodA,ambiguous,ambiguous,8,13,0.4611355662345886
methodA,ambiguous,ambiguous,8,14,0.4806593954563141
methodA,ambiguous,ambiguous,8,15,0.4895440638065338
methodA,ambiguous,ambiguous,8,16,0.4711604416370392
methodA,ambiguous,ambiguous,8,17,0.4540119171142578
methodA,ambiguous,ambiguous,8,18,0.4359658360481262
methodA,ambiguous,ambiguous,8,19,0.4557799994945526
methodA,polite,ambiguous,9,0,0.20719878375530243
methodA,polite,ambiguous,9,1,0.09993164241313934
methodA,polite,ambiguous,9,2,0.21677491068840027
methodA,polite,ambiguous,9,3,0.30756014585494995
methodA,polite,ambiguous,9,4,0.35846561193466187
methodA,polite,ambiguous,9,5,0.4186394214630127
methodA,polite,ambiguous,9,6,0.46769559383392334
methodA,polite,ambiguous,9,7,0.5536091327667236
methodA,polite,ambiguous,9,8,0.5495295524597168
methodA,polite,ambiguous,9,9,0.5276349782943726
methodA,polite,ambiguous,9,10,0.5212589502334595
methodA,polite,ambiguous,9,11,0.5260100960731506
methodA,polite,ambiguous,9,12,0.5163747668266296
methodA,polite,ambiguous,9,13,0.5723554491996765
methodA,polite,ambiguous,9,14,0.5955013036727905
methodA,polite,ambiguous,9,15,0.583189845085144
methodA,polite,ambiguous,9,16,0.5833180546760559
methodA,polite,ambiguous,9,17,0.568851113319397
methodA,polite,ambiguous,9,18,0.5771656036376953
methodA,polite,ambiguous,9,19,0.6413030028343201
methodA,truesmile,ambiguous,9,0,0.21442025899887085
methodA,truesmile,ambiguous,9,1,0.13698521256446838
methodA,truesmile,ambiguous,9,2,0.27020975947380066
methodA,truesmile,ambiguous,9,3,0.35577312111854553
methodA,truesmile,ambiguous,9,4,0.3818988800048828
methodA,truesmile,ambiguous,9,5,0.4345458149909973
methodA,truesmile,ambiguous,9,6,0.46365848183631897
methodA,truesmile,ambiguous,9,7,0.5362825393676758
methodA,truesmile,ambiguous,9,8,0.5797480940818787
methodA,truesmile,ambiguous,9,9,0.5354381203651428
methodA,truesmile,ambiguous,9,10,0.5396209955215454
methodA,truesmile,ambiguous,9,11,0.5586633086204529
methodA,truesmile,ambiguous,9,12,0.5510344505310059
methodA,truesmile,ambiguous,9,13,0.6234801411628723
methodA,truesmile,ambiguous,9,14,0.6393768191337585
methodA,truesmile,ambiguous,9,15,0.6676242351531982
methodA,truesmile,ambiguous,9,16,0.6600392460823059
methodA,truesmile,ambiguous,9,17,0.6021313071250916
methodA,truesmile,ambiguous,9,18,0.5925659537315369
methodA,truesmile,ambiguous,9,19,0.6252718567848206
methodA,ambiguous,ambiguous,9,0,0.210294708609581
methodA,ambiguous,ambiguous,9,1,0.099919892847538
methodA,ambiguous,ambiguous,9,2,0.21640555560588837
methodA,ambiguous,ambiguous,9,3,0.3039412498474121
methodA,ambiguous,ambiguous,9,4,0.345005065202713
methodA,ambiguous,ambiguous,9,5,0.39251941442489624
methodA,ambiguous,ambiguous,9,6,0.43723350763320923
methodA,ambiguous,ambiguous,9,7,0.5202309489250183
methodA,ambiguous,ambiguous,9,8,0.506963849067688
methodA,ambiguous,ambiguous,9,9,0.47833678126335144
methodA,ambiguous,ambiguous,9,10,0.47634342312812805
methodA,ambiguous,ambiguous,9,11,0.4847295880317688
methodA,ambiguous,ambiguous,9,12,0.4797975420951843
methodA,ambiguous,ambiguous,9,13,0.5176958441734314
methodA,ambiguous,ambiguous,9,14,0.5439754128456116
methodA,ambiguous,ambiguous,9,15,0.5346130132675171
methodA,ambiguous,ambiguous,9,16,0.5446736216545105
methodA,ambiguous,ambiguous,9,17,0.5265466570854187
methodA,ambiguous,ambiguous,9,18,0.5297929048538208
methodA,ambiguous,ambiguous,9,19,0.5928007364273071
